Date,AADI,ADMR,ADRO,AKRA,AMMN,AMRT,ANTM,ASII,BBCA,BBNI,BBRI,BBTN,BMRI,BREN,BRPT,BUMI,CPIN,CTRA,DSSA,EMTK,EXCL,GOTO,HEAL,ICBP,INCO,INDF,INKP,ISAT,ITMG,JPFA,KLBF,MAPI,MBMA,MDKA,MEDC,NCKL,PGAS,PGEO,PTBA,SCMA,SMGR,TLKM,TOWR,UNTR,UNVR
2024-12-06,0.18169476089347592,-0.0037951001133424123,-0.017241830868439906,0.003795135613193783,-0.0026212334798741926,0.02640418120291303,-0.0033613210612585148,-0.009661920812399135,-0.017220642558018494,0.008264557473358069,0.011668704652836846,0.0,0.012121443236088849,0.12516316594230073,0.026526754333428604,-0.00722024797348702,-0.004065111017673867,-0.013730220112862276,-0.005982071677547429,0.08149303105705435,0.026317264067788514,0.026317308317373358,-0.006734063994020527,-0.006322470714460974,0.0,0.006329172718718742,-0.02426464827623513,-0.011928621119804158,0.009066265806469888,0.01360568396037865,-0.026937624273546054,-0.020979794080650177,-0.019418085857101627,-0.0052219439811517126,0.021978931267147547,0.012121315394713178,0.0344321723232173,-0.010204230559874088,-0.0036562913400819473,0.05055225638867202,-0.027069309157730592,-0.0036166969666416773,-0.013986234532546639,0.011696000204761919,-0.0026701715695574644
2024-12-09,0.18022950411392127,0.022557328596739413,0.1529076512232864,0.018762101718487,-0.021220955482885422,-0.04326801286165052,0.0033613210612584497,0.01445799646626784,0.026929481608316284,0.028399375091797522,0.018391423322633542,0.020450642152397915,0.023810550257939947,-0.020803093112805312,-0.021164811192043272,0.028573372444055948,0.0,-0.0186051862042166,0.0006664445431604468,0.0,-0.004338404130039019,0.012903404835907782,0.0,-0.00423726951614536,-0.00550966596677013,0.03411184850976689,0.0,-0.008032171697264267,0.00540045382647068,0.05520454979203846,0.013559555923079943,-0.021429395223807712,0.009756174945364656,0.005221943981151625,-0.013129283655524992,0.011976223175932846,0.02431732063544387,0.0,0.007299262900012454,0.07461080823483317,0.009104737181029495,-0.007272777438723363,0.027779549426584928,0.019486886198730704,0.013280469195368535
2024-12-10,0.07317258759740167,-0.018762228483397057,0.018484813857112575,0.007407568040070375,0.005347606326595277,0.03673199961373235,0.08673174822155283,0.0,0.0,0.01980265676414723,-0.006857308360229655,0.0,-0.011834452527848748,0.01490336418434644,0.0,0.04138521616285428,0.0040651110176739705,-0.00470586106406241,0.005978098175507963,0.07534943451132198,-0.004357190459234971,0.025317807984289786,-0.0033840723316636207,-0.00425538569377019,0.03794493447721351,-0.006116263327624521,0.017391771314919882,-0.004040358061716807,0.0008973132719622447,-0.01287022074839587,0.013378068350466015,0.014337165676224938,0.03809984623227038,0.03580945269671078,0.013129283655525004,-0.00597014463072582,-0.046091089591248115,-0.005141397489945501,0.028675841695081153,0.16805914511284295,0.0,0.010889474405364979,-0.013793314894038193,-0.010582108533250421,0.05392832330742907
2024-12-11,-0.06795058516470147,-0.015267491536054147,-0.04495134004484909,-0.014870220132176953,-0.016129381929883644,-0.026579645996831394,-0.01550422226961181,0.004773284068742987,0.007220266352206262,-0.0049140505347127295,0.004576759661153156,0.012072558128760546,0.0,-0.0059347424020525915,-0.02710192977779127,-0.020478531343540676,0.012096912778353943,-0.00947880250566041,0.052253098528816926,-0.03278974955552066,-0.022076022229599257,-0.025317807984289897,-0.0033956468992181695,0.0,-0.0026630892984539755,0.006116263327624606,-0.006920440485815297,0.004040358061716889,0.011591680362231736,-0.0025940413168358115,0.0,0.007092229547582826,-0.028437935320533514,-0.002515724597247247,-0.008733823382937812,-0.018127393939920227,0.009389787209432973,-0.00516796812713541,-0.010657334405733456,-0.0055402324001761274,0.03852328133011763,0.031974242797661506,-0.006968665621018419,-0.015185602808809864,-0.02788526723517531
2024-12-12,-0.042559647407280264,-0.023347343827738613,-0.03113084481987611,0.0,0.008097210232619303,-0.010152353616900887,0.009331333132076592,-0.028987465575168615,-0.024273098672258426,-0.039181383133354654,-0.027779579276393934,-0.016129386147962565,-0.028170894371820458,0.01522180009684854,-0.011049836186584935,0.0,-0.008048360876730599,-0.024097519557201894,0.01000633739972576,0.01652926471692312,0.008889011710658099,-0.012903404835907841,0.0,-0.010718196366673436,0.03922068773619676,0.0,0.0,0.01600034134644112,-0.0062249604945738835,0.018018547823366135,-0.033786936511288175,0.027876374310434524,0.0,-0.020356937068744085,-0.01769953133075547,0.0,0.006211202959738515,-0.005194814824637334,0.0,0.08515787822116339,-0.017595704042444427,-0.014084681755657092,-0.04286368112853616,0.006280825143329587,-0.020779930198954175
2024-12-13,0.0,-0.02390549970837079,0.019570092988992656,-0.015094585239574234,-0.01626052087178029,0.006779730759049773,-0.01875056085970741,0.004889990366209841,-0.012361129144214401,-0.031219945491159785,-0.021353136420499668,-0.016393814133195947,-0.01646130045349247,0.0,-0.011173300598125189,-0.01388911216066715,0.0,-0.009803999193182672,0.025193344731904353,-0.04184706992796333,0.004415020306429668,-0.013072081567352775,0.0,0.021322814577096783,0.01273908047242087,-0.0030534555864642258,-0.006968666924345204,0.04272499301005305,-0.006264033139620169,-0.005115112603374466,-0.006896635527869438,-0.0068965802297842735,-0.029270382300113224,-0.01033600933066206,-0.027150975538003032,0.006079023370786035,-0.006211202959738551,-0.0052219419071934245,-0.007168450596059069,-0.057758834624360364,0.0058997274079548865,-0.010695362425697328,0.007272755304485313,0.006241698420072049,-0.01854359506866813
2024-12-16,0.005420015502921574,-0.03278986413742702,0.007721998866166651,-0.026976641814326713,0.0,0.003372622857851196,-0.015898541237159905,0.0,0.004962907081416945,-0.019210840742984143,0.019002911524193603,-0.008298751003789122,0.008264566770293646,-0.011799546931155055,-0.011299555253933394,-0.028370697129215576,-0.014242380692955527,0.004913983632341109,-0.06907956040382775,-0.01724187974476113,0.0,-0.05406722127027582,-0.017153034032042647,-0.004228395830510863,-0.02564247705602859,-0.0061350251008106295,0.0034903694185584567,-0.015325969731605741,-0.003597086711975136,0.0,-0.0034661497182599233,-0.03880558116187998,-0.017982502550432357,-0.013072081567352775,-0.01851911747847606,-0.03077162230232246,-0.018868493124122147,-0.02116480267439621,-0.014493028253219218,-0.03857225762903656,-0.011834468271402467,-0.04771544677861682,-0.014598791312778697,-0.003561891159879637,-0.024358416179270884
2024-12-17,-0.035767167139970586,-0.029600480769831992,-0.03522871157646751,-0.043919248247358475,-0.016529301951210582,-0.04124297168455667,-0.03257624605274414,-0.028700664114475194,-0.02000071747759172,-0.037325937825690415,-0.023810568455227134,-0.02531786895716011,-0.020790729474235475,0.04354824524573546,0.0056657375356773,-0.029199154692262353,-0.008230527886861743,-0.014815053693635795,0.0186800922904315,-0.03540184774444544,0.004395613551953623,-0.028170876966696335,0.0,-0.02358093321267948,-0.02365420185413514,-0.009273629635737744,-0.02469256968891014,-0.015564515771067232,-0.018182361621354188,-0.05806380307394091,-0.028170931518360896,-0.021819051300825263,-0.01626052087178029,-0.03208831455150051,-0.023641610813872387,-0.012578815625312097,-0.032260877688912074,-0.03815175014757897,-0.02587940887344274,0.027702576795063983,-0.02105346684085359,-0.015151742288283079,0.0,-0.06543101287458292,-0.03626620128662041
2024-12-18,-0.0312970016675064,-0.021692768679209176,0.03137516578317655,-0.04593699801442493,-0.01680711831638129,-0.014134515568001771,0.003305846672704472,0.00400802565681193,-0.010152397626586058,-0.008988812016684914,0.0,-0.012903380360375095,-0.021232272307962177,0.01969121289018168,-0.011363758650315095,-0.02247285585205863,-0.01877009030242949,-0.040614715277555447,-0.010908032442728498,0.008968591683961505,-0.008810633858383288,0.0,0.0,-0.017505902380481803,-0.0026630892984539755,-0.02834833273316395,-0.025317835045211404,-0.04820209935563694,-0.003676434399498711,0.04775440917078488,-0.014388765913838772,0.021819051300825364,-0.016529301951210582,-0.04445176257083381,-0.014458136287157131,-0.006349203941946937,0.01626048514401146,0.0,0.0037383017310509995,-0.02770257679506404,0.026988207704301145,-0.0192684145633418,-0.029853042267757843,0.0009519682936402976,0.025246826782529794
2024-12-19,-0.035297810173849864,-0.008810697288762746,-0.019493791955149883,-0.04367511689578071,0.011236073266925752,0.0,-0.03015305629632406,-0.024292718648364072,-0.012837070909516291,-0.02746170794459377,-0.014563371830825103,-0.039740368106096664,-0.026088327864586616,-0.016854331554982074,-0.052798185566970766,-0.07878087785311434,-0.03208829284241567,0.020513537855428962,-0.035460051378869706,-0.05505977499657032,-0.008889011710658059,-0.028987536873252298,-0.020979803711748044,-0.011098872173619401,-0.04082196698508094,-0.022618092388138746,-0.011049869060594363,-0.020790821991691737,-0.0308579599595942,-0.04233432904364262,-0.04445175845446658,-0.04412481289752805,-0.06010392406970544,-0.08597885237544056,0.019231311418161364,-0.032365329558330574,-0.009724510989458889,0.06973330955380584,-0.03802739797683976,-0.07583808513553363,-0.0300323144687027,-0.015686634242741027,-0.015267464740638193,0.0009509816977523906,-0.019581136463769362
2024-12-20,-0.03348866512431394,0.017544332319008003,0.003929254145271762,0.017699529538695562,0.0055710450494554295,-0.010733536960728518,-0.03460552058269016,-0.0020512850018476005,-0.002587330078533589,-0.011668693778247528,-0.00736200034724572,0.013423110697829447,0.0,0.04161488123563414,-0.01212136053234485,-0.05908891637000644,0.012959135791161633,-0.030930297693784733,-0.0209396370832549,-0.009478722964555755,0.01769964556904135,0.014598799421152631,0.0,0.004454324156438748,-0.016807148651742636,-0.0032733448452097794,-0.022472849218943568,-0.004210478889102283,-0.030860783191278496,0.02139117222178527,-0.0346855546463683,0.02963180300984563,0.021882711249507587,-0.012461220437812002,0.03738755316134432,-0.01324517734543142,0.009724510989458878,0.01030936561708094,0.0038684557780977774,-0.024541234591178167,-0.006116232692897365,0.007874075617740778,-0.06351347768543097,-0.024051139796594317,-0.011363738058724749
2024-12-23,-0.06062463792403682,-0.026433234197663913,-0.003929254145271734,-0.008810664524627638,0.0,0.055958670596385936,0.024349014124472546,0.016293657083993184,0.012870114558671174,0.027779525073903695,0.03627969305483179,0.013245200960539532,0.026088327864586563,0.018843087801479915,0.059188871390330654,0.008658062743114531,0.03996326454415595,0.01041675983835576,-0.03897500955248743,0.03738750995831491,0.0,0.028573372444055948,0.061663405249471004,0.01543584956335212,-0.008510669922998731,0.013029512091450477,0.02985295437055827,0.0453685513826097,0.004885305658520342,0.01052643756076038,0.04223282221295925,0.0,0.012903404835907782,0.021706278581863074,0.004576626049180808,-0.006689048859059732,0.006430893683204156,-0.015504180441718245,0.0,0.012345951948665347,0.027233137723865847,0.03846627303290373,0.008163410360391006,-0.008802053678138036,0.019802646256263164
2024-12-24,0.016313622458996868,0.02643323419766392,-0.011881373828026577,-0.008888865014067915,-0.01680711831638129,-0.05595867059638588,-0.013841030237190055,-0.014242372082145639,-0.002560827519926409,0.0,-0.0023781704269001647,-0.008810689087911732,-0.012959138913332148,-0.02702867238791926,0.02833050662622599,0.0,-0.025053485033237753,0.010309368659882336,0.079769699945722,-0.056618891687436966,-0.008810633858383288,-0.04317217186520878,0.019737414379157582,0.01304367302324008,0.002844922045720728,-0.013029512091450412,-0.011090646845426336,-0.01626052087178029,-0.013739154859687425,-0.010526437560760424,0.05129325680171426,0.02877896964693764,-0.03037109787629876,-0.031155167779795576,-0.004576626049180785,-0.006734007221610219,-0.009661872228444878,-0.0052219419071934245,0.0,-0.018576346841044002,-0.033387009043772946,0.03339821620066626,0.00809710380514976,-0.009871747646549541,-0.0028050640374328263
2024-12-27,0.05661887299138106,-0.013129280157673371,0.0118813738280265,0.0,-0.06717853775671156,0.007168535874696388,0.06082951195133032,0.01019377921021562,0.005115113949305342,-0.004576660671092353,0.0085732294263652,0.004415048042845378,0.00865802739792622,0.008185584586439502,0.01662088123604028,0.0,0.006322461304102941,0.0,-0.033314206683984555,-0.0579582386497551,-0.004434658959573374,-0.07637297878457397,0.041473249709946265,-0.01304367302324011,0.016901841480759162,0.009787998831978758,0.0037105416938115043,0.008163310639160835,0.021506184699208262,-0.007968188423539599,-0.03267077833679471,-0.043485119698344774,0.0,-0.00634922767865878,0.013667631872871337,0.026668233426101494,0.02871007700483038,-0.005249353790354197,0.011516485041886909,-0.04473598406134284,0.0183491556958543,0.0036430482516918625,0.02390561104455054,0.007905178839718353,0.033152218445110584
2024-12-30,0.03603996464349171,0.05568889457646939,-0.001447632048945529,0.0,0.02388173200338738,0.01769951665403392,0.0,-0.006103789523431938,-0.012837070909516291,-0.0022961758404150823,-0.004889954588542658,0.0043956410450663895,-0.017391671401402672,0.008119124438504191,0.01092907053219023,0.01709443335930004,0.0,0.005115068205050974,0.0027063615977428457,0.012270104804634911,0.0,0.10536051565782635,0.018576397842781544,-0.004386033891519002,0.011111176854582922,0.0,0.007380105151614822,0.008097210232619303,0.032352904186138405,0.03407932758847224,0.003683275594798078,0.043485119698344746,0.008771986072837041,0.028259337314403277,-0.004535114404589024,-0.0066006594926485,0.0,-0.015915448884041904,0.04842653585917748,0.08755585886123803,-0.0030349449186483405,-0.014652312833476169,0.031010221497626913,0.052719477877540076,0.024162222632940836
2025-01-02,-0.029942379939334657,-0.029600480769831992,0.04032812875736679,0.030771605090464872,0.0,-0.010582090863866899,0.013029563925945203,0.010152382395361903,0.022989468536102484,0.05370410428146186,0.031365702139706186,0.042924999779849426,0.02597547407169557,0.02133414247499114,0.021506205220963682,0.04149973090675284,0.010449374002838081,0.015190196017976706,0.008075414005545331,0.06491951557424239,0.0,0.014184634991956381,-0.04710442160123041,-0.013274453079019888,-0.013908421225262441,-0.029656186526773317,0.003669763908979619,-0.04115807249350744,-0.01985873699072204,-0.028760153561430774,-0.014815114587061312,-0.036105011060080724,0.0,-0.012461220437812002,0.018018458069720775,0.0,0.012500169098342376,0.005333343811970663,-0.025784078702322327,0.0,-0.003044106764401626,-0.003696822287650653,-0.023167047937160172,-0.04097766098247262,-0.026883325469587705
2025-01-03,-0.04666476949047471,-0.0305034659679719,-0.028057998802800653,-0.026317178781817836,0.0029455102297567446,0.01058209086386684,-0.016313613143666784,0.0,-0.005063314971428212,-0.010952901621111509,-0.014354290585819364,-0.00421056105021652,-0.008583802670292894,0.02088848794735553,-0.005333345975362617,0.008097210232619303,-0.00416663520316908,0.005012510020747729,-0.014175060162268596,0.0,-0.008928695881111271,0.09402894964827639,0.01277970830403744,0.013274453079019895,-0.00280502128914271,0.009983436146122189,-0.018484845370074655,0.004192931458346292,0.0047641088727339714,-0.005319174027041483,-0.011257153116885542,-0.011090688712596138,0.0,0.0031298930089275656,0.01330407105816836,0.026145266431730846,-0.009360405137129716,-0.0053333438119707675,0.0074349381812833385,-0.012048245316338385,-0.003053401652225217,0.01834913512112677,0.11778306868111667,-0.004875637899105886,-0.033244070168761033
2025-01-06,-0.02254522256134597,-0.022372240315008667,-0.033060823624133075,-0.07376618954141693,-0.02381064869371856,0.0035026533116958177,-0.03685505728477472,-0.01834915850656165,-0.017926153564674228,-0.02452748949990523,-0.01212145696534411,-0.021322692094414702,-0.021787216349180644,0.012837146760680682,0.047006042375930576,-0.04115807249350744,0.006243512314379496,-0.020202706038724372,-0.01644999396995367,0.046520032490489076,0.004474343130026527,0.025317807984289786,-0.0031796287775132936,-0.017738809192262773,-0.02272822147271009,-0.023451665347691483,-0.007490669518367334,-0.016878036881848534,-0.019194406715894067,-0.013422983798245712,-0.034552377085448435,0.011090688712596195,-0.0355593020364868,-0.0317486983145803,0.004395460272587237,-0.012987146948899164,0.0725392981946847,-0.010752787379314257,-0.018692134934913528,0.012048245316338307,-0.015408678425402155,-0.022059772536648165,-0.028170861869675785,-0.006866178995961492,-0.01704587336666428
2025-01-07,0.02572484497020115,-0.022884352322561308,0.037117597929613305,0.051293307020274743,0.04706751085798573,-0.003502653311695776,-0.020690405448833944,0.012270105898034926,-0.01562535749745822,-0.01592753732003018,-0.017220524352725895,-0.004319690187490658,-0.013304056198175039,0.0737434742455492,0.015190165493975238,0.00836824967051658,0.0,0.015190196017976706,0.0,-0.04652003249048898,-0.004474343130026615,0.0,0.03135052310942861,-0.02262535692134855,-0.002877740666576981,0.010118122344637224,-0.011342235771564454,-0.00426445289027103,0.0,0.01342298379824572,0.007782107140165603,0.007326041413143056,-0.004535155165391262,-0.026145280104322245,-0.008810550788915975,-0.013158119482831788,-0.041672718193155475,-0.027398962768264687,-0.003780702388721381,-0.006005977741015074,-0.012500174617540872,-0.04563520632361331,0.0014398527351578798,0.01756142546606759,0.0198588279269616
2025-01-08,-0.009569425605867727,-0.028170853249149034,-0.02874934324610017,0.061693573108275834,-0.047067510857985856,0.010471367674597967,-0.003490377150011727,-0.022611471034868328,0.015625357497458185,0.0022909154933011067,0.012330569764183216,-0.008695652534172368,0.026433245149429425,-0.007134394113874092,-0.02030526616074557,-0.04255961441879589,0.002072572631007773,-0.0254466955259929,-0.01742811626829773,0.0,0.008928695881111266,0.0,0.01834914971879023,0.01589131929780875,-0.01451403327847498,0.0033501068569320356,-0.01532596527238511,0.0,-0.016610023221492853,-0.021564160420385208,-0.011696038623447452,-0.007326041413142935,-0.06575137756278042,-0.10462495107887226,0.0,-0.026847235619510287,0.01208474562850611,0.005540178041170888,0.0,-0.03058350216650146,-0.041739605390641074,0.030653714407903366,-0.029199141962010237,-0.026459117712711335,-0.0313863121249434
2025-01-09,-0.012903415231023539,-0.019231386796772186,-0.025317823280356422,0.004264358935599811,-0.003016593539425679,-0.028170884328631764,-0.007017606737270609,0.024641930771464957,0.01792615356467416,0.002285745177791352,-0.01233056976418323,-0.013187093001466949,0.0,-0.024155763879336038,0.0,-0.06280090123903036,-0.0062305452279103005,0.0,-0.0014074597678797173,-0.00956942962250954,-0.008928695881111271,0.0,0.0,-0.0067796925016178735,-0.0029282287547374637,0.0033389211040200143,-0.015564511171949496,0.021142489772119497,-0.0029600308299715,-0.010959039663816157,-0.003929212151416597,0.003669729551917032,0.0,-0.014815085785140587,0.0,-0.04167271863292564,0.005988044993906,-0.0055401780411709215,-0.007604558014503525,-0.031548331831485206,-0.026579578347480832,-0.011385299844561655,-0.007434998642917211,-0.007976113050869961,-0.020498464395309675
2025-01-10,0.09590036785784542,0.019231386796772106,-0.008583748965897262,0.02105343494484741,0.02092752010595582,0.007117425790166904,0.031198389336116353,-0.006103789523431938,-0.012771490049310991,-0.0068728365115074685,-0.004975245355484493,-0.008888892074957949,-0.02643324514942943,0.021766276481954505,0.010204170174241668,0.12188981760903679,-0.01680717649856702,-0.02083408554286481,-0.0049417679107789676,0.009569429622509553,0.0,0.01242251999855711,0.0,0.0045249584853854575,0.005847908014620252,0.029558778682224823,0.003913859485867469,-0.00419293145834633,-0.0009886857269265556,0.010959039663816271,-0.00790524432870563,-0.014760418264513138,0.019231361927887592,0.050920090427256946,-0.008888980541839578,0.034846691535262056,0.017751954684649865,0.0,0.026366836019801634,0.04389428378015053,0.0033613082762492443,0.022642432489689328,0.007434998642917168,0.004992478415841526,0.008836546112589083
2025-01-13,-0.014859157045518805,-0.019231386796772186,0.012848180817894204,-0.025317793880447345,0.005899722127188322,0.00353984964164129,0.010186851217344788,-0.03109062124486522,-0.005154663515363227,-0.03271321855338495,-0.04071798248733211,-0.036367652749308886,-0.01348334413523505,-0.041520005218187175,0.02506396866321622,-0.04184710993550049,-0.03448618906240737,-0.037537882555088116,0.021701936768244168,-0.04879011781654339,0.017778375147114375,-0.02500130220541727,0.009049766976368492,0.0022547340162323926,0.0,0.0,0.045809522248398855,0.004192931458346292,-0.0019802208487284074,0.01889392553945353,0.0039604337549995925,-0.0037243997738370697,-0.009569451016150672,0.04506828540170625,0.06899290929583082,-0.013793270989663662,0.0058479728860935005,0.011049831543349459,-0.030191016955424834,0.024243527958851176,-0.020339703416133142,-0.0037382819919283307,-0.037740335146834975,0.01188132688167208,0.008759220703656864
2025-01-14,0.043930934224685345,0.004842661719045087,0.004246263001019022,0.03361662851620836,-0.03593200922606333,0.0,0.026668206067429766,0.0,-0.01562535749745822,-0.019185213461169342,-0.013072110824819017,-0.028170883829443643,-0.02288424927069709,-0.03812405784173833,-0.040409538337876666,0.058107630807280757,-0.013245217990214362,-0.027702634866645412,0.0,0.07696099306646602,-0.008849679266003175,0.012578782206860185,0.011940496963118892,-0.03203934913492227,0.0703525151516779,-0.026231036064753847,-0.041910844702945635,-0.01263180010421099,0.006913641369950846,-0.002677384129683741,-0.03213123987537747,-0.007490673110269568,0.05608946665104358,0.10298481455743362,-0.00836828080724074,0.04082201585405477,-0.0356120903553714,0.0,0.0038241809356231167,0.08601289944505242,-0.04913264559107315,-0.01890415049776098,-0.007722067086061436,0.003929277810118032,0.014430181777045694
2025-01-15,0.011396143852805704,0.004819261746696243,0.01680712842734038,0.008230422229394255,0.0151288815963,0.0070422412222255195,0.006557432506077093,0.039220756090893275,0.028462428406974636,0.06559725693796999,0.07354390956491692,0.04196417963891296,0.06280083855536173,-0.06143453519998007,-0.020834086902842025,-0.01626052087178029,0.02197892842786011,0.07571181660195694,0.0048359334314163165,0.04525660807218673,0.008849679266003224,0.0,-0.005952426653966381,0.0023229142255732052,-0.008185565583233212,0.022989522805282273,0.015444317140917638,0.008438868645864604,0.013685432734499485,0.005347619010615352,0.024194724522567036,0.02963180300984563,-0.009132483563272474,-0.015408625352845068,0.004192947047441887,-0.013423056080669987,0.0,0.016349131224915235,0.018904155425804068,-0.03922069810201962,0.03533931022877164,0.00380948751952972,0.04546240223289633,0.007812539084949416,-0.0057470943169983055
2025-01-16,-0.0028369131573582305,0.009569463331030904,0.004157982920395755,-0.016529256865155245,-0.01512888159630009,-0.02847159418129963,-0.006557432506077051,-0.012220124532811566,-0.005115113949305225,0.020202711249665772,0.016970100864152033,0.009091032803651549,0.02150625796766505,0.05363215491579511,0.005249355886143745,0.016260520871780326,-0.01533439011810056,-0.015748322778133976,0.021814089253744333,-0.054559040605366815,0.0,0.0,-0.024170326323399566,0.01382511561154023,-0.01657499516467822,-0.016366942578198804,0.01897585804366066,-0.012685105423502223,0.009661933277999156,-0.013422983798245712,-0.016064633546965506,-0.007326041413142935,-0.03263692931302255,-0.006230549750636086,-0.012631739698591727,-0.006779661686057385,-0.006060627837784069,0.01075278737931436,0.00746268059399751,-0.03488728852406948,-0.010471265671948934,-0.015326008369287138,0.007380127156618255,0.0183138041481824,0.028410986281392697
2025-01-17,0.011299564554058098,-0.0047733155205304635,-0.004157982920395666,0.0,0.009104766992919067,0.024956716252034605,0.0,0.012220124532811676,0.015267511575891386,-0.006689010995951317,-0.016970100864152016,-0.018265411536089297,0.0,0.025774622688615155,-0.015831465216680628,-0.04115807249350744,0.028293525909262207,-0.010638397141292699,0.0759365660899405,0.009302432533180003,0.0,0.04879016416943204,-0.024769108935980704,-0.00919550493601376,-0.0055866169567445265,0.0032949154354106813,-0.01515180049776423,-0.03023993929353163,0.003838734135954074,0.002699063246889354,-0.008130090975601592,0.007326041413143056,-0.009523881511255479,0.006230549750636163,0.0042282979518380144,0.013513668907667638,-0.00916033286342767,-0.016172852614335067,-0.0037243788629466425,0.02915655983814502,0.0,0.026668263138040414,-0.029852949142552664,0.009505773841679123,0.0027971449379440906
2025-01-20,0.002805082367165361,-0.019324236058529932,-0.02105339142835961,0.04082193731506791,-0.003025720916536956,-0.021353174599465227,-0.006600716414581292,-0.006091395952100213,-0.02817095022188859,0.03300628261329145,0.03129013253225157,0.009174378732437935,0.021053368369856943,-0.023167059281534418,0.0,0.016667052485211643,-0.006458575642416023,0.026386719919426625,0.03198304585305074,0.018349157240566412,-0.008849679266003175,0.023530497410194036,-0.0416060013368013,-0.02810491714266156,0.002797244370679489,-0.03005238858555438,0.026366904631800293,-0.013245170241593282,-0.007692260955087733,0.05250548654514898,-0.0040900187002781115,-0.01100928749728662,0.018957913744614207,0.054394072065798764,-0.012739018905319423,-0.013513668907667541,-0.012345842000971993,-0.005449602508827499,-0.007490734255569997,0.0170944967326486,0.031090572584633488,-0.01897589842417793,0.007547131155371364,-0.017175992670521677,-0.02259979119420726
2025-01-21,-0.008438845921016201,-0.02469261259037152,-0.01716781364447994,-0.004007984073672073,-0.012195273093818243,-0.021819008793546476,0.0,0.0,-0.005208248421761609,0.025642395771532777,0.009434040170018169,0.0,0.008298859453267401,0.02570835671020703,-0.02150620522096362,0.008230499136515444,-0.004328972023140398,0.010362786362641296,0.012033839563723463,0.01801846547063701,0.008849679266003224,-0.02353049741019416,0.016207846955917565,0.04414195909663026,0.0,0.010118122344637224,0.0,0.017621600362772723,0.00864962519032905,-0.01287022074839587,0.016260552263704847,-0.022388999006409546,-0.009434032233358642,-0.02985296314968116,-0.0662494643727811,-0.006826027097663701,0.0,0.010869667743848331,0.011215113118516716,0.0,0.023530477408554608,0.007633643655424607,0.0074906921876458634,-0.010643585319339862,-0.011494358358039166
2025-01-22,0.008438845921016075,0.019802589627133577,0.004319632826585814,-0.012121354066874725,0.053744276006690614,0.06407883097001286,0.006600716414581199,0.010131916728675814,0.0026074598540297,0.010493352218693701,0.0,-0.009174378732437814,0.016393741993579954,0.0,0.010810916104215676,0.016260520871780326,0.0403880669977235,-0.01036278636264121,0.0071514011576250865,-0.008968591683961444,0.004395613551953623,0.0,-0.01620784695591754,0.03352262909565622,-0.011236093603481106,0.023218294551726665,0.007407438845686242,0.004357249847575079,0.011417865254320024,-0.013037958836040704,0.016000272556951137,0.022388999006409446,-0.014320053774748558,0.0,0.009091005823690457,-0.006872853892779674,-0.015649736984374274,0.13623045702736333,0.007407401269642209,-0.0056656935685241,-0.020134842342625255,0.0373177564045144,0.02214118546069143,0.008716802687528672,-0.020438610413627163
2025-01-23,0.01941807240459898,0.009756187745526229,0.008583748965897335,0.0,-0.02353049741019416,-0.03152628521573788,-0.019934227348987366,-0.01217065562260375,0.0,-0.029663211287008186,0.009345870207238352,0.0,0.004056828486751889,0.015113637810048106,-0.01626052087178029,0.008032171697264253,-0.018927995971655655,0.020619285870657433,-0.014354313451683167,0.0,0.013071971249831747,0.023530497410194036,-0.006557350799242138,-0.008830027592802532,-0.03448616747410321,-0.016529266590774534,-0.003696897151874706,0.012959199210728979,-0.0009464902019518207,-0.015873386409356288,-0.020040715144776386,0.007352975636060705,0.0,-0.02765153133051001,0.01793776711167749,0.0,0.04019085810805092,-0.00947873996836978,-0.0036968419513054274,-0.017192463517602227,0.013468229091170342,-0.0073529924606007616,0.014492955144235917,-0.018492050775764955,0.026202341940663072
2025-01-24,-0.002751064242233771,-0.009756187745526185,-0.017241817075248196,-0.03306088120091246,0.0059347355198145265,-0.02522654880965704,0.0,-0.0061412746886311655,-0.02638671275520578,-0.008639413149235444,-0.02591436162144225,-0.01860519288221611,-0.008130181892392174,-0.040821994520255166,-0.010989121575595206,-0.040821994520255166,0.008456633690742656,0.02519027841262205,0.038988990292784347,-0.02739903102724194,-0.008695594589273986,-0.03550668845690976,-0.006600715132813017,0.013216061484321607,-0.0633696166414112,0.0066445150421022324,0.0,0.0,-0.002844941837912177,0.07448889632425897,-0.012220109675879665,-0.022223140836926863,-0.014528100562909744,-0.003120127336243634,-0.017937767111677553,-0.027973837642482322,0.0,-0.04879014304271034,0.0,-0.017493121936826894,-0.016863864157099662,-0.00740745970317195,-0.021819014805391918,-0.013847895688503163,-0.02915656747041962
2025-01-30,0.05884049347086035,-0.009852246093296718,0.0,-0.0606246287498367,-0.05785479269817416,0.007272806430515507,-0.06588171701458224,-0.018653411092863247,-0.02162240529245511,0.006486531658416001,-0.016847499327374598,-0.04317215216394943,-0.0040899236202671385,-0.05074519900523532,0.021858793812499017,-0.01680711831638129,-0.02774993024498759,-0.010000082394645532,0.010374732825551644,0.06280087877168748,-0.008771990212511445,-0.036813973122716316,-0.07563743400024499,0.01304367302324008,-0.054413400899726135,0.009884751548672353,-0.022472849218943568,-0.017316449058304192,-0.016276058404784927,-0.009950354065529594,0.012220109675879616,0.0037383227985767794,-0.05001042057466142,-0.012578782206860073,-0.051055185034215474,-0.0071174411826696975,-0.012195279122704853,-0.025317861613661112,-0.007434938181283464,0.05158736147631239,-0.03460547345460046,-0.01876227385950296,-0.014815125799535533,-0.025215611913167617,-0.02395327416556778
2025-01-31,-0.018349126656062517,-0.004962827510311453,0.012959183380742763,-0.00896870502454895,-0.0580808380359688,0.03908133880049109,-0.003590639712818076,0.004175376032861306,0.03226094294570227,0.027631931610700773,0.0239819505715605,0.024214233174806886,-0.012371376833225345,-0.011019395249610538,-0.005420067469339145,0.0,0.010764430923341216,-0.01010109502748094,0.030493610562640598,-0.017544270699500583,0.0,0.01242251999855711,-0.007168435087373738,-0.006500569486640505,-0.01324525066214559,0.029081251530661687,0.022472849218943478,0.00869570648684942,-0.0009657707459214442,-0.0025031360939292762,0.024001148899775903,-0.04191090347776455,-0.02072613051711697,-0.009539023046758948,0.028170981151161352,0.007117441182669645,-0.01857639489886941,-0.02597547613926598,0.003724378862946719,0.011111234408488919,-0.010619623326035731,0.007547224387514446,-0.05365276446911873,0.016211092523080298,-0.012195250346436794
2025-02-03,-0.04324990531675683,-0.06155790817057273,-0.008620748097977656,-0.013605645539082306,-0.06166336710563805,0.003478286821250362,-0.007220283380939248,-0.008368258954121544,-0.010638537653247116,0.002094268982550986,0.007083844069150701,-0.0340665321358914,-0.03805954652730996,-0.07176679836967668,-0.010929070532190317,-0.02575249610241474,0.0021390722890089284,0.010101095027480897,0.10095706382240666,-0.054559040605366815,0.008771990212511557,0.0,-0.055467115179745556,-0.02420359050713851,-0.05480825161995019,-0.029081251530661656,0.0,-0.030771713707429715,0.007699750041109297,0.0025031360939292836,-0.05275059296518905,-0.003898641163899555,-0.015831465216680628,-0.07632226755963346,-0.004640455604126377,-0.0071174411826696975,-0.006269616200445017,-0.037537904007204435,-0.007462680593997552,-0.016713446432409584,-0.01795377492540061,-0.011342254768753304,-0.00790510172264109,0.00501249846093726,-0.031155231969317153
2025-02-04,-0.00832191653694467,-0.03774027325004522,0.00862074809797758,0.009090947425820695,-0.025046031926087575,0.00346614467402884,0.01438880776118219,0.00836825895412164,-0.018893883710325396,-0.016878014116761583,0.0023501961008672335,-0.004962758354802025,-0.021787216349180644,0.05500662951221158,0.01634913800152941,0.0,0.0,-0.03580948188863415,-0.004535155165391262,0.02765158977374651,0.0,0.07145896398214505,0.03731775580766371,-0.011198393736782575,-0.00706718021916705,0.009787998831978758,-0.026267881599412145,0.0044544068578075925,-0.007699750041109318,0.014888584713705242,0.040822023680600165,-0.023716531232474386,0.02624822607493641,0.033901551675681416,-0.023530525547034963,-0.014388775879441072,-0.003149567886031794,-0.005479463481067146,0.00746268059399751,0.027702576795063983,0.04255956479335232,0.0037950303812388036,0.0,0.0,-0.009538984881194148
2025-02-05,-0.014025399044477771,0.0,0.01279332854752145,0.01793782944645749,0.049480057263369716,0.01374592528648111,0.03509131034218777,-0.012578796191024547,-0.00546450836789699,-0.043485113306229416,-0.02857332778712005,-0.01000008560449359,-0.02678740033341005,-0.0028208763416413406,0.010752791776261697,0.0,0.0,-0.03713951060892535,-0.02869049246292908,0.03571800394262813,-0.008771990212511445,-0.023256862164267235,-0.011049843199462022,-0.018182303377934785,0.007067180219167123,-0.022989522805282426,-0.023077939413013757,-0.00892863023749932,0.0067404640371806325,0.029128280390376522,-0.032523152871004955,-0.0491902541191796,-0.015666116744399463,-0.01680711831638129,0.01886843568286807,0.0,0.02799557898534614,0.021739977649498338,0.011090728059480564,0.021622389468275386,0.0,-0.007604517900768619,0.0,0.005982071167981587,0.0
2025-02-06,-0.061154440101278615,-0.027856954105391348,-0.030109788755404283,0.0,-0.01739174271186922,0.010186911191597457,-0.03509131034218776,-0.04090983291550898,-0.019364298869802555,-0.04779069572431429,-0.04192967317186234,-0.025446704970062173,-0.08004274075114724,-0.00851068966790862,-0.02710192977779127,-0.017544309650909508,-0.01724186580977834,-0.061300555452069014,-0.001560468457095109,0.0087337175884929,0.008771990212511557,-0.02381064869371856,0.00369683395920651,0.004576640214112901,0.0,0.0,-0.04374457357972661,-0.01810004060224393,-0.02330194154922809,-0.014458056095564251,0.07174389294152717,0.04919025411917962,-0.026668247082161294,-0.0309835455199672,-0.038099747101029556,-0.02941386997775331,-0.04069416831453809,-0.027249631151676675,-0.02607230367605735,0.021164919044947907,-0.03894296665844912,-0.023167115825650154,0.0,-0.02925065237175363,-0.035776170411157424
2025-02-07,-0.021245093469107044,-0.017094491994733143,-0.008771991305802494,0.004434438705420775,-0.03571808260207923,-0.017036212711140315,0.02120221981252456,0.021740009193491075,0.04372269094802495,-0.0046728992307117695,0.015000257359431309,-0.005167937941544382,0.00975624174286903,-0.2224315541321201,-0.11025648627003297,-0.03603993648319693,0.0,0.06130055545206907,-0.19668766136273708,0.02575249514598069,0.0,0.0,0.0,0.03807850997962436,0.031198384853095888,0.01647486881851325,-0.016393804480950548,0.013605593999175328,0.008801980989804312,0.009661872463026532,-0.027292170785933403,0.03922072072687434,0.016086137751624444,-0.007017572658646535,0.0048426423508170025,0.0,0.006369451300534528,-0.016713473891718244,0.007518895022579227,0.06584648846306039,-0.025595525212834515,0.011650594975892697,0.0,0.015236410195517665,-0.05793784073586737
2025-02-10,-0.021706328010890386,-0.0232568180005578,-0.02678733223083254,-0.022372268151878434,0.035718082602079246,0.02377020507153047,-0.031974323072972745,-0.017354032659845243,-0.02162240529245511,-0.028505522518149178,-0.01500025735943136,-0.02094317882340195,-0.0295587873373519,-0.054858360552046743,0.0,-0.07622736538788426,0.0021715881256053077,-0.038572305993031644,-0.01790329149252725,-0.025752495145980683,-0.004376376660557933,-0.01212136053234485,-0.022388917087310525,-0.008830027592802532,-0.034725688062293994,0.01620784082530092,0.016393804480950482,-0.14518200984449783,-0.01867375212547733,0.014320087558591542,0.042559577371491034,0.0,-0.005333345975362617,0.04811924834419835,0.023867448405292768,-0.030305333329648285,0.012618469875901907,-0.022728241254981102,-0.018904155425804106,0.009756183093475469,-0.01869210297279412,-0.05965982765456566,-0.024097617290554336,-0.027594959268150178,0.054621072644677617
2025-02-11,-0.02861879541468266,-0.05439410388561405,-0.027524690565208534,0.0,-0.05037035938894967,0.013333534717474622,0.010772103260448385,0.00871466116373726,-0.00823052015234838,-0.019465308094996674,0.010025012003946846,-0.026811299223901717,-0.024292724925453535,-0.0986993752910441,-0.0061538655743782235,-0.05077232537342326,-0.015300870482098291,-0.04011995426349286,-0.01888691765399942,0.008657987827944762,-0.004395613551953606,-0.01227009259181436,-0.011385328961244433,-0.004444425486217242,-0.043328064807800375,-0.009693186838531837,-0.02469260458209865,-0.16681733113677008,-0.004972672167053662,-0.02398196002161821,-0.05448814665607987,-0.019418089569647235,0.03158157205029884,-0.02377021933391196,-0.009478779337948318,-0.03125252631203158,0.021706247138101625,-0.05310987829632362,0.0,0.019231377758502484,-0.022901785286263125,-0.050430868514960765,-0.03306084937628109,0.012358549072632542,-0.05462107264467761
2025-02-12,0.03797927808712645,0.024541140735932908,0.04100801718716507,0.0,0.057363394879920294,0.0,-0.0035778846674246875,0.006486515923051356,0.008230520152348347,0.05497198278553733,0.0049752453554845625,0.01081091913614471,0.012220127709476407,0.040656005641128964,0.012270092591814401,0.030771658666753687,0.013129282356493,0.023122414908134267,-0.03138821951001095,0.03390169712785646,0.0,0.024391453124159267,0.02636686082253111,-0.006703940716318149,0.0,0.012903416620144399,-0.025317799565336422,0.06837725832351758,0.010907386330036248,-0.004866201054497585,0.027615195820506075,0.003913900075247203,0.010309369658861287,0.033786997577383314,-0.009569426004122415,-0.02409756396802646,0.006116230050260208,0.006042388503618808,0.00760455801450355,0.05556981810305392,-0.015564531089839522,0.06669142942844146,0.024897516115129553,0.018256082742834773,-0.03571815733984028
2025-02-13,-0.012500172519778661,-0.02454114073593289,-0.013483326621956466,0.0,-0.0610602567612463,-0.050944795051222576,0.052368018325368665,0.004301086313808196,-0.016529226819611744,-0.011695989947036913,-0.009975224560981096,0.01069529208416788,0.01706006344336328,-0.02419472858705688,-0.02469261259037152,0.020000666706669435,-0.01533439011810056,-0.005730710103678629,0.018817759574798056,0.024692504433628016,0.004395613551953623,-0.024391453124159124,-0.02255736134138427,0.006703940716318017,0.025502293139875745,0.0,0.0500104041474352,-0.002877663186703669,0.00295420131351444,0.014528073517524014,0.0038834348126529188,0.01165061944736818,0.005115100666770409,0.10403072822782464,0.0,0.008097180019527528,-0.009188472193770255,0.06416191574345259,0.018762278005298064,0.008968677557121354,0.038466316376102754,-0.02449108056723161,0.0,-0.015190207112965523,0.02867584179107988
2025-02-14,0.006269617921855152,0.030583424330508417,0.013483326621956527,0.004514698113261504,0.011049836186584935,-0.01403532207557317,0.04000535854427811,0.004282666168688416,-0.002781649835926902,0.0278439878903061,-0.03312402148576929,0.03655763889834429,0.019705098222961924,0.004073325387635869,0.01242251999855711,0.019608471388376337,0.008791296041994039,0.011428695005167274,-0.05614068172877364,0.008097245121892853,0.0,0.0,-0.046701122876709,0.02637508780484922,0.0,-0.006430863568670099,-0.016393804480950548,-0.017442302018634254,0.0068594428671393875,-0.049271041006343906,0.0,-0.06789034889493731,-0.020619287202735703,-0.01204833851617448,0.028437861686990477,0.01600038394849891,0.012232575006937876,0.0,0.007407401269642209,0.0,0.05148191069060432,0.04445181935199119,0.008163333261151711,0.02220070806604236,0.03472569379179661
2025-02-17,0.030771619251940326,0.023810679555105716,0.017699588312683073,0.004494466385495761,0.02888287414878593,-0.02504601672491782,0.01620776471258466,0.01273892681257773,0.03825589720238032,0.044750199705972236,0.043099246046750396,0.015267442904123312,0.056887348766810106,0.133023133401383,0.07145896398214505,0.03809984623227038,0.004366779890597318,0.03352268969120507,0.04138521616285428,-0.016260484838597565,-0.004395613551953606,0.012270092591814401,0.042891623395562226,-0.002171497297710651,0.06611101400674942,0.009630885349895351,0.04839652547796161,0.020319965205337985,0.004870941435073419,-0.002528452348624276,-0.003883434812652926,0.0,0.0,0.08701137698962969,0.01851911747847617,0.0,0.024025192261610446,0.005633815304233424,0.0,0.0,0.0,0.0463403486506444,0.02409761729055448,-0.010030173500394117,-0.01721212024272665
2025-02-18,0.015037920662007065,0.011696054655604526,-0.008810635239179822,0.07346714941528124,0.04522509800493581,-0.021978958501279695,-0.003220589179386169,0.012578796191024685,-0.0026844586602920435,0.03863142246020803,0.029341981318070004,0.005037827936129872,0.004597740772558748,-0.028882874148786052,-0.011560822401075971,0.02765153133050995,0.012987294483252646,-0.02222313523733512,-0.019789113873972867,0.02429269086690563,0.0,-0.037271394797231655,0.055672945784220204,0.002171497297710564,0.006711446587707749,0.0031898142973132244,-0.00394473813126422,-0.0057637047167501294,0.0019416837783082432,0.010075675789494754,0.007751943384584829,0.13868341387649152,0.010362787035546658,0.0,-0.004597667892720611,0.0,0.008862731598943498,-0.022728241254981102,-0.007407401269642286,0.0,0.0035778699002492723,0.011257132645127791,-0.007968191202546375,-0.003028732207169169,0.00692047526195787
2025-02-19,-0.03647823745184566,-0.017595746469241863,-0.004434568067605933,0.004157971348465126,-0.0452250980049359,-0.08499319140725667,0.016000378091458694,-0.021053319877705617,-0.03836084754211935,-0.049632586510945785,-0.031826474373443034,-0.0306146429116065,-0.051776209261866456,-0.014760415583120573,-0.00583092031079321,0.026907452919924402,-0.0021528876110641832,-0.011299554453870046,0.0130094268885941,0.007968203435282277,-0.004415020306429812,0.012578782206860185,0.010772103964045942,0.010787657049010451,-0.03401694693772174,0.018927994590406207,0.003944738131264274,-0.01749315744751723,-0.002914027620109875,-0.012610537418381373,-0.04743971882027804,-0.00722024925667844,-0.03674954220874149,-0.028170876966696335,-0.013921449585755582,-0.02409756396802646,-0.008862731598943479,0.04495136864887778,-0.01121511311851665,0.03509134880278952,0.010657259372172073,-0.0037382819919283307,-0.040822002902121235,0.019029072186527368,-0.053109890602107815
2025-02-20,-0.054067232008677045,-0.03003228617468149,-0.022472837051802454,0.024591497610582172,0.028072018778686307,0.0239055766150272,0.06751022730472367,0.004246295184115363,0.005571058835958096,-0.013363273689029637,-0.027744533353854458,-0.005194851879782378,-0.004842657390498635,-0.0037243990909824397,-0.017699577099400975,-0.01785761740000646,-0.006486504561073821,-0.04058524008824469,-0.006141268022082465,0.015748321559682664,0.004415020306429668,0.0,0.0035650392592202424,-0.008620778348122696,0.010327175531475339,-0.0031299116300526385,-0.00394473813126422,0.031840642079009975,-0.018655417106581623,0.010101119907618061,-0.020450573255817804,0.007220249256678501,0.010638398205055797,0.03371105734231166,-0.004683747864984434,0.008097180019527528,0.0,0.027101918604229672,0.00375243252451912,-0.017391756953317294,-0.01782575534771977,0.0,0.01652924355296147,-0.018018503961602993,-0.01834912990265634
2025-02-21,0.0032626821873546256,0.012121298433213076,-0.00913248893666969,-0.004056869784526229,0.006896579059060459,-0.011881404709360534,-0.039339413621114136,0.006335713197358092,0.0,-0.036533759909474,-0.005128257266601031,-0.026386727717618085,-0.014670290437629562,0.029413885206293407,0.011834457647002798,-0.009049835519917927,0.010787547665556362,0.011764840278621883,0.026343975339601852,0.0,-0.008849679266003175,0.0,-0.0035650392592203738,-0.0043383759985984,0.04355792842656111,-0.035091335659036334,-0.00396043891361284,-0.014347484631492753,0.0019802208487282973,-0.012642358900568324,0.008230463579938193,0.028370702082513684,0.0,0.008253141756720482,-0.004705908479935366,0.0700675998719579,-0.014947928586405276,-0.021622455123162465,-0.003752432524519053,0.01739175695331733,0.003590626075298272,-0.00751885065319942,-0.024897516115129456,-0.007095778909536862,-0.0454622911099042
2025-02-24,-0.009820088102714347,-0.01823757240308773,0.0045766370388936,-0.012270194618534258,-0.05292240145434255,0.003976174190410367,0.012270152402048743,-0.010582008381473513,-0.008368388909237254,-0.023530396591788932,0.007682484569669994,-0.016172898449903203,-0.009901030672336096,-0.09097177820572676,-0.02985296314968116,-0.01834913866819654,-0.0021481554934184156,-0.01769961243452565,-0.03390155167568134,0.0,0.004434658959573316,-0.012578782206860073,0.021202221175437245,0.032088254133914904,-0.036732035523413656,0.025642453883475216,-0.016000336302828398,-0.0323082052792361,-0.0029717596790548146,0.005076100621836785,-0.008230463579938157,0.03436764931931287,-0.01600034134644119,-0.06216690641655156,-0.004728098596297968,0.0,0.0030074819533010256,0.032260849024327895,-0.007547164886781535,0.0,-0.0035906260752983426,-0.01904819114819925,-0.025533264662020213,0.017146113900036068,-0.019570187926490543
2025-02-25,-0.03685508771630055,-0.02484595065177327,-0.04196419162760692,-0.012422404555986874,-0.048246833539385435,-0.04463214180178789,-0.003053491491336898,-0.030239916365163145,-0.011267694465762732,0.0071174233579208105,-0.031090539561477056,-0.010929073630755164,-0.031331532981412814,-0.028170876966696335,-0.012195273093818243,-0.05715841383994864,-0.03501452812854351,-0.03636764140804616,-0.02514098895810198,-0.14250001327904033,-0.008889011710658059,-0.012739025777429714,-0.010544919867345619,-0.04742265921668611,-0.06680866262228805,-0.00953901548210563,-0.06669135258504481,-0.03647820719237564,-0.014992819426529445,0.0,-0.042200382982346275,-0.020478534784478756,-0.04959694113937206,-0.10438917026819447,-0.019139349808994725,-0.04616206601329296,-0.01818232876218063,-0.021391181280479638,-0.007604558014503525,-0.11886122222146724,0.003590626075298272,-0.055350126377903,-0.01739167996196715,-0.06187539826464807,-0.09531008719449131
2025-02-26,-0.024180781806281422,0.0,0.004750571739789668,0.004157971348465126,-0.007633624855071095,-0.0731509306642749,-0.003062765247749014,0.004376379170123129,-0.005681908412507877,0.0279738798434211,0.005249322860437353,-0.011049839354006942,0.010214663428577265,0.047817874350492735,0.012195273093818206,-0.019802627296179754,0.0044444115689388905,-0.006191930847581811,0.011251876797434847,0.0,0.0,-0.012903404835907841,-0.017825736395465266,-0.0756373814053083,0.04618942283343761,-0.012861925141898134,-0.03956563066908148,0.006172858864844347,-0.006060512977591457,-0.02304838512990817,0.021322731284170407,0.010291687774632387,0.0,0.03184982588709917,0.009615493936340177,0.015625359312763005,-0.012307770659895918,0.0,-0.003824180935623071,0.00966191890315309,-0.04022479319429249,0.024097505695796124,0.0,-0.004264398398035953,0.04255959083758906
2025-02-27,0.013889123200996849,0.030962224621647907,-0.019139283502098006,0.08354752929241288,0.05588045839445663,-0.022574244889486693,-0.0030721746047414275,0.0021810282165864708,-0.028903699880299706,-0.002301526993311333,-0.05101772104266263,-0.005571010429003086,-0.05429315697566632,-0.03564733873023761,-0.03077165866675366,0.0,-0.017897519225005005,0.02454110608558327,-0.0953101798043249,0.017857577044944877,0.0,-0.013072081567352775,-0.007220281979468561,-0.009569490397146467,0.027398939304024823,-0.016313540402259723,0.0,-0.024923407465170615,0.006060512977591417,-0.018301141166946467,-0.03871450801770205,-0.003418807324178935,-0.0462510176507557,-0.09186783561335207,-0.014458136287157131,-0.015625359312763085,-0.05406729099288674,-0.016349131224915332,0.0038241809356231167,-0.0492710905782916,-0.034158902782575024,-0.01197616838148846,-0.026668318620133455,0.0010678512542438494,0.0
2025-02-28,-0.07516956632122455,-0.05644134214269633,0.0,-0.05491576653561084,-0.05205636195605315,0.004555733363406064,-0.024923449997242657,-0.013158098349215688,-0.011799452320679422,-0.07410797215372185,-0.07729171781843414,-0.06939201164782782,-0.012959043870445327,-0.012170535620255179,-0.01892800988551891,-0.06187540371808753,-0.0556989262498763,-0.03704126738114134,-0.05129329438755058,-0.03603997336379456,-0.013483296815143087,-0.01324522675002068,-0.01092907739261337,0.004796144196809335,-0.017036176219822164,-0.06453856104891825,-0.17072980346120029,-0.06854235966172573,-0.04637617932312462,-0.015957823089065914,-0.05406721517997807,-0.01727158944577307,-0.03003228709887509,-0.03853366400224288,-0.029558786207643243,-0.06506355777426048,-0.016474801114525015,-0.03922069643763328,-0.011516485041886886,-0.04124290483241185,-0.10578960310570225,-0.057867306255406654,-0.06513930380464117,-0.04697754827004284,-0.16743296086513088
2025-03-03,-0.014981565877143414,0.019169899895725775,-0.00970881986258032,-0.004040265146219957,0.037457562534900415,0.0702042815417584,0.0,0.03257620420177243,0.04354817195828058,0.05550281058463712,0.08825074039030542,0.05249023337051628,0.06317887000042324,0.04391923393483558,0.04362062247589035,0.04167269640056808,0.05343900232717788,0.030962183791549247,0.047439725071560565,0.02715098800281123,0.004514682547595676,0.06453852113757116,-0.025975472166593173,0.011890819373289337,-0.0034423077775889224,0.031090631958983577,0.04980282715053937,0.07796154146971192,0.013619920156766097,0.07983651533487424,0.02739897106066426,-0.010507979410323904,0.0,0.08552217343816193,0.009950304439361507,0.033060843896067935,0.009917397082235335,0.02259982220535605,-0.0038684557780977362,0.06124367341808699,0.004282611704039659,0.021053404528152856,0.06513930380464125,0.00335013418952427,0.10289447588540997
2025-03-04,-0.06227689892866618,-0.11383516277006847,-0.07073659460441015,-0.020450634323286348,-0.12516314295400605,0.01263172497828489,-0.02880200901634802,0.002134474702978455,0.0056657521343348735,-0.009434087215427116,0.0,-0.028820482925809916,-0.012320614309998403,-0.05211600113901402,-0.02469261259037152,-0.052367985517315925,-0.03687054800651511,-0.012270091648409419,-0.05393852942272674,-0.036367622711203446,0.0,-0.03822121282019774,-0.007547241388832209,0.0,-0.053109878140051435,-0.0034071785100287908,-0.056206304351163555,-0.01892800988551891,-0.04034515565985761,0.0,0.0,-0.028573377468382847,-0.06291382541056932,-0.036732009268730006,-0.009950304439361483,-0.01639385363876056,0.0,-0.04572222945996837,-0.02750671334656444,-0.020000768585675233,-0.05715841383994864,-0.008368269958115612,-0.03670135097167204,-0.01121087813848839,-0.03160530889677966
2025-03-05,0.02381066737594876,0.041672750158968895,-0.005249321562933127,-0.004140863287295773,0.08004270767353636,0.0,0.05064373795536927,0.043802558049256896,0.016807219895871497,0.05531362907774418,0.04528060977025338,0.028820482925809954,0.004123836054948053,0.004106781952653502,-0.006269613013595374,0.0,0.11726124282193137,0.030397512389756864,0.022563406854972927,0.018349157240566412,0.02227264628463518,0.06291382541056918,-0.01912099068711232,-0.01668696357009872,0.035718147421724356,0.01355954163690027,0.05214954499379897,0.0063492276786587445,0.006479576647897642,0.043590414964605875,-0.018182355235367223,0.03208832018403544,-0.07410797215372185,0.006779686985378769,0.009950304439361507,0.07940678810240075,0.0,0.011628032853233843,0.027506713346564477,0.010050344500375325,0.02678734166958626,0.028987552681771077,0.018519097355570883,0.0654541017223918,0.02715093788577083
2025-03-06,0.06085524470274931,0.15123092233977956,0.07598591616734318,0.06038048103287084,0.030305349495328843,-0.008403361449067264,0.0030817210582215434,0.0,-0.002781649835926902,0.02873125098154094,0.028243219086128608,-0.005698059436842224,0.002055445672161526,0.036221263434318356,0.024845998586530804,0.03174869831458027,-0.08720115892876174,0.04106144625727061,0.011093616148503477,0.04445172153112098,-0.008849679266003175,0.0,0.02290177791497172,-0.004819258098090316,-0.0035149920136720884,-0.016978368712377644,0.026079644990247203,-0.02564243061333767,0.01177112506936257,0.00943399473100171,0.05358435081823231,0.006993036694671297,0.06759329113252825,-0.0033840979842405684,-0.009950304439361483,0.022642489146066137,-0.009917397082235246,0.0,0.0,0.058268956579098426,0.02608846046632276,-0.020619282723655465,-0.018519097355571015,0.05145166998898893,0.01769954447577613
2025-03-07,-0.04529071618769889,0.040120009358010675,-0.02469259163849149,0.019342987342479512,-0.022642476749759777,0.020877616505593836,0.003072174604741519,0.006103789523431854,-0.005586739073310377,-0.010952901621111509,-0.03608630994741904,-0.023122423488967758,-0.00617928172710935,0.023438572972017596,0.006116227017436054,-0.02105340919783238,-0.01839138683348341,0.011428695005167274,-0.02634882969675162,-0.06280087877168737,0.0,0.047628048989254664,0.0,0.01913932326654705,0.08759805312538628,-0.006872850631527951,0.06701078252480508,0.0,0.008474533785831124,-0.004705842486251754,0.008658025269980555,0.013841053769635932,0.012987195526811112,0.03660974561256102,0.0049874966369786,0.06500486437716577,0.0033167095185787023,-0.029327602010258233,-0.011696083676315453,-0.02871012940433528,0.01279330961382341,0.004157965525128602,0.0,-0.03573635902550522,0.051293311514953796
2025-03-10,0.030420541628380923,-0.034289044195796904,-0.04342963941902847,-0.011560816519762056,-0.03495501503357662,0.008230450542354334,-0.08980392282629421,-0.03299271923376732,0.0,-0.0200229836828809,-0.013210261416760898,0.0,-0.02722667873976084,-0.03937516523483017,-0.01227009259181436,0.0816780310142671,0.04757416969500988,-0.01719236308538807,0.12316228477611943,0.018349157240566412,0.008849679266003224,-0.011696039763191298,0.00751877535950893,0.004728113472688764,-0.10178271429515026,0.04054606206910571,-0.052268457019615,0.0,0.006309239837381371,0.027908794149603757,-0.07145899191350968,0.01703619001016245,-0.046212843155131564,-0.0887954987831312,0.014815078349504959,-0.06500486437716563,-0.01669484211529838,-0.018018574095931408,-0.015810629670248884,0.0,0.03333645188396462,-0.008333402135277635,-0.0188684759113262,-0.016771880111721166,-0.016807087061290266
2025-03-11,-0.015094638669800292,0.0057970879855825715,-0.03453190978966612,-0.007782170822717585,-0.02400115209954301,-0.05043086935787982,0.019934227348987404,0.006269619961702165,0.0,0.0,0.007947124769857736,-0.011764844721361068,0.006349178317599425,-0.01212136053234485,-0.012422519998557209,-0.02985296314968116,-0.04757416969500985,-0.029327649158760426,-0.019502243231441122,-0.018349157240566363,-0.004415020306429812,-0.060624621816434854,-0.03428909599057253,-0.016647183204456708,-0.07410792449668821,-0.037103767000761484,-0.05103656020523499,-0.0163669355025015,0.00209426495409789,-0.02790879414960378,-0.018692170128495587,-0.010186847009846333,-0.03436764350420777,-0.06644509940815274,-0.019802574986483638,0.014815125118748334,-0.02385118130815222,-0.01219526838066208,-0.007999999523321243,-0.034571330282907764,-0.04612976149778811,-0.00840343171978975,-0.028987554482214278,0.002111933012607334,0.008438907579540453
2025-03-12,-0.011472370727867323,0.0,0.0,0.019342987342479512,0.03968774826724254,0.03390156233779535,0.016313613143666875,0.002081168500599995,0.022161628943081654,0.017817882456849995,0.02604304834010129,0.0058997618561174294,0.029108123977844073,0.0,-0.006269613013595374,-0.020408871631207123,0.01153422206380989,0.0059347721559038355,0.10841929016415132,-0.01869215228536694,0.004415020306429668,0.0368139731227164,0.0,0.046846977906807225,-0.019418072774779003,0.027120330854639222,-0.012396930349529508,0.009852254481307832,-0.0264986965909801,0.0,0.009389817480006135,0.06283058902408911,-0.021202207650602937,0.015151805020602246,0.0,-0.02230576883696929,0.04054602342345046,0.0,-0.004024128466898563,-0.03580952708046627,0.004282611704039659,0.03319815105359411,0.0,-0.014878062675289351,-0.03419141135583936
2025-03-13,0.011472370727867326,0.03409418321921991,0.00807543786567939,-0.10493487466866318,0.003883500026397612,0.0,-0.006493560921071333,-0.01677190025995445,-0.016574889869771365,0.0,-0.023408054991807065,-0.023810654209207777,-0.029108123977844035,-0.01227009259181436,0.006269613013595395,-0.03141619623337893,0.004576625716400505,-0.011904901174193053,0.03599360264790545,-0.01904815258706528,-0.008849679266003175,-0.024391453124159124,0.007722082789197536,0.0068415370179549856,-0.007874070643434787,-0.02368977529145549,-0.002081145085334272,0.0,0.005356211623754737,0.0,0.013921336365665983,-0.04255962127893434,-0.014388737452099556,0.007490671729157659,0.0,0.0074906437182209315,0.029365953789685227,-0.012345830992046095,-0.012170581357345599,-0.021053337102221074,-0.0042826117040397575,-0.008196787111202159,0.009756140240322222,-0.012931213481690866,0.09134977050324279
2025-03-14,-0.015325902958580643,-0.011236015865116017,-0.029934244505221717,-0.030239946292685026,-0.04357124829364019,-0.016807123557081378,0.03520360263939049,-0.023530409323898775,-0.02538917676783268,-0.02232238827387421,-0.01324525678768686,-0.012121363390982593,0.0,-0.008264509849893424,-0.025317807984289897,-0.02150620522096362,-0.03248539330623654,-0.00600606112967483,0.014415793363141392,-0.019418105432982447,0.004434658959573316,-0.012422519998557209,-0.011605553487921924,-0.022989566855068377,-0.028057953989684453,-0.01727154934874748,0.004158070179556653,0.025807883955872503,-0.011821728101198508,-0.014252056170803835,-0.032789857377711326,0.003338901814325781,0.049480057263369716,0.0,-0.0050125603365951815,-0.015037917890077334,-0.012945170819072198,-0.05096642300820366,0.0,-0.005333396135888671,-0.030503426922339608,-0.004123781676040587,-0.019608463532642742,-0.014200081058703918,0.03125258641671704
2025-03-17,0.03415890561929283,0.0,0.002758604352830755,-0.01324510323004854,0.027945930390559322,0.029229621924271205,0.040066992109898815,0.0,-0.017291600764014904,-0.022832076395296025,0.021108906585702664,0.012121363390982598,-0.012739043572347269,-0.051074929936415395,-0.0064308903302904025,0.021506205220963682,0.01869208067369034,0.023810646917362652,0.05390345061433585,0.019418105432982394,0.004415020306429668,-0.012578782206860073,0.0,0.018433685971100337,0.03200269063215259,0.013840993785563782,0.016461210741179188,0.01579815673363267,-0.008686265988257258,-0.01932425715006183,0.009478703532039088,-0.027028676883659352,0.1046706225638886,0.07197349962508924,0.005012560336595178,0.0730251459412923,-0.00653597415455272,-0.006557397820833702,0.0,0.05715841892634502,0.0,0.0,0.02927040085289182,0.021763641601149835,0.048790097416478294
2025-03-18,-0.05365275629322213,0.0,-0.01108045258812641,-0.036203128425415475,-0.06927412588340538,-0.0814153919399491,-0.012158186246828838,0.006472521170210733,-0.03550671586795318,-0.03286676236132303,-0.039951991285467024,-0.006042355181444764,-0.03257615646972704,-0.12545430615303496,-0.16822779371809501,-0.08894748601649617,0.004618904311130857,-0.05439402902502634,-0.026891372431720316,-0.0553500859517328,-0.008849679266003175,0.049392755329576474,-0.051907859994554696,-0.011481161070000726,-0.04427275461922419,-0.027876324101571662,-0.02061928092073584,-0.05145829517081326,-0.018712772153785882,-0.029705161558712532,-0.0433802305825173,-0.08576683685505987,-0.03797924806521633,-0.01398624197473984,-0.010050373066603878,-0.05055227715965749,-0.009884808816060346,-0.04027388200199041,-0.012320417561964227,-0.020408801208214932,-0.0223723752135693,0.0,-0.00966193732024915,-0.03393871332026749,-0.0036697460680321582
2025-03-19,0.07213754707407458,0.011236015865116075,0.002781624794069201,0.009174351553137223,-0.03433813758089157,-0.03174868050344501,0.015174833194964734,0.00856537161241866,0.0030075287170670123,-0.0047846913414455565,0.008119112106885637,0.006042355181444718,0.032576156469727086,0.04831857727080773,0.022642476749759752,0.034289073478632165,0.036203062469738284,0.006191930847581791,0.02038439886633412,0.06491951557424239,0.008849679266003224,-0.01212136053234485,-0.016529278412086696,-0.009280754374212738,-0.012422593935600232,0.017513545028483783,0.004158070179556653,-0.03015308013239133,0.00664461715511149,-0.0025157305323347838,0.014670187655846979,-0.007490673110269568,-0.019544596072970283,-0.007067167223092443,-0.020408882875834766,-0.007434950891557469,-0.00664454629807056,0.02702866081163342,0.004123694725167536,0.025446642600445744,0.009009078664709234,0.004123781676040551,0.009661937320249054,-0.005583439055806084,0.0
2025-03-20,0.0,0.011111240051343502,0.0,0.004555894351136055,0.08773891430800689,-0.018605193717907285,-0.00907722354791919,0.004255329891131341,0.005987993872175688,-0.021819051471558302,-0.013568760518809614,-0.018237631651137662,-0.012903423093031406,0.05505977718302739,0.0074349784875179905,0.0,0.0,-0.02500130024695636,0.004145697379706566,0.018868442716742588,0.0,-0.01227009259181436,-0.06453856216290163,-0.011723535392123893,-0.04255958748221135,-0.02460581554979361,0.012371267095029413,-0.041672696400568074,0.01097708365144344,0.0050251480430981155,0.056618828880462956,-0.03442023036749494,-0.026668247082161294,0.014084739881739023,0.03045925594243865,0.014815125118748334,0.026317322356067062,0.006644539920427178,-0.008264578915041863,0.014962927193444239,0.008928639311580644,-0.016597932222602134,0.0,0.013348360920511379,-0.04128165713974139
2025-03-21,-0.0036696935761436774,-0.005540152071801826,0.0,0.0,-0.06187540371808753,-0.09343400604747876,-0.03715599949677862,0.02722673035434434,-0.028082989523605873,-0.07902198545298995,0.010869759053789691,-0.056797572557357914,-0.046519959124749766,0.0648175000764709,0.03636764417087479,0.011173300598125255,-0.0044543102263399515,-0.072162397686396,0.0023612761856796854,0.0,-0.004415020306429812,0.0,-0.06424223450817262,-0.002361215071046746,-0.07210331504782141,-0.0071428578499967334,-0.01652933727458614,-0.05465836491840255,-0.018733392809261628,-0.007547223440870589,0.027150987018557116,-0.027615172396373924,-0.041385216162854364,-0.03922071315328127,-0.02531783730071255,-0.04512045844839652,0.0,0.03896595249250985,-0.03805947226079759,-0.009950424085299777,-0.05951412647219496,-0.03404581326425897,0.009569476921642894,0.010989120027959768,-0.007692281308299633
2025-03-24,-0.03745759173761306,-0.016807103844657684,-0.02817085424111118,-0.004555894351136108,-0.14146552029994253,-0.06385142504762448,0.003149583986663124,-0.031482060245475826,0.006309231274211291,-0.013351352958402025,-0.024625008209424495,0.01929316645522216,0.011274030440161963,-0.0919684891424216,-0.06644509940815274,-0.06899287148695143,-0.01801856832158059,-0.020619328053130662,0.0,-0.03809982444586473,0.0,-0.012422519998557209,-0.03865215874436689,-0.014285968133409896,-0.018868401588571965,-0.025409719788861716,-0.014690669204766969,0.05819823655072186,-0.027059151159769753,0.0,-0.01348334932748648,0.00796817121198188,-0.05055227916283133,-0.02205971806473222,-0.020726141772986366,-0.03125252631203158,-0.009787967241935978,-0.025807873401746374,-0.00865807511854561,-0.025317786034533142,0.04609115018186138,0.008620764084924402,-0.03883987777453488,-0.00767973264138705,-0.03536720615723136
2025-03-25,-0.027080939601438918,0.005633788856110379,-0.0028612135275411644,0.0358783094398538,0.00488998529419177,0.0271019039761904,0.006269643740967732,-0.008565371612418632,0.012500157152796024,0.047252894412588786,0.05129323905500995,0.04362067436229076,0.06088839534996632,-0.061485083650680804,-0.015384918839479456,0.011834457647002798,0.0,0.034133045503350216,-0.00236127618567982,-0.03356682654890337,-0.013363354840684686,-0.012578782206860073,0.029128232020497025,-0.004807673135160186,0.03278982282299097,0.0,0.018848739384323524,0.03130685969784897,0.025946221922402844,-0.012706616730136549,0.02678742407902711,0.03509132654749818,0.06453852113757116,0.0037105793965355534,0.02584126138574425,0.015748298236696052,-0.016529355114131027,0.019418077890765943,0.06317884913118194,-0.025975463298254065,0.12277551142674044,0.004282615902005515,0.0,0.005491548267649164,-0.004008040217047312
2025-03-26,0.03089043147363104,0.011173314988547199,0.053010988320392506,-0.026787362014033228,0.014528100562909808,0.0721963119347223,0.030771651385603057,0.031748619913042536,0.05733087679311498,0.08594241585139084,0.051293264349884286,0.08751936166855562,0.0829596362406493,0.06148508365068089,0.05284248137437998,0.05715841383994862,0.018018568321580563,0.03300625168303794,0.007067167223092353,0.06227693124258115,0.008928695881111266,0.049392755329576474,0.03294413936156599,0.016726742866928167,0.06252035698133393,0.018215474245554884,0.006204713682608653,0.03367321510658781,0.022027275601723528,0.02774452943989877,-0.031322503160541755,0.01520942151053832,0.04746653723892376,0.07145896398214505,0.049761503895598004,0.038318917686762995,0.03278984025814242,0.050010400755972316,0.024194709347565346,0.01566608499596534,0.09131815010914934,0.041847103477641645,0.03883987777453485,0.029143945191912178,-0.004024169271004484
2025-03-27,-0.007633551486087089,0.0,0.0027137657582104323,-0.009090947425820698,0.03309994842634492,0.019705076482194387,-0.009132489263500599,0.024692639535468262,-0.0029368887008021367,-0.00235574448627211,0.012422548182046383,-0.01123607613263141,0.009661870989791413,0.009132483563272474,0.04317217186520878,0.03278982282299097,-0.02029380486871001,-0.026317306147297038,0.0,0.0279087869937591,0.013245292817956722,0.0,-0.018692107210057034,-0.036192157707561054,-0.017467724231902827,0.02495666411219799,0.014329881282496142,-0.03710370651129388,0.0,0.0,0.03132250316054173,0.01869213645228922,-0.006644542718668613,-0.01388911216066715,-0.004866207700592539,0.03690451369597432,0.0032206598296132794,-0.018462055638534734,0.003976236249923737,0.03562716433682193,-0.03704121269397169,-0.012371268065034927,-0.03883987777453488,0.0021253991193396996,0.01996073301940973
2025-04-08,-0.12644115525452845,-0.130361834075238,-0.11473887464182787,-0.12121353129188993,-0.1535307170051693,-0.009804002771436643,-0.15517052042120086,-0.09368547156709969,-0.08915270465469065,-0.050796858104171214,-0.1067332339248885,-0.08855338105695995,-0.10749953336144868,-0.14871095653144012,-0.0960146532395886,-0.15057285847937432,-0.0980474172212545,-0.040821991039090975,-0.05860934165174847,-0.12284164849788493,-0.03571809976258171,-0.15616073075528253,-0.05826888606318456,-0.0478078171938147,-0.1622598248997974,0.013986254830899303,-0.0981598156461843,-0.14787032107682704,-0.05026185371475919,-0.05891589135524091,-0.07309190957550622,-0.16034268178426497,-0.15860503017663852,-0.15882358552665074,-0.05515183444948939,-0.15656908270135625,-0.07336626044863279,-0.05096642300820366,-0.04049136315945339,-0.13926209685214672,-0.15919481531430496,-0.05107494377563701,-0.09333193437990779,-0.15840598982988408,-0.06955758341819245
2025-04-09,0.0,0.0,0.003034796880511304,-0.07490131649002318,0.004329011089585479,0.019512819521526392,0.05218569576760044,0.030771690948378137,0.01910891956413242,0.0024783483218654197,-0.0027509767892675493,0.018349103730573538,0.008528847813408557,-0.10911815277065962,-0.07232066157962613,-0.03822121282019774,0.01743502898709438,0.034133045503350216,0.0012437812548705546,-0.004158014356005865,0.022472806944624963,-0.0579872576503494,-0.010050321556795309,-0.012970325945691988,-0.047754451882148996,-0.07571183672528937,-0.02497289046848962,0.072968969211626,0.04260732289887542,-0.00794708036755787,0.04630448549647905,-0.04445177229975803,-0.05623971832287608,-0.15963014559188396,-0.03674947812603788,-0.05218566987577038,0.030666768582632616,0.006514678331262261,0.01639372103644123,0.05588059957054886,-0.07820075962020802,0.013015343325711264,0.017241826291212216,0.02214112355023857,-0.021414194787534202
2025-04-10,0.042559648349809104,0.04939274068018363,0.029853024399386148,0.2006707421330491,0.07688104433595759,0.10100318211028274,0.09992205940585135,0.01929322267376075,0.037155961540564664,0.053024462262771625,0.0457683981822253,0.06453857518170615,0.06473749344828295,0.16251892949777494,0.08770558041910545,0.050643732818754936,0.03159438414709536,0.06495788833999294,0.040797134049645085,0.08004272327306632,0.013245292817956722,0.12604072089536497,0.02493894344797393,0.04342955714397237,0.10318423227396835,0.05819829169680555,0.09635455568565846,0.07490135186520114,0.021716431073720652,0.04676174503552603,0.03555937216691037,0.14763602951894264,0.07940677760441041,0.15963014559188393,0.08209733842679948,0.06899283339088114,0.039478832036386705,0.04445174467694151,0.08565551719649263,0.05806371124706473,0.03294412659309733,0.012848230396644334,0.0956985716213382,0.059049022893039524,0.10665844804488987
2025-04-11,-0.016807131543725227,-0.006042283594575485,0.008784772100652564,-0.04652007278293158,0.04879016416943204,-0.03555931278940216,0.036148535515445314,0.0,0.006060622161959983,0.0300600575333586,0.010634855661378149,0.0,0.014815079367096669,0.02955880224154443,0.015151805020602246,0.024391453124159267,-0.01445807302761716,-0.006309208103816573,0.0011926059851231061,-0.019418105432982447,-0.03571809976258171,0.0130720815673527,-0.03000226938487072,-0.007528272214787667,0.07095169104180091,-0.025046035809508465,0.042907467491889416,-0.01384105080292256,0.005356211623754737,-0.012771531117441715,0.03010983245791633,0.023256866602252874,-0.0389154162496735,0.06735218202949156,0.0,0.0,0.019169926039135504,0.0,0.0,-0.04189097739218736,-0.009302401414847998,-0.008547081261330395,-0.009756140240322201,0.002290951522348868,0.019268408426743374
2025-04-14,0.07350243630202155,0.06453849202967193,0.02873766865391035,0.023530526648725916,0.13353139262452257,-0.018265353651066657,0.07958738902419789,0.04565101768155747,0.014992809126636442,0.03579801962141064,0.016393835750396078,0.03352262806032162,0.024764002015557784,0.09265883048270476,0.044124804908938095,0.11375888535665796,0.047402225428862826,0.061368941655002576,0.02936206233684953,0.009756153326369853,0.03517773045144852,0.03822121282019767,0.034916307368810344,0.039511277628196936,0.040273918493957415,0.032088289100786364,0.0049875890467125155,0.04762804692874147,0.058107636159091154,0.05257781258377213,0.0495969325983046,0.041281666601091616,0.09819202617921383,0.09844007281325251,0.024332067263359215,0.08004271587884394,0.03727141357002857,0.04255967346863956,0.02214110714239189,0.010638497995306131,0.1393555410840358,0.042022981401936665,0.02898755448221427,0.03595892693475497,0.037457542808008094
2025-04-15,0.019493850673929364,0.005665781115300248,0.019635926297416863,-0.023530526648725833,0.008298802814695064,-0.04235919821032435,0.016260531036898222,-0.012245064212063075,0.020619308391835383,0.02461290045571388,0.0,0.03281563723412846,-0.008456623403582764,0.04329680575332426,0.014285957247476434,0.02127739844728488,-0.01633644705907956,0.0059347721559038355,-0.005803846819800304,-0.019608427722287942,-0.009174411090337866,-0.012578782206860073,0.014598808164828714,0.014423338519746844,0.008733696036190938,0.024264626373477503,-0.01100560013074138,0.04228267891885848,-0.004040364992238751,-0.024692607954019917,-0.036965187908078324,0.003669729551917032,0.0,-0.006968669316093316,0.01432010674577276,-0.047252910260530585,0.027069295074778094,0.02353048688192769,0.007272720034826492,0.0,0.016129396731486556,0.008196787111202109,0.0,0.007696620618250421,-0.02230576543032506
2025-04-16,0.06718941896099197,0.022347255916459526,0.0,-0.004773234237343181,0.004123717183862156,-0.061977731299438094,0.034349478761966604,-0.018653411092863247,-0.011730395024955324,-0.04296605613867929,-0.010899332310516653,0.08654045633105646,-0.017131077392805043,-0.05218575317057019,0.0348467313301681,0.05129329438755048,0.002350214851729045,-0.03614851002186475,-0.0034985458425132814,-0.01798255332986767,0.009174411090337857,0.012578782206860185,-0.024451151200381993,-0.021713777688610186,0.01724183774540678,0.013605664221770088,-0.030645900943949936,0.01579815673363267,-0.00405684596763016,0.02469260795401983,0.04898937886721868,0.0,0.0,-0.010544913176614998,-0.03373820338097134,0.0,-0.008941901601676738,-0.02950065115756045,-0.018282047044629424,-0.02139120662960897,-0.02020267429081449,0.012170511779988874,-0.019231414241892095,-0.026638641291606497,-0.007547142612471191
2025-04-17,-0.010889370460165181,-0.005540152071801826,0.0,0.004773234237343248,0.056014641554671306,0.0025542331642618567,0.010335993757609366,-0.00629593546337077,0.0029454788945172342,-0.014742267004490009,-0.002743403933022327,-0.020943173845243135,-0.006500524841268278,0.0,0.04683129968409899,-0.030459207484708574,-0.004705848466339786,0.030213737865960967,0.023095714794649395,0.03759098105215574,-0.004576684354710653,0.0,0.009852343035553284,0.03357629093123815,0.021142422394125143,-0.013605664221770017,-0.002076925094222342,0.08413367394588463,0.008097210959868902,-0.019705054779057665,-0.04481407761237872,0.003656311861225878,0.014285957247476434,0.15061085312213432,0.019418096635198473,0.023905533858664944,0.0029894999624784377,0.005970164275632856,0.007353035669720936,0.01075270863430275,0.0,0.02783481440250035,0.03809989015321821,0.0,0.0
2025-04-21,-0.014706158641937016,0.0,0.002773988134785829,0.023530526648725916,0.03442022388647937,-0.012837102898870991,0.07190209221637173,0.008385802698845526,-0.0238106399675578,-0.012453503855074143,-0.005509713941264225,-0.026811257450656815,0.0021715041828676675,0.0,0.0,0.03045920748470844,-0.019048260645399866,0.0059347721559038355,-0.046737477851689815,-0.009756153326369827,-0.02790877357379241,-0.012578782206860073,0.0048899482124730295,-0.004728113472688796,0.0,0.006826005585506073,-0.012552441712440217,-0.03221365662456638,-0.01699122531895505,-0.05365270902433515,0.020619353089811762,0.00727276063100397,0.027973852042406162,0.029942356615078318,0.009569426004122339,0.007843148326530065,0.002980669913726386,0.01183445232093855,0.0,0.005333396135888616,-0.03319809902214775,0.007812558625000255,0.0,0.029919078275013868,0.018762265824455105
2025-04-22,0.0714589453771452,0.08515778220260137,0.04071115088224588,0.02752459920889024,0.06547792937950701,-0.013004104167380804,0.04673752628770296,-0.010493287393637876,0.023810639967557688,0.00500002765825229,0.002758614434407191,0.047754431295900034,0.023580941444228846,0.06899287148695142,0.006514681021193672,0.11332868530700327,-0.026798195229250865,0.0,0.011890746521521554,-0.009852274395918143,-0.009478718405243591,0.0,0.009708859952355785,-0.007134399769939215,0.06871386784092093,-0.020619340221777697,0.05628086788135392,0.026433293921478036,0.006741563110447318,-0.06763140088863032,-0.020619353089811648,0.0,0.11086259281180968,-0.01785761740000646,0.01886843568286807,0.05324451229654135,-0.0029806699137264353,0.017493149689319667,0.010929011374908527,-0.010695297929793495,0.06927413680466282,-0.007812558625000314,0.009302417686056122,0.005443717457666388,0.02930616676466193
2025-04-23,-0.024434008094081965,-0.02584123186812033,-0.016086108936262944,0.026787362014033218,-0.039502442976246256,0.04604392069400199,-0.05635297047297692,0.016736810923708868,0.026126383452707416,0.034317081129089766,0.035186280669808355,0.045577508496319155,0.037426385272801295,0.016529301951210506,0.00647251450561752,-0.03636764417087483,0.033983850020327604,0.011764840278621883,0.01641302964133005,0.0,0.0047505592939649606,0.012578782206860185,0.009615385871728587,0.021252292389982583,-0.04391916478958777,0.020619340221777725,0.009901067602998023,0.00578036270308826,-0.00112044242020207,0.0029112102074585343,0.06453854717359374,-0.0182820481282905,-0.037740327982847086,-0.05874950407219051,0.023095743527656875,-0.014925594609778391,0.02359992757074344,0.0,0.007220308218392724,-0.0053908068403978405,0.003929232072937933,0.03089046070787189,0.01834907305257905,0.0010851408178205115,0.028471620658655897
2025-04-24,-0.003539866342184467,-0.015831452019716107,0.013423008981632777,0.051513509144142676,0.0,0.014888647526410243,0.03791929763348404,-0.010427634694386607,-0.029071862347224586,0.004807718121981001,-0.008010700669111876,0.004938281640582577,-0.002042855268442358,-0.016529301951210582,-0.01298719552681119,-0.028170876966696335,0.021252261459874997,0.01739170480445562,0.0023228814161397287,0.0,-0.009523856011147915,0.0,0.0,0.027651552572950874,-0.004090043288191714,-0.01369885621703402,-0.004938328722337182,0.0668772802902745,-0.011274017077473336,0.005797117684325915,-0.011787954208404606,-0.01487016520086633,0.0,0.02515855963615493,-0.01843365366349004,0.0,0.031566443711171885,0.06164413682890645,0.0,-0.01086968083397249,-0.007874063877784526,0.0,-0.009132393383064345,0.0,0.047954437114829176
2025-04-25,0.0035398663421845563,0.021053436163926503,0.0026630999546303304,-0.008403332488340916,0.007299302481611535,0.029128221616610998,-0.004662095548502024,0.018692153599135643,0.014641574100959221,0.007168514013824102,0.00267737003725865,0.01951281422358172,0.0020428552684423978,0.0,-0.019802627296179754,0.018868484304382736,0.03218674086730291,0.06130055545206907,-0.01991864330651923,0.05770825216815257,0.004773296717182983,0.04879016416943204,0.00952392672386992,0.0,0.02828471545713459,0.03056262592298348,0.043590470278465604,-0.005405418381159378,0.0022649946240188416,0.02849195579430624,-0.019960706311950772,0.007462722572413821,0.012739025777429712,0.0425596144187959,-0.014051746209086587,0.044124734977186594,-0.025752470876906887,0.047754412020561916,0.0,0.08381864978685132,0.027292119223787895,-0.011472378823167343,0.018182253616100943,0.002166847884516612,0.15748950969613457
2025-04-28,-0.003539866342184467,-0.00522198414421032,0.010582115743579763,0.012578775244203767,0.0,-0.02421423578407086,-0.004683812202230684,0.006153872268305198,0.020144528532459537,-0.0023837994946422983,0.026386750290442785,0.06090875308699252,0.004073334479390954,0.008298802814695064,0.006644542718668511,-0.018868484304382805,0.00900910084333012,-0.021858791566922053,0.05971923470162228,0.009302432533180003,0.0,-0.02409755157906053,0.0,0.0,0.0,-0.006711406579077909,-0.01913933389604865,0.0027063271413843987,-0.001131856037065636,0.057314456595980286,0.016000272556951137,0.0,0.0372713947972316,-0.01197619104671565,0.0,0.014285995780898456,-0.00873364492556411,-0.042334346785541224,-0.003603587851466987,0.024815147189432174,-0.011605508278235888,-0.015504224522012642,0.01785766551404126,-0.008695706160003536,-0.04979066919376385
2025-04-29,-0.0215062228682995,-0.005249329064205037,0.0,0.0327897341052672,0.018018505502678212,0.024214235784070937,0.02320283250049433,-0.018576405905738558,-0.005714240286194199,-0.012004987383463655,0.0026007742203248527,-0.01373019281190202,0.004056809713751801,-0.004140792666031388,0.0,0.028170876966696224,-0.004494461197208542,0.0,0.02259671786992917,-0.009302432533180067,0.014184627189769537,0.03593200922606337,0.0280392372676676,0.02247281342382326,0.0,0.010050327683097798,0.004819237477903364,0.04492172024524887,-0.001133138586953171,-0.021448543407483627,0.0,0.007407442628452524,-0.018462062839735442,0.03550668845690982,0.009389656344919726,0.0,0.005830923067268444,0.016086131191284908,0.007194236471237019,0.0,-0.003898594679967436,0.011650594975892697,0.04329681235371335,-0.009873866534675963,0.008968634383330404
2025-04-30,-0.025689469016658625,-0.05406722127027594,0.0,0.01600040387131381,0.017699577099400857,0.03294413763740588,-0.004597672949076819,0.0,0.011396129733746287,0.009615491807771704,0.0,-0.028039220064393047,-0.010172999461585121,0.0,-0.013333530869465144,-0.009302392662313561,0.06327085506552269,0.016438690594957166,-0.008207980417829622,0.0,0.009345837298017554,0.0,0.04063766982402208,0.008849651697443957,-0.008000057338052188,0.06453851271184247,-0.009661908153099074,-0.1004915714000597,-0.0022702281814374436,-0.01364277640378649,0.0800427000439325,0.007352975636060705,-0.03797924806521633,-0.02950066439669799,-0.01886843568286815,-0.0071174411826696975,-0.020558776907514335,-0.032435262416200344,-0.010810956838162784,0.0,0.01934293143233226,0.019121038750525992,-0.034486159247621176,0.0011018812836194136,0.020619383658811413
2025-05-02,0.0,0.005540152071801734,-0.00792601310478454,-0.011976184735185335,-0.02127739844728485,-0.0186920228146247,0.05382468302240564,-0.0020855087973866877,0.016854267106472996,0.004773295070334095,0.0077620526400475585,-0.004750602758597865,0.01421341794400059,0.012371291802546829,0.013333530869465168,0.045670036833188266,0.0021119668315893944,0.010810915371852784,0.008752791109594708,0.08076129913281241,0.03203941494702235,-0.03593200922606333,0.12854102798602607,-0.03132246512126717,-0.004024107760930605,-0.03822124728908899,0.042761893143155504,0.0769610411361284,-0.002275301929678206,-0.03922071315328127,-0.03731769616838648,-0.022223140836926863,-0.01298719552681119,0.011904902506318458,-0.004773175131004262,-0.014388775879441072,-0.030122775395284962,0.005479463481067064,-0.007272720034826433,0.0,-0.027186115893070347,0.01503791458892068,0.025975446812802363,0.003298565240801097,0.023055733484619857
2025-05-05,0.036500431335157936,0.0,-0.013351398306501198,0.019881394766250643,0.01423511582187191,0.027908737805632595,0.013015375830681878,-0.002089867235474597,0.0,0.0023781305056664688,-0.005167955031387181,0.004750602758597799,0.004024159173285181,0.008163310639160835,0.019672765598704928,-0.02715098906595086,-0.019169901835925884,0.02127739702881402,0.008676844025688815,0.025533412011013362,-0.009049869395424317,0.01212136053234482,-0.007481822654549475,0.018018489267384256,0.00803218608661323,-0.013072027142788243,0.08468310328478701,0.01314082675791525,0.004545530111115596,-0.002861232281032235,0.05546707296643106,0.0,0.12861737782209354,-0.005934735519814578,-0.009615493936340144,-0.02941386997775331,-0.0030627497297532383,0.0,-0.007326000219964535,0.0,0.003929232072937933,0.007434996686103486,0.008484181347335317,0.0010970458195445926,0.011331545325535344
2025-05-06,-0.007194281288976419,0.005509698188932039,0.008032195713075589,0.0,0.06498011973163205,0.04485052436121614,0.09059691274949078,-0.00629593546337077,0.005555624631083157,-0.007151425576000721,0.005167955031387207,0.0,0.0,0.008097210232619303,0.012903404835907782,0.01818231908319033,0.03174867482558552,0.0,0.04021705996436614,0.0,-0.00913251806034902,0.0,-0.032131278182793294,0.006674112235469452,0.05826886884738762,-0.00991749566249417,-0.004282702622119002,0.018111716746189124,0.010152317857751088,0.011396134730869582,0.014285896033133185,0.011173302646745905,0.033901551675681416,0.057819570888826236,0.0048192430632218106,0.022141137730615844,-0.0061538686446445485,0.026955798935133165,-0.003683326789838465,0.009756183093475469,0.0,-0.007434996686103507,-0.00865806644926988,0.0032841215810413362,0.033244070168760916
2025-05-07,0.007194281288976438,0.005479437693235745,0.013245215698210099,0.015625275196407048,-0.020067563050809256,0.013072166106326631,0.07943678111327818,0.016701868108663052,0.005524930114740259,-0.0047961887380704536,0.007702197961669777,0.0,-0.006042277475464316,-0.01626052087178029,0.08004270767353636,-0.009049835519917927,0.01036274521198882,0.03617968604137677,0.010320009031989449,0.0,0.0,0.01197619104671562,0.008130126083250309,-0.017897553239232325,0.0727593952980799,0.02946207585675669,-0.030503401542654626,0.0,0.003361330073797619,0.016854331554982182,-0.003552341989821041,0.007380108638264101,-0.01680711831638129,0.041271331755404726,0.01432010674577276,0.0,0.009216618374397816,0.0053050500891945,0.018282047044629383,0.00966191890315309,-0.0158106210390749,-0.022642432489689394,0.02575250703243218,0.01664339694345793,-0.013717628978395362
2025-05-08,0.02478001178506978,-0.01652928795396957,-0.002635030340556443,0.0,-0.0033840979842405684,0.017167702463388005,-0.05225065820638544,-0.01040593264529227,-0.011080554745823576,-0.009661879958962083,-0.031171334336617593,0.09487923819024349,-0.03285723743041995,-0.0248975516217272,-0.03003228709887509,0.018018505502678212,0.0,-0.025708386861153246,-0.009283202303549171,0.022868138172800898,-0.02320286478926649,-0.03636764417087483,0.016064602503806622,0.02892300243752899,-0.03208832778350626,0.0032206337870574514,0.0,-0.04456828539302322,-0.010118076920310073,-0.022536165022413058,0.024605836127867375,-0.014815088486433113,-0.022858138076050208,-0.030098031157279413,0.009434007076233365,-0.014706186839058331,-0.0216391446286226,0.010526408773230826,-0.01459872025479102,0.010471318730367104,-0.008000050354165405,-0.0192684145633418,0.016807022299210637,-0.012724243159986753,-0.016713486630068487
2025-05-09,-0.02478001178506977,0.0,-0.021334155100944385,0.004024192631012799,-0.01365208916832732,0.0042463185345073115,0.02646655669971107,0.0,0.0027817274340439383,-0.004866206296216196,0.013106309514575547,-0.008658062743114541,-0.004184115897563688,0.00836824967051658,0.0,-0.018018505502678365,-0.010362745211988864,0.00519484900572409,0.022035224123684145,0.01724183194556801,0.01398623438928028,0.0,0.06553404137907273,-0.01769956143376609,0.03559092124279167,0.02539814882050462,0.02188266106089499,-0.024424586093928263,-0.0011305763872199563,0.014144507386164743,0.006920412918112441,-0.02264248095635276,-0.01749315744751723,0.0027739268827252244,0.02777949139264131,-0.007434950891557469,0.003120171008988089,-0.01052640877323088,-0.003683326789838465,-0.05348869748239753,-0.03265589007681323,0.011605523259704306,0.0,-0.010532619004280477,0.0
2025-05-14,0.048960793591351144,0.005540152071801734,0.03183287055132415,0.008000025206013972,-0.006896579059060329,0.04959695635430774,-0.049723432727210276,0.006256544533461292,0.03009804529275263,0.06377600445575268,0.06307262526445628,0.05908891637000658,0.05704196423677693,0.028749413285985792,0.041797128678461457,0.06169356900533996,0.0287493589583432,0.055429768971191305,0.011589950848793959,-0.008583756336960915,0.022884320640121344,-0.02500130220541727,-0.030305349495328922,-0.002234669363990848,0.013889137259041588,-0.012618475429975622,0.004319702315574499,0.035091353536459285,0.016825973255675065,-0.008462673918733654,0.020478528431776784,0.03007746080452178,0.05715841383994862,-0.019581045199106507,0.031463330030661825,0.02941386997775333,0.03369382042851414,0.03125253112214248,0.02909300388279216,0.016349082727843745,0.04463214277918357,-0.0038536295461198636,0.040822015120303375,0.03241024415075454,0.0028050640374327938
2025-05-15,-0.00341877391078587,-0.005540152071801826,0.0,-0.003992063332019488,-0.028072018778686376,-0.028631795705710776,0.0,0.0020768462320844678,0.0,0.02931442867405471,0.04306886120110719,0.016260520871780326,0.053024512766890575,0.004040409537004906,0.005830920310793144,0.08201315166083507,-0.006091385276306781,-0.004913983632341019,0.00997017231984985,-0.008658075608607098,-0.02288432064012143,-0.07898841131863032,0.0,-0.011248691478486636,-0.020906722731999255,0.028170917980826455,0.008583740788304072,0.03901661861726266,-0.0011129602713859888,0.03889379112127354,0.029952318130507596,-0.030077460804521845,0.005540180375615351,0.03333642026759171,0.008810550788915891,-0.014598744859005001,0.0030074819533010256,0.10227892857133747,-0.007194236471237091,-0.016349082727843817,0.0,0.026668263138040414,-0.016129389968926797,-0.014917040521423803,0.0027971449379440906
2025-05-16,0.0,0.05406722127027579,0.11575024106653153,0.019802635258233375,0.0,0.03666401926899871,0.03468557854643272,0.012371305329165173,0.0026916524917599566,0.0,-0.004694830631164985,0.008032171697264253,0.027779487217935817,0.07381991223526739,0.017291497110061043,-0.04839654086185021,0.0040651110176739705,0.0,-0.009469295775443986,-0.017544227578503668,0.009216630399986271,0.0,0.03774032798284711,0.002259919838714416,0.03800114450431791,0.04230238596890067,0.021142388314535538,0.030153038170687457,0.006659256897499249,-0.022039459566291386,-0.013201537722979356,0.02264248095635268,-0.011111225425070722,0.05579135962841551,-0.008810550788915975,0.01459874485900491,0.014903453282950292,0.16205578909680188,0.03197422891861507,-0.04495138094838427,0.019646965758637336,0.02963177375694483,0.0,0.012636537822698668,-0.01406492266924423
2025-05-19,0.06303912434840908,0.05129329438755048,0.07609935903833452,-0.003929219756722318,-0.01795380361659582,0.0,0.029852917464030095,0.012220124532811676,0.021277391479195773,-0.008928661406320789,-0.004717039836604572,-0.008032171697264267,0.00909103716139552,-0.02656702738472175,0.005698021114637796,0.03252319170555993,-0.014300573690768722,0.00980399919318283,0.015404031295258669,0.008810534518545939,0.01366769024013508,-0.027779564107075706,0.018349138668196617,-0.011350929147589431,0.016807107115632304,-0.026988183814750207,0.028868015832899586,0.03883983331626396,0.008810583479163492,0.0027816429618767705,-0.033786936511288175,-0.015037880147690384,0.02210034700066592,0.06744128079553248,0.01754437417185379,0.04255963760770898,0.029156598076644096,-0.023905511194397697,0.013889132728692036,-0.011560843303510244,0.05304278427152149,0.028779035447369337,-0.02469262515137666,0.009090971701252105,0.0
2025-05-20,-0.04943346169834916,-0.010050348790345385,-0.04857466847312605,0.0,-0.02941388520629334,0.0,0.0036697937776474297,-0.016326910957227714,-0.0026349114201468108,-0.0022446776054581416,-0.004739331733320485,-0.008097210232619362,-0.02288432138311311,0.0,0.05526267867504952,-0.024292692569044587,-0.008264538412039132,-0.02469264162837513,0.005899722127188322,-0.03571802590186969,-0.018265416975762408,0.01398624197473987,0.007246408520767253,-0.018433685971100424,-0.02360986676685418,-0.04348512013497679,0.004056839277980898,-0.02409755157906053,-0.02105338848729531,0.0,0.03045920233118691,-0.019121045046605476,-0.033336420267591836,-0.02445109586416431,-0.03090759492608347,-0.042559637607709096,-0.008658105960679901,0.04725286597803915,-0.027973893761946558,-0.011696061157447868,-0.06872939521707348,-0.02877903544736937,0.016529310393853337,-0.015963850989014088,-0.031657243317614034
2025-05-21,0.0033726520472316113,0.09622809203130657,-0.02288427493844673,0.07943680121778947,0.029413885206293407,0.043059476192039266,0.06385141875475388,0.025592405417203902,0.02346909742070396,0.015607951207144916,0.011806478750523437,0.03593200922606337,0.009216629715243936,0.0,0.05236798551731594,-0.033336420267591836,0.014418399574336136,-0.010050335220562518,-0.003437273209915429,-0.01834916549760568,0.0045977267356273185,-0.028170876966696335,0.031974304632514106,0.006952524901099679,0.11892006159036507,0.012618475429975611,0.0,0.024097551579060524,0.01002797635738362,-0.019635974516858962,0.0198026240289144,0.007692347079637507,0.0,0.014742281737203431,0.03090759492608342,0.014388775879440974,0.011527511006677137,0.07053016967834422,-0.01069523141412359,-0.005899733014206685,0.015686610945552137,0.0036430482516918625,0.008163314757523295,0.002296212260350157,0.028820422532615606
2025-05-22,-0.023851199391790322,0.004576584938528539,-0.0046404156267617295,-0.025784107858099713,-0.007272759329079809,-0.0038388010943015334,0.01703622642898893,-0.008602221040343597,-0.005167914802879642,-0.011123623291230865,0.009345898638468967,0.0,0.0,0.0,0.09716374845364767,-0.017094433359300068,-0.002047116262860421,-0.015267439023212976,0.019001789751027086,-0.009302406453131603,-0.004597726735627185,0.028170876966696224,0.0034904049397685676,-0.0023120798776269155,0.029852943271346678,-0.009448881775561004,0.016064596784073272,-0.009569451016150672,0.004424762674308371,-0.028737609767356797,-0.06062461160623042,0.033901557962827525,-0.005665737535677308,-0.009804000096620856,0.06317886555045378,0.0,0.031032087092985543,-0.021739977649498272,0.010695231414123561,0.029156637475164733,0.038172608512488354,0.01801850208228975,-0.02469262515137666,0.0034345081026562075,0.030771656425564526
2025-05-23,-0.006920448326404101,-0.01379331076090878,-0.023530478384122908,-0.030305380090045013,0.007272759329079878,0.0,0.0558437129787797,0.023480210125075833,0.002587295815651038,0.008908775414698873,0.011560851239162243,-0.00392927813988955,-0.004597696612290979,0.022814677766171264,0.06713930283762852,0.01709443335930004,0.0,0.010204169195546692,0.017225306281879342,0.018519075095830877,0.0,0.0,0.006944472352810995,0.002312079877626956,0.04035129758252855,-0.00634920118479242,-0.016064596784073296,0.01904819497069441,-0.006644507681911059,-0.03863779270541394,0.013793262689363785,-0.007434979848169087,0.022472855852058576,0.004914014802429163,-0.016461338157882047,0.05556982150165267,-0.01680712722275572,-0.02222312739389666,0.007067226314717189,-0.011560843303510244,0.018553377952448685,-0.04007827461893787,-0.00836825399825789,0.003422661623480922,-0.01666705790926604
2025-05-26,0.020619303424478336,-0.013986230282991043,-0.004773247437019694,-0.0038535120303520806,-0.01828204483744907,0.0,-0.00641030969268831,-0.00211193763373145,-0.005181409701945754,-0.0022197643188341574,-0.00692042260784777,-0.003944778291016341,0.009174351118764423,-0.01897590145900569,0.05475051477140831,0.0,-0.010298710680467976,0.0,0.02251502236763477,0.009132496854906372,0.0,-0.05715841383994864,-0.003466207976486284,0.018307131732204628,0.01680714865174255,0.0,0.012072537526608154,-0.014252022707201615,-0.004454416801512476,-0.01834913866819654,0.040273894632788285,-0.026466578114658443,0.0,0.009756174945364656,0.04463216615307827,-0.01360568878372107,0.02510597160403591,0.011173248902275404,-0.003527321346818324,-0.023530540708094946,0.05018979003046258,0.04007827461893778,-0.02553320888411486,-0.0103034224004856,-0.011267777731300046
2025-05-27,-0.003407196492789709,0.009345814874381226,0.09138773992298606,-0.0038685174165991707,0.018282044837449073,-0.01941811570458781,-0.026060066960538596,-0.006362601517539753,-0.01834904983261297,0.006644565359828063,0.011507511559837976,0.007874056430905866,-0.01379328422171754,0.007633624855071205,0.10125373370517289,0.008438868645864604,0.0020681827936063187,0.0,-0.004183134150106734,0.0,0.0045977267356273185,-0.02985296314968116,-0.010471299867295366,0.009029444023219027,-0.00752843600141015,0.0031796075303779413,0.011928606061157827,0.02830383529957813,0.005564905213674738,0.03338701603273698,0.032365307544304174,0.033901557962827525,-0.01680711831638129,-0.009756174945364685,-0.003976112629411244,-0.02076191419796034,0.00549452196919959,-0.0037105308775036753,0.0070422444176468065,-0.024097501628067817,-0.00701757888490259,0.01065727386705259,0.0,0.008022919701760363,-0.014265495355966296
2025-05-28,-0.013745932210031033,-0.04276182463731135,-0.04009444896058349,-0.011696064065971002,0.003616640470188515,-0.04820211738647427,0.026060066960538614,0.031416155924293254,-0.005305104207959203,-0.008869267996226674,0.01814109664042703,-0.015810606026642315,-0.018692174785362246,-0.011472401162236807,-0.06899287148695143,-0.008438868645864595,0.0,0.0,0.006036702799429714,0.0357180259018697,0.009132518060348965,-0.03077165866675366,0.07761060270492397,-0.020432054899536017,-0.0028449521322312507,0.0,0.01568659071397977,-0.028303835299578077,0.002217284103933322,-0.04268940869505056,-0.035660148085779164,-0.037740334995433236,0.01680711831638119,-0.009852296443011594,-0.020121426654078768,-0.021202218519971287,-0.002743524389432214,0.0037105308775037837,0.013937528221335796,-0.012270114960440445,-0.010619623326035731,-0.0035397887536646583,0.008583747334193788,0.02480397736580819,-0.005763731527035834
2025-06-02,-0.017452427891684958,0.004842661719045087,-0.032335433499562256,-0.03187513922512602,-0.0036166404701885504,0.040328107348943196,0.06534209670135882,-0.014538188439671196,-0.032435374112033906,-0.027089726037656064,-0.057819529761571044,-0.04481401578979254,-0.043380272943050635,-0.03522869188374383,-0.007968169649176845,0.04149973090675284,0.01027764414972227,-0.010204169195546672,0.022884293833587806,0.0,-0.00913251806034902,-0.0317486983145803,-0.07061756721395342,-0.009216600733514648,0.005681833467430864,-0.025724849207810603,-0.027615196775137633,-0.00961545869944187,-0.015625325644000623,-0.018868484304382805,0.029270377541053803,-0.011605548330500431,-0.01680711831638129,0.04831857727080773,0.00809724021794559,-0.014388775879441072,0.0,-0.03390149015725644,-0.010434916573626933,-0.006191981640637606,-0.01795377492540061,-0.014285992186086246,-0.025975497523393808,-0.024803977365808173,0.0
2025-06-03,-0.010619540402803277,-0.019512839216156545,-0.01418461002582068,0.02400109970965019,0.003616640470188515,0.034954953460134476,0.011976172666301068,-0.016877967484621958,-0.005509483878434268,0.0,0.0,0.0,-0.0049382680346959995,-0.0120241929668017,0.031498667059371016,-0.041499730906752734,0.0016715423866908185,0.0,0.009905528989403022,-0.01769949452797614,-0.009216630399986275,0.0,0.024097551579060524,-0.016336462896778602,0.016854331554982182,0.0193554273801195,-0.008032169155283419,0.004819286435948922,-0.0011254865924181445,0.0031695747612790395,-0.006430943048389637,-0.011741820139085039,0.022347298691996618,-0.02386748140664343,0.012024186436133222,0.00722022128121224,0.019048241197522887,0.007633621531081896,0.0,-0.012500185979578833,0.025046009912300438,0.007168507072698234,-0.035718098372450116,-0.023095714794649395,-0.02339283594338385
2025-06-04,-0.007142893086831913,0.043380320330951565,0.0,-0.024001099709650246,0.06971463261536104,-0.013976341996796695,0.055006638106997005,-0.019334690905837983,-0.008321961978094984,-0.01614798104391921,-0.02898751798612325,-0.00836824967051658,-0.004962775600860711,-0.008097210232619362,0.0,0.01680711831638119,0.030834919777007242,0.0,0.005361943141385373,0.02643318758793389,0.013793314754696858,0.0,0.016863806052004725,0.018648542774405606,0.07510230454150287,0.04985454196266782,0.07381992651605825,-0.004819286435948883,0.004494365950340309,-0.01916991610772017,0.055248474230478614,0.0,0.22203796800646006,0.0789272585896707,-0.008000072343588894,0.05595871441382424,-0.008119165016401956,-0.003809575142822982,-0.003502611647708851,0.03704133963800093,-0.014235129272421487,0.007117485113387951,0.009049839569067191,0.0,-0.026988192008142845
2025-06-05,-0.0180836517491416,-0.028710142833839984,0.00947874974313622,-0.020450617264624226,0.062010074784212534,-0.00392927813988955,-0.028573365119804166,0.0,-0.005586547145273687,0.02752470716426766,0.004889971105811937,-0.03854867011723502,0.009901043635556831,0.032002731086173734,0.1574674324532523,0.024692612590371414,-0.01632689328742878,0.010204169195546692,0.01240051319845501,-0.017544227578503668,0.004555833705638365,-0.01626052087178029,-0.016863806052004805,-0.011614510618982006,-0.0422226304223467,-0.00916036223411575,-0.03817256058563725,0.004819286435948922,-0.004494365950340326,0.0,0.0,-0.007905181045307064,-0.004434597067865753,-0.03636764417087483,0.00400808711028003,-0.020619298087327428,-0.0027210546969509536,0.018904194866722186,0.006992997815715329,-0.02454115365842195,0.01701077583329042,0.00706718432332705,-0.04609112821000417,0.0011675890689532965,-0.012232545792382837
2025-06-10,0.025226544835973478,-0.01960843383882287,-0.004728178003346509,0.008230481084763005,0.012578782206860185,-0.007905179507113261,-0.05664704409620767,-0.0021715579635657924,0.019417993001802865,0.02237231474907232,0.012121390649628397,0.03854867011723503,0.03390155494757317,0.05737711258330243,-0.0033167526259939265,-0.008163310639160981,-0.006191970247921107,0.010101095027480897,0.008764297993588258,0.02620230318711065,-0.00913251806034902,0.07878087785311438,-0.0452250980049359,-0.004683821667334584,-0.05826890812397576,0.006116263327624606,0.011605504254850438,0.014320053774748471,0.011198356481174837,0.03174869831458027,-0.012578782206860073,0.015748360020492447,-0.08338160893905101,-0.009302392662313561,0.023716413871238764,-0.021053420545598292,0.021564188126726287,0.018553446644361038,0.030877261236415106,0.02454115365842192,0.04635410937155099,0.024348951252357785,-0.00947874839660257,0.0023310032779472333,-0.0030816808769316877
2025-06-11,0.028071968294488193,0.014742269056534689,0.004728178003346589,0.024292640146753773,0.0031201273362436777,-0.01600034134644119,0.006116256739085926,0.0021715579635658007,-0.005509483878434268,0.004415033203335055,-0.01946534357052587,-0.008438868645864595,-0.009569424557872394,-0.022557347424074514,-0.006666691358189345,0.07878087785311438,0.018462062839735352,0.01000008239464544,-0.0017467253349416486,-0.017391768668564785,0.018182387455773424,0.02985296314968113,0.021127546425875277,0.004683821667334599,0.005698021114637796,0.035931980213510926,0.022814670929727665,-0.004750602758597865,0.006659256897499249,0.015504186535965254,-0.02564243061333767,-0.015748360020492493,0.14374475866614161,0.04119575643826733,0.0,0.007067141011351029,0.005319163962610011,-0.0036832904716552865,0.016750812277740928,0.0060423253046234075,-0.01403531811638348,0.03728159975083345,0.04652003703753942,0.006960584625050275,-0.0030912069979862926
2025-06-12,-0.017452427891684958,-0.004890022963238034,0.0,0.027615158342871968,0.021572485254127763,0.0,-0.03411188134107005,-0.010905255927730523,0.008253053230412753,0.0,0.0,0.0,-0.004819273015083326,-0.01919444725614718,-0.006711434587986804,0.044451762570833796,0.010111309604320695,-0.03030534661767315,0.022472855852058576,0.0,-0.013605703101062691,-0.014815085785140587,-0.035464709572282656,-0.0023392154058140082,-0.017192400540372875,-0.032887881307019654,-0.02281467092972772,0.021491455381683455,0.0033130723013253143,-0.018634079544892868,-0.0032520353863773432,0.003960401988233672,-0.03838424300831534,-0.01810004164361799,0.0,-0.021353136792249455,-0.013550083579328916,0.09832471308855144,-0.010016723949022425,0.006005941131035045,0.031306904625044124,-0.007168489478612516,-0.009132487686718146,0.0,0.006172887874917869
2025-06-13,0.0035149814462912383,0.013100676204933761,0.021118667015250822,0.023077995343941508,0.0,-0.01626052087178029,0.04019087911323377,0.0021905859082041687,-0.01101939057742447,0.0,-0.017348654735787363,-0.017094433359300068,-0.004842610924622985,-0.011696039763191298,0.026579637804712102,-0.03690455693545098,-0.014184634991956413,0.015267439023213002,0.011894787652149146,-0.03571802590186969,0.0,-0.04580953603129422,-0.0036166404701885504,-0.007050563741540679,-0.008708327891784308,0.012084750105140213,-0.035228641772522794,0.014458083175229917,0.012054965512325131,-0.009448889197932507,-0.0032626456348163824,-0.003960401988233737,-0.008733679968754553,0.018100041643617937,0.08961220973167551,0.00716855459822886,-0.005970166986503796,-0.04096134167763604,-0.003361422002927326,-0.012048266435658483,-0.006872879287762064,-0.014493007302566864,-0.01851905624535013,0.016055390017751144,-0.04082202122143718
2025-06-16,0.01739172005014026,0.03491626510622788,0.002503164601720474,-0.02697657789759652,-0.07928080287477454,-0.016529301951210582,-0.0060789977721637444,0.008714670019526416,-0.011142171776356825,-0.03132251866635405,-0.0025031229515441937,-0.008658062743114541,0.0,-0.007874056430905883,0.02269141120207067,-0.03831886430213666,-0.020619287202735703,-0.030771656688819503,0.008410478508596511,-0.01834916549760568,0.01360570310106266,0.0,0.010810916104215676,-0.002361215071046746,0.056672387098910836,-0.012084750105140285,-0.016064596784073296,0.0,0.027928801228124772,-0.01916991610772017,0.0,-0.040491369427076436,0.0043763745997987815,-0.01354422510775726,0.035718117625040395,0.007117441182669645,0.008941937375661213,0.12442193741652147,0.013378145951949772,-0.018349172017784354,-0.006920442844573795,0.0,-0.009389744708868693,0.00567211950619945,-0.008629315850699247
2025-06-17,-0.010398679216160557,-0.009852296443011594,0.0,0.011650640951586825,0.07009237682036834,-0.03822121282019774,0.05631110445760041,-0.0021715579635657924,0.01666710189109722,-0.009132454250504483,-0.007547183615461006,0.0425596144187959,-0.009756245120061124,0.011787955752042173,-0.022691411202070765,-0.007843177461025893,0.01242251999855711,0.030771656688819534,-0.0033557078469723042,0.02739901406966826,0.008968587845997602,0.0,0.0,0.0047169620629779335,0.0,-0.0030440989064912825,0.008064556953892897,0.0,-0.007442930438888112,0.006430890330290331,0.041606000832463866,0.012320486878933935,-0.004376374599798888,0.022472855852058576,-0.024868090829524236,0.014084777337301624,0.0,0.02834835500425513,0.006622595969112814,0.036367616588508095,0.010362787035546658,0.007272759329079878,0.009389744708868672,-0.011376686982107934,-0.013423088573508813
2025-06-18,0.0,0.024451095864164336,-0.005012544475082129,0.007692328728571348,-0.040821994520255166,0.008620743043906955,0.02279304801932551,-0.0021762838920437472,-0.01947223807268772,-0.013857082199816583,-0.005063287090305325,-0.02105340919783238,-0.004914001329933428,-0.015748356968139168,0.009788006366162944,0.0,-0.01450802648957852,-0.020408870326178174,-0.013536585717533264,-0.02739901406966827,-0.008968587845997522,-0.015748356968139168,0.01069528911674795,0.002350210488088908,-0.047964059207126555,-0.00918848068727488,-0.032656032899810596,0.0,0.006382966966205813,-0.0064308903302904025,-0.028618805305652677,0.016194689147804836,-0.00881062968215492,-0.004454350349380309,0.017825801397528887,-0.014084777337301601,-0.008941937375661282,-0.0315483577349259,-0.003305861201558694,-0.005970178135065389,-0.013841051411871355,0.003616640470188515,-0.04785604382749508,-0.0022909517465558244,-0.006779678861406171
2025-06-19,-0.014035328877921433,-0.02941388520629334,-0.033208723166523374,-0.02325691021114155,0.012739025777429712,-0.01731645001146093,-0.06397531358732299,-0.013158111808586918,-0.014144473227160963,-0.04033756524204365,-0.03617969008386365,-0.025863510589919352,-0.0209067069391457,-0.028170876966696335,-0.03636764417087483,-0.04839654086185021,-0.016842503394497464,0.0,0.004249900149329117,-0.03774026686259659,0.004494290372857914,-0.032260862218221435,-0.02150620522096362,-0.018957991924356196,-0.0443203996806613,-0.009273629635737744,-0.04671756805734116,0.0,-0.03452337917330571,-0.01626052087178029,-0.02283949196982279,-0.04939276533991773,-0.04989697114462304,-0.04567003683318832,0.02443396270178512,-0.028778949309248278,-0.015083242211328476,-0.059423420470800764,-0.009983390050501901,-0.030397438453442754,-0.05001042057466142,-0.02930612658549936,-0.019802636990319967,-0.016185324421017305,-0.013698827774052446
2025-06-20,0.0,0.014815085785140682,-0.03434946490927633,-0.048202100589165735,-0.03543043697950045,-0.004376374599798888,-0.039821492503042184,-0.008869256299152483,-0.008583769899592517,-0.004854395029137676,-0.0026350399598798076,-0.031044621681960163,-0.008080769307878304,-0.012320484388040624,0.010050335853501506,-0.008298802814695066,-0.012820688429061434,-0.01036278636264121,0.011804521560545182,-0.019418113592340858,0.004474297473139709,-0.033336420267591836,-0.014598799421152636,-0.002395148760120514,-0.018293193047325376,0.0,0.008658059789538732,0.0047732787526575905,-0.017719175718744068,-0.016529301951210582,-0.009950330853168092,-0.01273902844043723,-0.0427618593380817,-0.05770831762064673,-0.013889039350995247,-0.014706186839058331,-0.03400636798519509,-0.05956226115134306,-0.013468236703116039,-0.025001348641554032,-0.018484814674103102,-0.01876227645552289,-0.028399450615469668,0.0,-0.0494800869164787
2025-06-23,-0.01782583526991203,-0.02481516911972402,-0.032789841735394544,0.03636771877124239,0.02589141393274149,-0.022173857494321967,0.04546070992793146,-0.013453034047190875,-0.008657970444670609,-0.012240097019332125,-0.01864236840875945,-0.022780028331819885,-0.0020305125904536395,-0.042200354490376416,0.0,-0.01680711831638129,-0.05299253014051034,-0.08701137105582717,-0.06091280248150676,-0.04820212259077346,0.004454367275792163,-0.03448617607116932,0.0,-0.04663418614384062,-0.0472528848505455,-0.015649738186754195,-0.004319702315574437,-0.038839833316263894,-0.0022371256851750985,-0.03735578654376886,-0.04779066383634844,-0.0662493999506247,-0.019608471388376313,0.00985229644301164,0.013889039350995324,-0.03774028422120577,0.01560094044247981,-0.048068403041022334,-0.04196097462015288,-0.05195973497141927,-0.05759749178333644,-0.02298951822469872,-0.012422500129684247,-0.025975486403260677,-0.010929057463190768
2025-06-24,0.010733601464759369,0.024815169119723993,0.008298843999970452,-0.04049137467182684,0.031449132682503295,0.013363227812167158,-0.03184982588709916,0.008988842627364923,0.01724174034426296,0.019512817064156793,0.016000366664671105,0.027274417919659306,0.02111694520192078,0.008583743691391435,0.013245226750020723,-0.00851068966790862,0.040005334613699206,0.07654007187560366,-0.033978353641849396,0.0,-0.013422955121789792,0.0,0.014598799421152631,0.02726313797933625,0.022329476398088577,0.0,0.008620740481759518,0.019608471388376337,-0.005614808370542291,0.006896579059060459,0.044451762570833796,0.053345992382540355,-0.014962872676712377,-0.022305757514298277,-0.09393182700485338,0.015267415439571046,-0.018750549345375917,0.0037807228399061523,-0.02828471383858199,0.0,0.027292142288007554,0.003868476777920332,0.016529296674559026,0.013072128730597907,0.056954913729339716
2025-06-25,-0.028882896936654915,-0.02985296314968116,-0.016667061646543146,-0.0465200755618,0.03945883674054771,0.008810629682154906,-0.053168667880678214,0.0,-0.020144528532459658,-0.007272720044824722,-0.005305108399925661,-0.01354422510775726,-0.029280274099114576,-0.012903404835907841,0.041874072471059016,-0.04367506350266153,0.0043478329361034225,-0.02666821142870183,0.03308708798570319,-0.029229629764351714,0.0134229551217898,0.034486176071169404,-0.0036297680505787237,0.0,-0.025560496979535104,0.01564973818675413,-0.02188271124950771,-0.004866189651172899,-0.004514656503114173,-0.020834086902842025,0.029656209582888022,-0.039740337289099335,-0.05686286189454321,-0.10008345855698253,-0.04651996612326439,-0.015267415439570903,-0.035316671924899845,-0.0037807228399060443,-0.00823049913651548,-0.040821964110695455,0.0,0.01151644206155908,0.012220091851754518,-0.0035482472193424674,0.006896570652532593
2025-06-26,-0.018484790780852408,0.005037794029957081,0.002797169321785043,0.02985295345562231,0.014771317320312503,0.01739174271186924,0.0034071583216143558,-0.00448432143621259,0.00579711527057493,0.0024301431555639476,0.018445863770299734,0.044451762570833796,0.029280274099114524,0.0,0.006289328907563918,0.008888947417245994,0.00863936259070786,0.05820608287239236,-0.015727127123222415,0.0042283163836424045,-0.0044543672757921746,0.01680711831638119,0.032203140494634734,-0.007362001981956787,0.04431104632491099,0.0,0.013187004281953681,0.019324272826402842,-0.003399510274983953,0.04795439312203584,-0.01636697746420536,0.013423023288798665,0.06187540371808745,0.013755375068485419,0.007905187304219989,0.0076628441835821385,0.012987195526811112,0.0037807228399061523,-0.008298802814695066,0.020619324882217942,-0.007722046093910278,0.03377431711860405,0.004040423913588928,0.0,0.0034305309367095083
2025-06-30,0.007434984239596932,0.0050125418235441935,0.022100359887220065,-0.025533246849313896,-0.008836581800498,0.02972618026520069,0.033447934067540125,0.011173212548673548,0.0028859741234994857,0.0,-0.023779194402153033,-0.030907537463076663,-0.029280274099114576,0.017167803622365498,0.03994386613164407,0.05173567439918889,0.01069528911674795,0.0,-0.029880411923408904,0.020877615479833547,0.004454367275792163,-0.03390155167568134,-0.0035273405179684107,0.03390154510691877,0.06589209380870312,0.009273629635737803,0.004357305368955626,0.0,-0.0011357125304723736,0.013289232118682706,0.0065789710980425605,0.047731413019154484,0.13976194237515863,0.08883121370661583,-0.019881390281448263,0.05505953988227646,0.04108002574346466,0.0657170716570154,0.024692612590371414,0.02020263922847742,0.041751794680221756,0.02550229281093626,-0.004040423913588913,0.01645160489200506,-0.006872870938912399
2025-07-01,-0.0037106209440793056,-0.015113637810048184,0.0,0.00858372499182987,0.026278884463840434,-0.004192878260035927,0.009820046180975513,-0.011173212548673586,0.0028776692387926586,-0.02706194949752802,-0.010752760591616384,-0.01810004164361799,-0.027000610844438836,0.004246290881451004,-0.003016593539425679,-0.042925044717033886,-0.008547060578458408,0.01041676085825558,-0.00984767629964857,-0.004140836806921692,0.026317294888154062,0.01709443335930004,0.0,0.011834435235930333,0.01438873745209967,0.009188480687274975,-0.039916607405442554,0.0047732787526575905,0.0034033667683907192,-0.054250589749748,-0.0032840752011898846,0.03333642710676315,-0.049007579106694496,0.014888612493750559,0.011976202977228251,0.0,-0.018750549345375917,-0.021429391455899165,0.0,0.0066445551471736785,-0.014981553615616946,0.010733555643108633,0.0,0.0011648690006803126,0.013698827774052352
2025-07-02,-0.003724363295517622,-0.06284790365966364,-0.030515524635822928,-0.004282706943819319,-0.011594332780919257,0.012526259819180256,-0.026404174196510737,0.02002284630200141,-0.002877669238792712,0.0024906698688909735,-0.005420124913066799,-0.004576667027411867,0.004201696307637006,-0.01279335145990947,-0.04637616179015074,0.0,-0.0021482285382896063,-0.010416760858255715,0.023289361879897604,-0.008333342717095639,-0.013072018249763114,-0.03448617607116932,0.03472571137382971,0.01197619104671562,-0.020202707317519466,0.006920442844573757,-0.009090971701251963,0.009478743954543739,0.009019179270797904,0.017271586508660716,-0.006600684031352024,0.024292697411177955,0.0,-0.01739174271186922,-0.011976202977228378,-0.01526747213078842,-0.0031595602903684815,-0.018215439891341216,-0.008163310639160981,-0.006644555147173735,-0.011385322225125352,-0.010733555643108664,0.10738278696872364,-0.008182441659326961,0.0
2025-07-03,0.03303051334169916,0.042334363826560736,-0.00848658115217199,0.012793378229107656,-0.0058479698824231,-0.012526259819180256,0.0425596144187959,0.0065862064978599,-0.008683089394074467,-0.012515784330748332,0.0,-0.009216655104923952,-0.006309130857091676,-0.012959144642505228,-0.02564243061333767,-0.00881062968215492,0.023380448644063714,0.020726130517116952,0.00596742647586437,0.0,0.00873360010792344,0.0,-0.006849341845574783,0.023530497410194036,0.005813969865419816,0.015552413007484785,-0.004576667027411867,-0.004728141195946012,-0.009019179270797926,0.02702867238791942,0.03257617043461267,-0.01207258362593023,0.03587828766490185,0.04652001563489291,0.011976202977228251,0.007662872745569097,0.00944888919793251,0.05715841383994862,-0.00823049913651548,-0.006688895785042029,0.022642476749759752,-0.02550229281093612,-0.027651543932068326,0.009345862418237599,0.08161139952112983
2025-07-04,0.010772068271502356,-0.005194816877104023,-0.002844991209322731,0.008438850572195749,-0.0029368596733097135,-0.021232220105774167,-0.03922071315328127,0.010881522535410283,0.00579711527057493,0.0075282256640490375,-0.002721008836047731,0.004618945856294458,0.0,-0.008733679968754553,0.00647251450561752,0.0,-0.03854867011723502,0.010204170174241668,0.01769154784078239,-0.012631752339458516,0.0,0.034486176071169404,0.0170361871525678,-0.009345862418237658,0.03138631382067066,0.0,-0.013857034661426241,-0.009523881511255479,0.0011318560370656182,-0.013423020332140661,-0.029270382300113224,0.004040410340654475,0.03037109787629877,-0.00961545869944198,-0.011976202977228378,0.015151805020602246,0.006250020345171326,-0.02460581080220019,0.004123717183862156,-0.006734044237684383,-0.007490671729157626,-0.029964788701936394,-0.028437948649104927,0.0023228814161397287,-0.0318498666155042
2025-07-07,-0.007168495360453303,-0.026386755173194887,-0.008583710644851595,-0.016949521857484124,-0.011834457647002796,0.029600469776290682,-0.030459207484708574,0.012903431023033976,-0.002894327082378494,0.0,0.00814113374911469,0.0,0.0,0.021692824611259754,0.06856267143729668,0.0,0.03433813758089162,-0.005089069507471293,0.007168489478612497,0.00843889374524917,-0.004357209169139109,0.01680711831638119,-0.010186845306993018,-0.014184634991956413,-0.04011999378942529,0.0,0.0,-0.004796172263493055,0.0,0.01675081042481535,-0.009950330853168092,0.00803217328527563,-0.004282661792000848,-0.009708814126960938,-0.012121372753845741,-0.01515180502060222,-0.012539349252735251,0.017637141486106876,0.004106781952653502,0.0,0.007490671729157659,0.026267926820610105,0.0,-0.004651171175730844,0.009661899126213019
2025-07-08,-0.0072202539405718715,0.015915455305899582,0.002869406150839398,-0.00858372499182989,-0.005970166986503796,-0.012578782206860073,0.006849341845574768,-0.0042826704461154,-0.014598883394638603,-0.007528225664048951,-0.008141133749114546,-0.0046189458562945285,-0.004228345461105005,0.029600469776290682,0.014947961435873148,0.026202372394024117,-0.00634922767865878,-0.020619287202735703,0.017699577099400857,0.004192858594209305,-0.01318705373268906,0.0,0.00680274732275262,0.0,-0.029675768146116666,-0.009302392662313561,0.01385703466142628,0.014320053774748471,-0.003399510274983953,0.035892923060606534,0.0,-0.016129385131727927,-0.03939240171066072,0.014528100562909808,0.008097218413140251,0.0,-0.006329135051647512,0.024180798197214613,-0.016529301951210582,0.006734044237684384,0.0,-0.01869213301215252,0.02843794864910488,0.0069686693160934355,-0.02597545445828833
2025-07-09,-0.007272689430642281,0.005249355886143745,-0.0028694061508392423,-0.004319706606308394,0.046792161506758884,0.0,-0.003418806748785609,0.012793377202233013,0.0,0.0075282256640490375,0.0027210088360478057,0.018349138668196617,-0.0021208433930232228,-0.0041753714104806215,0.03211954942211252,-0.008658062743114541,0.03135052988407601,0.015504186535965254,-0.005277057100843781,0.008333342717095526,0.013187053732689169,-0.01680711831638129,0.023451661035049882,0.0023781224049674193,-0.003016593539425679,0.01851904776723753,0.009132483563272474,-0.009523881511255479,0.0011345156509650156,0.03464913541317428,0.006644542718668511,0.016260520871780326,0.06062462181643484,0.014320053774748471,0.016000357317933887,0.0,-0.006369448285479823,0.00680274732275262,-0.0041753714104806215,0.05229949071180413,0.01848481467410316,0.007518832414027319,-0.018868493105471174,0.0172121743273883,-0.0032948917851235676
2025-07-10,0.0180836517491416,0.06584656579758653,0.055880415543827916,0.012903431598138174,-0.028987536873252298,-0.04311012365372855,0.023689771122404665,-0.008510706756117672,0.011696095206442143,0.027128695139772563,0.050341753913948156,0.04879016416943204,0.023086017839921664,0.0207046733616912,0.0,-0.008733679968754553,0.0,0.005115100666770409,-0.020040750883446153,0.012371297535521875,0.004357209169139209,0.01680711831638119,-0.006644542718668613,-0.007151401157625128,0.014992784586141318,-0.003062789530545767,0.013544225107757253,0.0047732787526575905,0.010152317857751088,0.009245058144051209,-0.0033167526259939265,-0.04536860502985095,0.059140575043939825,0.0,-0.003976152324789055,0.0,0.01898791224469138,0.003384097984240494,0.01659789140903783,0.01892794575981194,0.007299302481611535,0.007462721201589594,0.03738754935082139,0.010186799860726006,0.04200935665490513
2025-07-11,0.0035777869825259377,-0.014815085785140587,0.01617286844676445,0.016949521857484134,-0.014815085785140587,0.013129291441792802,0.0,0.006389810942138362,0.002902788188196548,0.016888211852596445,0.0025807087415502736,0.034045841409717066,0.0306458272036255,0.0,0.033901551675681416,0.0,0.016326893287428666,0.0,-0.0329247846964665,0.004090028828514384,-0.004357209169139109,-0.01680711831638129,-0.0033389012655145986,-0.012033839563723565,0.014771317320312503,0.012195273093818206,0.0395656002061911,0.0,0.010050372989705248,-0.02799560748942698,0.05808083803596879,0.016736792355523826,0.019608471388376337,0.0,0.003976152324789093,0.0,0.0,0.0067340321813441194,0.020367302824433733,-0.01257880571515462,0.018018505502678212,0.014760415583120674,0.0,0.008968669982760316,-0.0031695709563804506
2025-07-14,-0.010772068271502285,-0.020101179321087265,-0.0243584216063992,0.02079077800676233,0.00298062813813772,-0.004357305368955701,0.013289232118682706,-0.0021254035752183978,-0.011661994693836478,-0.03406654199773878,-0.026111138119036256,-0.008403410796379504,-0.0579871798595243,0.17958557697507987,0.15415067982725836,0.008733679968754631,-0.022518863535349862,-0.0470060423759306,0.10953588706830696,0.0,0.013015304856122248,0.0,0.02640417419651071,0.007237667300230602,0.014556297774207454,0.012048338516174574,-0.013015368112070361,-0.02409755157906053,-0.0022246832391484305,0.009419221916491558,-0.022187914975362218,-0.0083333815591443,-0.02955880224154439,-0.009523881511255479,-0.007968177571037243,-0.007662872745569137,-0.009448889197932507,-0.006734032181344068,0.004024150299725548,-0.012738949637206643,-0.02166149678117942,-0.014760415583120573,0.018182327255785294,0.007782184680447783,0.0
2025-07-15,0.014337174375808353,0.0050633019565466345,-0.005494522304485732,0.020367310825925068,-0.02409755157906053,-0.031044621681960163,-0.009950330853168092,0.0,0.0029282886368285294,0.002472197575379627,0.02611113811903633,0.02087758502155518,0.0021298778963774064,0.059818495210910205,-0.03390155167568134,-0.017544309650909508,-0.0020725396019724233,0.047006042375930576,0.03601043752303303,0.004073306318795661,0.07071557581352868,0.0,0.00972454989199478,0.0,0.0028860048891348514,-0.0029985029962565574,0.0,-0.004889985294191792,-0.0022297335623640145,-0.015748356968139168,-0.019418085857101627,0.0207046733616912,0.12221763272424911,0.028303776162851724,0.003992025246248175,0.0,-0.009539023046758948,0.09960071657319311,-0.008064559836730408,0.037740298278760645,-0.0036563112031105433,-0.01876227645552289,0.05264375632677673,0.0011067627367983297,-0.003179649088246089
2025-07-16,-0.014337174375808349,0.0,0.013680075464120384,-0.01626048564174646,0.003044142381228052,-0.03203935374461666,-0.0033389012655145986,0.01058202590276864,-0.002928288636828579,0.01956052759890032,0.0,0.024491020008295696,-0.0021298778963773912,-0.006472514505617479,-0.00990107098271157,0.06840272688440062,-0.01042762316225905,0.005089069507471228,0.03785941104342246,0.05535013820808,0.03162310359682985,0.0,0.003220614700042157,-0.004819286435948883,0.008608374536600101,-0.006024114603380902,-0.008771986072836994,0.02421425812059453,0.0033426938337499257,0.028170876966696224,-0.013158084577511088,-0.0248975516217272,-0.03603993648319693,-0.009345862418237658,0.03137515327594485,0.03774032798284711,0.003189795368100081,-0.015408625352845068,-0.00405680069561443,0.012270114960440323,0.025317807984289786,0.0037807228399061523,-0.008583747334193698,-0.001106762736798271,-0.006389790366866731
2025-07-17,-0.014545722560846686,0.005037794029957081,-0.005449607901658659,-0.0041068251841785385,-0.015314234973042481,0.04989697114462304,0.006666691358189297,0.008385810839790724,0.0,-0.004854395029137676,0.0025739964899755604,-0.01626052087178029,0.006376178209000447,0.003241493924171023,0.08119015473001322,-0.016667052485211647,0.052079149044889694,-0.005089069507471293,0.021440331237869408,0.04695693550529595,0.03817261984355721,0.01680711831638119,0.034758633365174256,0.0,-0.023122417420854264,-0.006060624611690958,0.008771986072837041,0.07820074730747496,-0.0011129602713859888,0.04230237969068937,-0.0033167526259939265,-0.004210532536343494,0.009132483563272474,0.036870535808327796,0.022901691935577662,0.0,0.0031796529173798056,0.012345835822299362,-0.008163310639160981,0.041797111390797455,-0.03636764417087483,0.04428768020111628,0.0170944405831621,0.0011067627367983297,0.009569439455112782
2025-07-18,0.0,-0.02030526616074557,0.0027285521683936527,-0.020790778006762295,-0.009302392662313561,-0.004434597067865753,-0.013378125946176087,-0.008385810839790744,-0.011799481395034003,0.0024301431555639476,-0.007741951521362833,-0.012371291802546829,0.0042283454611050705,0.03497971889602668,0.03603993648319687,-0.01694955831377332,-0.015037877364540559,0.0,-0.004555816535860691,0.06224229142534081,-0.015094585358807098,-0.03390155167568134,0.03359094443603542,0.004819286435948922,-0.026668247082161294,0.0,0.004357305368955626,0.039050514871873034,0.0033351716513106136,-0.005934735519814578,0.0033167526259938207,-0.047525141862845295,0.0,0.09077502463893368,-0.01904811891393589,0.0,0.03738753207162041,0.01522099401035517,0.004089985251525066,0.045722243717812854,-0.041593897298837015,0.0,-0.025752507032432103,-0.0055462814853296455,-0.04214556969406519
2025-07-21,-0.011049806541255626,0.025317807984289786,0.026883353694715825,0.02079077800676233,0.00311042241439233,-0.008928630744301318,0.07145896398214505,0.0021030545901740984,0.0029629941360132554,-0.012210205826266897,-0.007802427717274988,-0.025211419346496056,-0.012739054071965895,-0.012578782206860073,0.05592855265922477,0.00851068966790861,0.0,-0.041672696400568074,-0.00917437627604127,0.058594148800565383,-0.007633653476994654,-0.01739174271186922,-0.0030075210639553284,0.009569451016150672,0.09175486360204772,0.00907721815111668,0.012959144642505116,0.04167269640056808,0.0011092565954403566,0.023530497410194036,-0.0033167526259939265,0.008810629682154906,0.05310982531394833,0.012320484388040657,-0.01160555732377675,0.04348511193973889,-0.003062789530545767,0.009022617599637552,-0.012320484388040624,0.05963829023147699,-0.03937516523483017,0.01077209698191104,0.13786975595425843,0.020914311713643528,0.026145247740332642
2025-07-22,0.032789810391078617,0.08157998699242285,0.04156437865765401,0.004106825184178435,-0.012500162764231494,-0.009009069942365968,-0.07483164846078424,-0.014815011031851233,-0.005934793703178712,-0.004926069899059722,0.002607555888289719,0.0,-0.004282671385427402,-0.0031695747612790672,-0.08283600557914918,0.01680711831638119,-0.002022245380767809,0.0,-0.0046189458562945285,-0.01639373317251998,-0.015444381007755416,0.01739174271186924,0.01197619104671562,-0.014388737452099556,-0.005494519317640702,-0.009077218151116652,-0.012959144642505228,0.004073325387635869,0.011025412129911623,-0.008759180089881578,-0.030356462480593954,-0.026668247082161294,-0.0996298409488413,-0.04593709518702554,-0.01964701664902087,-0.028778964550043404,-0.015456258236691802,-0.052239219099419816,0.0,-0.04852704453274151,-0.03265596297405257,0.017699577099400857,-0.015267479333602299,0.0043478329361034225,0.012820672865486327
2025-07-23,0.028270455769906097,0.12136085700426753,0.02760531428056624,0.03226089358706382,0.012500162764231468,0.01793770068666725,0.026668247082161273,0.05395499947092047,0.0029717995671654,0.012270069429110428,-0.01047126955469579,0.012685159527315642,0.004282671385427405,-0.006369448285479823,0.004535155165391363,-0.00836824967051658,0.01706012274530839,0.005305052229693098,0.010744539282977163,0.00823041027928415,0.0038835148417598908,0.033901551675681416,-0.02105340919783238,0.009615458699441973,0.016393809775676352,0.0150832422113285,0.08737363020858843,-0.06291382541056932,0.0054675417226162865,-0.020741484306816355,0.023689771122404665,0.03974032864951412,-0.009569451016150672,0.041847109935500504,0.007905187304219989,0.042863704431782314,0.00311042241439233,0.031058397019972803,0.008230499136515444,0.010989141406119318,0.024591403137322113,0.0,0.03774034558972515,0.04038806090528803,0.0
2025-07-24,-0.03546473705888248,-0.028987536873252298,-0.022529158359488138,-0.016000407945317305,0.02454110891611766,-0.02702867238791926,-0.003294895896852538,0.020000608093357967,0.008862592694231832,0.028848126129050047,0.038714469954555776,0.02079076966907369,0.025317863865997853,-0.01286191364240781,0.004514680354526613,-0.025533302005164762,-0.015037877364540559,-0.010638398205055754,-0.006125593426682731,-0.033336367471222275,0.011560866165995462,-0.01680711831638129,-0.05305456295588951,-0.00961545869944198,0.005405418566907982,0.0,-0.016064602503806674,-0.008695706967553932,0.007604559381594777,-0.00902261759963753,0.009983443984183205,-0.008695706967553932,-0.029270382300113224,-0.00823049913651548,0.011741829344801025,-0.007017572658646535,0.009273636785329253,-0.021639175103481182,0.012220111334775397,-0.027702652961202716,0.01207258123426924,-0.003514942107444497,-0.022472866256122995,0.009331368654135795,0.009508776554102207
2025-07-25,-0.0072464142579703565,-0.008438868645864595,-0.030850793508398748,0.0,0.0,0.004555816535860661,-0.020000666706669543,-0.009950351506910428,-0.0058995985582186335,-0.03129013816816891,-0.01788037353948758,-0.016597891409037828,-0.02318333346413738,-0.009756174945364685,0.11075136429270266,-0.01739174271186922,0.008048333182828415,0.005333345975362603,0.013730192811902037,0.03333636747122227,-0.023256849346430457,-0.017094433359300068,-0.012903404835907841,0.019139340210697506,-0.016304709024943582,0.005970166986503754,-0.012220111334775331,-0.008771986072836994,-0.006514646769724292,-0.027566829832654592,-0.016694878572169992,0.013015368112070227,-0.009950330853168092,-0.020877585021555255,-0.02761519422005814,-0.021353124470568946,-0.012384059199721666,0.01242251999855711,-0.008130126083250176,0.005602265856347784,-0.012072581234269249,-0.007067167223092443,0.0,-0.015600981667731311,-0.02556046604718191
2025-07-28,0.021583588633778683,-0.021414094503816584,0.0052083481487960335,0.06252041900246058,0.006042314455962662,0.004535155165391363,0.0,0.019802668198688596,0.005899598558218685,0.028917712608368326,0.015345593668795465,-0.008403410796379504,0.0021298778963774064,0.035316671924899935,-0.004040409537004974,0.008733679968754631,-0.004016069654889943,0.0,-0.0015163005179639638,0.016260545182283776,-0.011834502301350391,0.01709443335930004,0.0,-0.0312901579932101,0.018996500690655085,-0.0029806281381377893,0.10863384100279537,0.004395611473038129,0.01298721424358147,0.02454110891611766,-0.0067567824628797625,-0.0306369694618898,0.058268908123975824,0.08876792056440655,0.01587336487525707,0.014285957247476434,0.00311042241439233,0.04230237969068937,0.004073325387635869,0.08561374286588137,0.004040409537004906,0.014084739881739023,0.022472866256122975,0.013534865315523602,0.006451627399208981
2025-07-29,-0.010733601464759279,-0.02188271124950771,-0.00260074886431792,0.018762188184933214,0.006006024060211949,0.03118292743668806,0.010050335853501506,0.0,-0.011834392261397233,-0.014354362641471718,-0.005089054489533791,-0.008474626990972232,0.002125456919599852,0.0,0.0551320706947163,0.008658062743114531,-0.012145898302108115,0.010582109330537008,-0.003039516017896704,-0.016260545182283852,0.011834502301350506,0.0,0.016103407566578673,-0.022250608934819806,0.01069528911674795,-0.008995562908577873,-0.003683245416296405,-0.004395611473038109,-0.0010758416354621756,0.02099027589183583,0.010118130165584686,-0.004454350349380309,0.0,0.019121041446778377,0.038614778819044494,0.021053409197832263,0.012345835822299362,0.07958743791834745,0.0,-0.020726087267344977,0.03174869831458027,0.0069686693160934355,0.0,-0.001034702551292094,0.0
2025-07-30,-0.01084998716901929,-0.0223722977545331,-0.010471305652997686,-0.01498152157361449,-0.006006024060211922,-0.04485056616535179,-0.0033389012655145986,0.009756194800950862,-0.002980596233567166,-0.007255131631561695,-0.03636767729829805,-0.02150620522096362,-0.01929329908320542,-0.012698583337127431,0.0,-0.008658062743114541,-0.004081638319648507,-0.010582109330536972,-0.008022965670999358,0.040166101065932804,-0.015810665802980507,0.0813456394539524,0.012698583337127343,-0.0075282664207915245,-0.024227295335324237,0.008995562908577783,0.05037035938894959,-0.04967160979723772,0.009641159347749829,-0.03012275945510836,-0.003361347702704883,-0.008968669982760375,-0.028710105882431367,-0.034685557987889984,0.0037807267634690834,-0.01398624197473984,-0.0061538655743782235,-0.07075085611784943,-0.004073325387635786,0.010416698493211087,-0.01972450534777859,0.0,-0.022472866256122995,0.00927367775688684,-0.016207790327961297
2025-07-31,-0.010969001879019991,0.004514680354526613,-0.02666826209371336,0.011257177752428712,0.01197619104671562,0.062242308877221,-0.047954393122035865,-0.00975619480095094,-0.012012212893069354,-0.02706194949752802,-0.01869215051343325,-0.030907537463076663,-0.02409755157906053,0.0,0.007633624855071205,-0.03540192705091595,0.008146684567818108,-0.02150620522096362,-0.005770356461336367,-0.015873372322859184,0.003976163501630017,0.015504186535965254,-0.0031595602903684815,-0.012674440896727824,-0.06181743102321051,0.01775194545845032,-0.04668711397265324,0.018349138668196617,-0.019376264000069685,-0.021639175103481182,-0.037740327982847086,0.05690813227187958,-0.0703807967617995,-0.07743174013281603,-0.03065367623771266,0.00701757265864654,0.006153865574378286,-0.02976410190645386,-0.012320484388040624,-0.04233435988445705,-0.020121403199421063,0.0,-0.07878091622876254,-0.009273677756886938,0.11122565248160783
2025-08-01,0.007326045676825211,0.0,0.00807545395921333,-0.011257177752428679,0.008888947417245994,0.0,0.010471299867295437,-0.019802668198688585,0.0030165614204760985,0.0,0.008053711481654397,0.0,0.004424795977255946,-0.0032000027306709027,0.022557347424074527,0.0,-0.03299268315434889,-0.02197890671877523,0.0023121397583796004,0.06203538723254247,0.019646970640025473,0.0,-0.028894465999715003,0.010152371464017908,0.03138631382067066,-0.0058823699030665245,0.0709517359722844,0.0400944572018782,-0.0032661805676699514,0.05176193455858958,0.0,0.02521141934649607,0.06062462181643484,0.037426405519116815,-0.04781792190807598,0.13090557054685498,-0.0061538655743782235,0.017964554975298894,0.0,0.1362304651451631,0.020121403199421028,0.03413300636945862,0.03226087829944557,-0.005189383673787677,0.03448613352600102
2025-08-04,-0.01100933231312775,0.01342302033214077,0.018592808134500042,-0.02290171436796845,-0.15957341926801807,-0.013015368112070361,0.010362787035546658,0.004987551889287754,-0.003016561420476038,0.0,-0.008053711481654372,-0.01810004164361799,0.019672755601804582,-0.08004270767353637,-0.04563529470661934,0.0,0.006269613013595395,-0.011173300598125189,0.0007695267790285181,0.13353141566771098,0.019268491811742793,-0.031252543504104426,0.053895768205132255,-0.03599360264790537,0.057314456595980286,-0.011869575555383882,0.053345980705292714,-0.031044621681960163,0.007604559381594777,0.008862687257845324,-0.010544913176614998,-0.033758479924954427,0.009756174945364656,-0.03742640551911691,-0.016461293959050275,0.16893998809812324,0.009216655104924048,-0.0455313848079534,-0.008298802814695066,0.0550598061640279,-0.020121403199421063,0.016639319003964724,0.00790518336913953,0.01957812112588717,-0.0056657306462607904
2025-08-05,0.029092984062269334,-0.008928630744301318,-0.01859280813450012,0.015325936946009752,0.05060101329378945,0.05521572260244677,0.010256500167189061,0.0,0.01796460869380196,0.051043869330362014,0.008053711481654397,0.018100041643617937,0.02774992248678821,-0.017513582492708357,-0.04374454896285695,0.008968669982760316,-0.02105340919783238,0.022223136784710256,0.01375117161282442,0.045023668185715286,-0.015384976969982827,0.03125254350410453,0.030397477184370948,0.0026143805740708936,-0.021448543407483627,-0.005988041844622557,-0.04312442663375469,-0.004514680354526583,-0.0032520183164265627,-0.02985296314968116,0.0,-0.012959144642505228,-0.033566823639083275,-0.01279335145990947,-0.02521133959636443,-0.015666116744399463,-0.006134988567515944,-0.015649771667127665,0.0,0.05218571293654623,0.020121403199421028,0.0,-0.023905532626505376,-0.006141268022082465,0.02247289889064812
2025-08-06,0.01776243348963526,-0.004494389587839326,-0.0026846022574605953,0.003944778291016325,-0.003294895896852538,-0.042200354490376416,0.04652001563489291,-0.025190200416904323,-0.014948047273325922,-0.02884812612905005,-0.008053711481654372,0.013363227812167158,-0.010582080323182606,0.020979790469194466,0.01212136053234482,0.008888947417245994,-0.017167803622365446,0.0,0.007558614973926624,-0.019048223142023833,0.0,0.0,-0.00902261759963753,-0.0026143805740708207,0.05278269957791917,-0.01512888159630009,0.010118130165584686,0.03118292743668806,0.0021691868552489025,-0.01834913866819654,-0.014235115821871985,0.029980832211935857,-0.036813973122716316,0.029600469776290682,0.0,0.005249355886143745,0.03922071315328133,0.012539349252735173,0.008298802814695064,0.0,0.003976148379639417,-0.013289232118682765,-0.016260529042079752,-0.012396852976828571,-0.0367792769708959
2025-08-07,0.0035149814462912383,0.031044621681960108,0.005361946175460854,0.02718614030415678,0.149898370088728,0.025533302005164845,0.022472855852058576,0.012170560143294757,0.0,0.0048662062962160505,0.0,-0.013363227812167141,-0.004264408298237874,0.0034542348680876036,-0.04518222279323291,-0.00888894741724604,-0.01967276559870478,0.02710192977779118,-0.01364691384118188,0.031548404103883806,-0.019570069263239478,-0.031252543504104426,0.006024114603380876,-0.005249355886143678,0.05257781607990718,0.0,-0.006734032181344068,0.0043763745997987815,0.00216449166654053,-0.012422519998557209,-0.010810916104215617,0.025001302205417186,-0.03390155167568134,0.0368139731227164,0.05384318149653584,0.07073655109177827,0.0,-0.0062500203451712946,-0.008298802814695066,-0.0344861725833901,-0.01197619104671565,-0.013468217050866593,0.016260529042079808,0.002076843944839069,0.017143255960980767
2025-08-08,0.027683378655424785,-0.022075951699199847,-0.04372283623564317,0.0,-0.011428695823622744,-0.012685159527315687,-0.019231361927887644,-0.008097226514854325,0.0,-0.012210205826266897,-0.0026990491099620193,0.0,-0.0021389897005538025,0.0921704597996571,0.03306086226088821,-0.018018505502678365,-0.006644542718668613,0.02116481119204333,0.1823215567939546,0.08907961404641487,0.04255957610172986,-0.01600034134644119,-0.012084739215071886,-0.015915455305899568,-0.022195732391784323,-0.006116227017436094,0.07796154146971192,-0.008771986072836994,0.009682736680044256,-0.006269613013595374,-0.0036297680505787237,-0.012422519998557209,-0.07609934353864717,-0.008064559836730408,-0.02863184190017143,-0.02469261259037152,-0.002962965130657072,0.01863407954489301,0.0,0.03448617258339011,-0.004024150299725491,-0.0033955890011381604,0.0,0.002072539601972375,-0.008534892027218039
2025-08-11,-0.017212106931688724,-0.008968669982760375,0.011111231939544153,-0.015444322427473631,-0.047067510857985856,0.012685159527315642,-0.049761509559063825,-0.004073333628440528,0.029675817305188517,0.03144156959363361,0.029296426885364196,0.07762516203053625,0.010649698311414739,0.0958817717032825,-0.045746021788203806,-0.01834913866819654,-0.008928630744301318,0.0460439385014068,0.06882322181312016,0.08701137118519027,0.022472940717262496,0.0,0.003034903695154111,0.02116481119204333,-0.022699587516106692,-0.00924505814405105,0.015504186535965254,-0.004415018209116831,0.014878071317834363,-0.00314960890289622,-0.003642991278501092,0.01242251999855711,0.009259325412796726,-0.0329247846964665,0.028631841900171456,0.0,-0.008941937375661282,-0.037621991789584294,0.004158010148663677,0.04959696786026099,0.07381991223526739,0.016863806052004725,0.03953085807400949,0.005162675219145587,0.0056980141464849175
2025-08-12,-0.017513559767677822,0.0,0.027249658120638263,-0.019646997383796536,0.020865138463961756,0.004192878260035958,-0.013698844358161915,0.018200641676526724,0.034486277771135956,0.03738753554806709,0.061087648981740836,0.044632154020768366,0.03946517724543422,0.03922071315328133,-0.00426439878645754,0.018349138668196617,0.0,0.0,-0.007151401157625128,-0.010471315325434452,0.05406714568183553,0.04725288485054551,0.0,0.0,0.0,-0.003100777678248271,0.030305349495328843,0.021882711249507587,-0.04973998143736421,-0.006329135051647512,0.007272759329079878,-0.012422519998557209,-0.03278982282299084,-0.04711792297706985,-0.01626053736692883,-0.040821994520255166,0.005970166986503754,0.00953902304675891,0.012371291802546829,-0.04115808362197166,-0.015094626222485016,0.06160780938949037,-0.007782144184796238,-0.003094422155086467,0.016901790365283494
2025-08-13,-0.01782583526991203,-0.050819248396213004,-0.016260530172962338,0.015748356968139112,0.0117303397854896,-0.01687803778735175,0.0034423441909726986,0.036403504110429155,0.008438778038886508,0.002290898844102679,0.007380085752305521,0.057819570888826236,-0.008180022628061109,0.0,-0.008583743691391442,-0.01834913866819654,0.004474280394921107,0.06765864847381486,0.056959031923227786,0.02597552445406392,0.02083416545247877,-0.015504186535965199,0.0,-0.00788440352414887,0.002547772078798783,-0.003110422414392391,-0.04580953603129422,-0.02188271124950771,-0.0033314679753651,-0.006369448285479823,0.01438873745209967,0.0408219945202552,-0.009569451016150672,0.0,0.03226089468486277,0.03580945269671078,0.0,-0.03543043697950045,0.004089985251525066,0.008368265003067216,0.0,0.05505977718302739,0.00778214418479617,-0.008298802814695066,-0.0027972012625474088
2025-08-14,0.003590708377927396,-0.004750602758597865,0.005449607901658657,-0.01972450534777859,0.0029112102074585343,-0.017167803622365446,-0.006896579059060329,-0.014598829060650813,-0.016949609408751457,0.004566233741861365,-0.004914066904854783,0.011173300598125255,-0.004115241213993239,0.013642776403786479,-0.008658062743114541,0.0,-0.006718950248744981,-0.009389740349839032,0.03878602503515645,0.04020641707147906,0.017036162842744906,-0.0317486983145803,0.006042314455962662,0.026043138536019875,0.0,0.015456258236691672,-0.025317807984289897,-0.01785761740000646,-0.0033426938337499626,-0.01935544295295609,0.024692612590371414,0.054488185284069776,0.0,-0.004395611473038109,-0.028170905259055135,0.01496287267671232,-0.01197619104671565,0.009788006366162944,-0.012320484388040624,0.008298817893814831,0.007575793808457723,0.017699577099400857,-0.01562532544750413,0.007265252301928228,0.02489759104297051
2025-08-15,-0.014440695546946755,-0.038839833316263894,-0.01643873584933446,0.003976148379639417,-0.00583092031079321,-0.02188271124950771,0.0034542348680876036,-0.01481511630940075,-0.008583769899592517,-0.004566233741861396,0.014670213611210913,-0.05324451451881224,0.0,-0.05286348955706777,-0.008733679968754553,0.0,-0.0022497197340154416,-0.02386748140664343,0.006500564603093463,-0.06093257786986344,-0.01360570349985556,0.0,0.03840944811487126,0.01783486763603432,-0.06301296782873404,-0.012345835822299379,0.022187914975362138,-0.018182319083190474,-0.006718915030103939,0.00972454989199478,-0.035464709572282656,0.02985296314968113,-0.014528100562909744,-0.022272635609123178,0.0,-0.04557750849631925,-0.003016593539425679,-0.01636697746420536,0.0,-0.03361660582784677,-0.019048194970694474,-0.03269236168554228,-0.032002746911061836,-0.007265252301928252,-0.04470019429219162
2025-08-19,0.0,0.004938281640582577,-0.005540183614756328,-0.032260862218221435,-0.017699577099400975,-0.0223722977545331,-0.031526253646773895,0.09485780150903146,-0.023256853839309224,-0.009195437795159404,-0.01960848111062739,-0.01972450534777859,-0.010362758148242824,-0.020202707317519466,-0.022173857494321967,0.03636764417087479,0.01785761740000647,0.004819286435948922,0.004310351501122263,0.12300498023182321,0.013605703499855465,-0.01626052087178029,0.020086758566737292,-0.012706651269114801,0.008097210232619303,-0.015649771667127665,0.0031298930089275656,0.013667638728663835,-0.00902935901584007,-0.01298719552681119,-0.014545711002378751,-0.02985296314968116,0.014528100562909808,0.03974032864951412,0.0,0.025576841789649776,0.006024114603380876,-0.03356019649230179,-0.008298802814695066,0.1936530550279825,0.03774032798284711,-0.018293193047325376,0.0,-0.013634149092837734,0.044700194292191624
2025-08-20,-0.003642956202194834,0.033901551675681416,0.0055401836147564556,0.008163310639160835,0.011834457647002798,0.06566910350785723,0.010619568827460351,0.0,0.0029368887008021996,0.022832059604575492,0.026863696159711604,0.05049616401453223,0.030771674391043207,0.0029112102074585343,0.05241374268404014,0.017699577099400857,-0.0022148403295527874,0.014320053774748471,-0.0070137865080069405,0.004619009149351655,-0.003384110714469453,0.0,-0.005698021114637779,-0.012870190520534907,0.005361943141385373,0.006289328907563918,-0.0031298930089277044,0.0,0.010152317857751088,0.025807883955872503,0.025317807984289786,-0.0037950709685516094,0.04235927383914164,0.00431966114451638,-0.033197998499634715,0.010050335853501506,0.014903405502574948,-0.03472571137382963,0.01242251999855711,-0.007067180501807874,0.04348511193973889,-0.009273636785329215,0.01612938996892685,0.03016345104404839,-0.013755357869466954
2025-08-21,0.0,-0.028987536873252298,-0.01671341669135217,-0.004073325387635786,0.026126304592219998,0.02096512846504487,-0.0035273405179684107,0.01793773744398847,0.0029282886368285294,0.013453104228239898,0.0,-0.03077165866675366,-0.010152444373379107,-0.020558727021036664,-0.030239885189718235,-0.03571808260207923,0.004424785980355636,-0.028848154337658277,-0.14075051964932847,-0.03278992827654958,-0.006802773043898204,0.0,-0.002861232281032235,-0.010416760858255715,-0.01075279177626185,-0.00628932890756399,-0.03509131981127006,-0.018265347977293313,0.0,0.046664764857118624,0.007117467768863955,0.01134227660393451,-0.01392133851860812,-0.01739174271186922,0.012578690077629512,-0.020202707317519466,0.02049852154834097,0.0035273405179684406,0.0,0.0,-0.017889564750775057,0.009273636785329253,-0.016129389968926797,0.05579135962841551,0.00552486899550628
2025-08-22,-0.0036563521006814227,0.00488998529419177,-0.0028129799967949523,0.004073325387635869,-0.014430264829028783,-0.046717624567459565,-0.0035398267051240623,0.013245166335956111,-0.011764775895849358,-0.022523492295794676,-0.012121390649628281,-0.007843177461025893,-0.002042855268442358,0.01179954693115503,-0.01324522675002068,0.0,-0.002209945650802844,-0.014742281737203431,-0.017604981564796035,0.10821363553219879,0.0,0.0,-0.03796076223922297,0.0026143805740708936,-0.002706361597742914,-0.0095087879690273,0.00647251450561752,-0.037563101575648496,0.0011216992197220583,0.0,-0.03978825005841269,0.014925650216675792,-0.03325722175648235,0.0,0.03278985636312645,0.02020270731751947,-0.002902759657961351,-0.0035273405179684107,-0.004123717183862041,0.06187541259139385,-0.007246408520767198,-0.003081666537408112,-0.016393818080473188,0.0,-0.025105960625485136
2025-08-25,0.0,-0.014742281737203431,-0.01991528300634634,0.016129381929883717,-0.011696039763191298,-0.008733679968754553,0.01757514482150749,0.008733698153590399,0.0029541196637013776,0.013574855920414464,0.026475662421310067,0.023347363996991107,0.012195299641821374,0.045853304496122245,0.0088496152769826,0.018018505502678212,-0.00888894741724604,0.0530244683082204,0.01323270726657434,0.1650797959149147,0.0,-0.016529301951210582,-0.008968669982760375,-0.007863736460214576,0.0,-0.019293202934678896,0.012820688429061469,-0.014458083175229888,0.004474256968470543,-0.0184054275427153,-0.04143718986417318,0.0036968618813262026,0.004819286435948922,-0.00881062968215492,0.0,0.014888612493750559,0.0,0.01751358249270821,0.0,0.11332870020148147,0.02158357166717439,0.021374859584733612,0.12419043988043343,-0.02253888609694878,0.0028208729260433083
2025-08-26,0.06385144998175156,0.004938281640582577,-0.0028777393725423627,-0.020202707317519466,-0.05129329438755058,0.0,0.0034782643763247925,-0.0219788644895466,-0.026907473281355846,0.020022984410479956,-0.009546648908408903,-0.031252543504104426,-0.010152444373379107,-0.005617992304223261,-0.04045495469231364,0.0,-0.01122346236984954,0.0046838493124264375,0.1257153240834421,-0.014598820323072177,0.010186883758367769,0.016529301951210506,0.041182289966415306,-0.01324522675002068,-0.019152432214756123,0.012903404835907782,-0.02580788395587259,0.00966191091173689,-0.001116688863093488,-0.006211200092640636,-0.007722046093910278,-0.02616971773338472,-0.014528100562909744,-0.013363227812167141,-0.012170547941121204,-0.024938948347252066,-0.008759180089881578,0.07683243204328825,0.03252319170555993,0.005934746536440468,-0.014337163146407218,-0.015220994010355243,-0.07579387488889841,-0.025089162892305818,0.008415186792979501
2025-08-27,-0.03496855304509673,0.01467018974779384,0.03955320050033965,-0.008196767204178515,0.009245058144051209,-0.01324522675002068,0.027398974188114347,-0.02247290200755866,0.006042312208315149,-0.0200229844104799,-0.00963853597048486,-0.01600034134644119,-0.02061923001766415,0.09914405031504682,0.04922694076515067,-0.008968669982760375,-0.011350859668689563,0.004662013105811371,0.04769865481939994,-0.05284246460423511,-0.06995857974680843,-0.016529301951210582,-0.03519424812179281,-0.005347606326595242,0.05899834076195576,-0.025975486403260677,0.03846628082779614,0.0,0.001116688863093446,0.03670136685042796,0.0,-0.04255961441879589,0.056887374402051424,0.0692917804713919,-0.012320497014382842,0.02985296314968113,-0.023739987303072942,-0.00969312920565968,-0.020202707317519466,-0.005934746536440418,-0.014545711002378751,-0.02799560748942698,0.02334737522657502,0.016129381929883717,-0.019746739023364553
2025-08-28,-0.007142893086831913,-0.009756174945364685,-0.019581018773776184,0.00819676720417849,-0.05032508388751577,-0.008928630744301318,0.0067340321813441194,0.013544253049427822,0.0030075507626000073,0.002244677605458139,0.002418373765950473,0.0510916611577113,-0.006269678936940474,-0.052367985517315925,-0.013187004281953801,0.008968669982760316,0.0,-0.014051753455650302,0.022379284222908177,0.007722057059004809,0.0036166539956663836,-0.01680711831638129,0.0,-0.002684565370668987,-0.010471299867295366,0.0,0.0031397200046678463,-0.029270382300113224,0.0011154432598985636,-0.009049835519917927,-0.01562531790308087,-0.011928570865273845,0.004597709248629549,0.048989387200273134,-0.012474187168497382,0.0709517359722844,0.02958795718549608,-0.01636697746420536,-0.008196767204178515,0.011834479550646978,0.0,0.0031496089028962013,-0.007722049779070859,-0.013085199075232182,-0.0028530654884039324
2025-08-29,-0.01081096231849936,-0.014815085785140587,-0.008510731709169503,-0.024794658613216277,0.012820688429061469,-0.01354422510775726,0.01993421490081733,-0.01354425304942789,-0.030490154356534547,-0.018100044087744464,-0.021978908166484293,-0.003838776307165713,-0.008421121384231173,-0.03001589594026561,-0.031463269455785106,-0.02715098906595086,-0.025434897147821604,-0.04338029563022517,0.020881838467377963,-0.06762023618311426,-0.00724643567009015,-0.017094433359300068,-0.012012156448003545,-0.035571465784867654,-0.015915455305899568,-0.019934214900817253,-0.04160600083246379,0.0,-0.013468146294603623,-0.006079046076382226,-0.04427282367798816,-0.03666398437159147,-0.02320289707966387,-0.016064602503806674,-0.025425018154252303,-0.061195561026919795,-0.0029197101033347503,-0.03697900324108739,-0.012422519998557209,-0.0668942637593717,-0.02974196919873753,-0.015848192240023616,-0.04762807235856608,-0.01120749349381242,-0.02898750080281545
2025-09-01,0.021506222868299393,-0.015037877364540559,-0.020144539216724634,-0.004192878260035927,0.0,-0.01834913866819654,0.05129329438755048,-0.009132411485577877,-0.009331355621463118,-0.013793308674552748,-0.01743507805244763,-0.015504186535965199,-0.02786880056106195,-0.008344971932180647,-0.027779564107075706,-0.018519047767237527,0.007001195458983561,-0.03000225030379879,-0.007081466112783933,0.02839946644994409,-0.010969072843162515,0.0,-0.03379737958329061,0.024760549680652118,-0.008053734807096827,-0.006734032181344068,0.025807883955872503,-0.012453461071286625,0.0033840801158942038,-0.01227009259181436,-0.033475929196389455,-0.012526259819180256,-0.028573372444056,0.008064559836730495,-0.026088461561381424,-0.02955880224154439,-0.026668247082161294,-0.03130690462504414,0.0,0.012500185979578967,0.026072240309775105,-0.006410278360919054,-0.016393818080473188,0.003069096921574026,0.0
2025-09-02,0.017575195220105855,0.005037794029957081,0.0,0.00836824967051658,0.01892800988551886,-0.023420274208098498,0.08100378415308704,0.004576585465710016,0.0,-0.002317506118236167,-0.005037779313125004,-0.003913899321136329,-0.006543167308466601,-0.014064929467403552,0.06805346324501557,0.03670136685042796,0.006952519314881663,0.02506396866321622,0.01110561641250945,0.05069314041828099,0.018215508513252526,0.0,-0.012578782206860073,0.0,-0.005405418566907935,0.01342302033214077,0.03750439545845427,-0.01515180502060222,0.006733996804415721,0.056986931373610564,-0.012848142477849024,-0.008438868645864595,0.023867481406643486,0.03162318843051214,0.07630816389851394,0.03922071315328133,0.020803127629763326,0.03472571137382971,0.008298802814695064,0.006191981640637754,-0.003683245416296405,-0.012945164592036963,-0.016667061069161306,0.05659073948476192,0.0
2025-09-03,0.0,0.029705154413915694,0.0057971207875590946,0.028749413285985792,0.0031201273362436777,0.014117881545785022,0.0028776998276151956,0.004555826019867809,-0.0031298596381455655,0.022936803345646854,0.017522366747468585,-0.00392927813988955,0.010881470459334526,-0.025826399559898423,-0.03571808260207923,0.01785761740000647,0.02283204204264569,-0.020000666706669543,0.09749836448487766,0.018832929549120997,-0.00724643567009015,0.0,0.015698909543103833,0.010810916104215676,0.06555426525740667,0.026317308317373358,-0.01857638557293542,-0.007662872745569137,-0.003361330073797643,-0.020619287202735703,0.01709443335930004,0.0,0.03248545514448831,-0.007812539736793625,0.020202727688017768,0.023754086008107057,0.03468555798789011,-0.020690393257446166,0.0,0.024391497322407807,0.0326707822895487,0.012945164592036986,0.0,-0.01165061721997525,0.00586511206956022
2025-09-04,0.01039867921616043,0.0,0.01719240963848822,-0.00405680069561443,0.0062112000926406764,-0.028437935320533514,-0.026202372394024072,0.0,0.003129859638145595,-0.009111711732847456,-0.007472060180463492,0.007843177461025879,0.012903433865367755,0.00290275965796141,0.0,-0.00888894741724604,0.02011240978709547,0.0,-0.033336420267591836,-0.026466565476792707,-0.0036430050017904796,0.01709443335930004,0.01851904776723753,-0.005390848634876423,-0.007643349312568012,-0.02298951822469872,-0.012578782206860073,0.007662872745569097,0.003361330073797619,0.04652001563489291,0.0,-0.00851068966790862,-0.023095714794649395,0.027080958602670614,0.0,-0.033415996919844065,0.0056657375356773,0.006944472352810995,-0.004140792666031388,-0.030583478963045453,-0.007168489478612516,0.012779726646399021,0.008368253998257849,-0.009813621448324622,-0.0029282560984947104
2025-09-08,-0.024434008094081965,-0.02469261259037152,-0.022989530426047365,-0.008163310639160981,0.0030911925696728796,0.0,0.06287785095243069,-0.01373012997346879,-0.03822119782919224,-0.044451729462503954,-0.02531780279759371,-0.10275973395776894,-0.0414453363452624,-0.005813969865419845,-0.02298951822469872,-0.03636764417087483,0.0022099456508028917,-0.03077165866675366,0.042853827254481974,-0.04706748256325303,-0.022141113907740033,-0.017094433359300068,0.02417036092781297,0.01342302033214077,-0.002560820861673704,-0.013378125946176087,-0.0031695747612790672,-0.02056627758147697,-0.003361330073797643,-0.04058528011507833,-0.02575249610241474,-0.025975486403260677,0.0,0.0076045993852192125,-0.0283995032751177,0.0474022388945839,-0.02575249610241474,-0.03521490629106651,0.0,-0.03154831663812304,0.0,-0.019231361927887644,-0.016807022299210557,0.042477428267116216,-0.00588236247673597
2025-09-09,-0.007092233805152733,-0.01005033585350145,-0.020558777316042057,0.0,-0.047402238894583906,-0.014528100562909744,0.013755375068485419,0.018265294537038856,-0.022989474839877847,-0.024214277095670735,-0.028610520903460224,0.05475051477140831,-0.040914887990913626,-0.02958795718549607,0.0,0.018349138668196617,-0.011098893068048803,-0.015748356968139168,-0.07320625883743938,-0.004024205488146046,-0.03415894972317103,-0.03509131981127006,0.011869575555383729,-0.016129381929883644,0.012739025777429712,-0.010152371464017962,-0.03554493741941135,-0.03974032864951411,-0.0011229588419111416,0.05468988629662025,-0.008733679968754553,-0.017699577099400975,0.00930239266231341,0.022472855852058576,0.012270105115080844,0.05406722127027579,0.0,-0.010810916104215617,-0.004158010148663677,0.006389809592549403,-0.014493007302566864,-0.013029500290333795,0.0,0.02796081499764329,-0.023881777682513632
2025-09-10,-0.003565106104305984,0.010050335853501506,0.0,0.008163310639160835,0.016051709010507825,0.038282186571016966,-0.04184710993550049,-0.009090990583438045,0.03589287455065558,0.00489000210242191,0.023469136374947946,0.04409531986522438,0.020666626301376317,0.026668247082161273,0.04989697114462304,-0.009132483563272474,0.0022296553272690683,-0.005305052229693229,-0.00024268899524524949,-0.008097222289047884,0.003853583903863219,0.0,0.005882369903066613,0.0,-0.02046107187134006,0.010152371464017908,0.0,0.026668247082161273,-0.0022497078887070364,-0.008438868645864595,0.01739174271186924,0.04793946228911905,-0.004640379556502225,-0.037740327982847086,0.0,-0.04027389913793996,-0.008733679968754553,0.010810916104215676,-0.00836824967051658,-0.025807930832459795,-0.011009285508369368,0.03226086221822148,-0.01709444058316222,-0.0317486983145803,0.02682728418818415
2025-09-11,0.007117473567274232,-0.01005033585350145,-0.002971732876517454,-0.008163310639160981,0.02515855963615493,0.018605187831034486,-0.03478611608541554,0.013605680251475119,0.006389860938739693,0.07515273057610113,0.050261823876978806,0.060855275721274756,0.018018545936568788,0.0,-0.004434597067865753,-0.009216655104923952,0.04144540817539236,0.021053409197832263,-0.06778001506174214,-0.008163322893235908,-0.0038535839038631786,0.017699577099400857,0.00584796988242312,0.008097210232619303,-0.0341688956152499,0.006711434587986778,-0.003294895896852538,0.0,0.005614808370542401,0.06294827431423622,0.033901551675681416,0.0,-0.014051753455650302,-0.03922071315328127,-0.008163318953788674,-0.027779564107075706,0.023122417420854212,0.007142887512380204,-0.004210532536343494,0.0,0.02550229281093626,-0.02247285585205863,0.008583747334193788,0.006619447163258726,0.011696025083362458
2025-09-12,-0.007117473567274354,0.0,-0.005970170277771611,-0.012371291802546829,0.015408625352845061,-0.009259325412796712,0.029071814821976877,0.022272680945814246,0.009508751272071956,0.02237231474907232,0.02421425305992845,0.039788250058412584,0.008888967097457637,0.011628037995119214,0.004434597067865775,0.018349138668196617,0.004264398786457518,-0.015748356968139168,0.061449338939404866,0.004090041440209044,0.0,0.0,0.008708327891784414,-0.005390848634876423,0.0672087496934501,0.009983443984183205,0.026060106669865087,-0.005277057100843781,0.0,0.026179505581771078,-0.01680711831638129,0.004246290881451004,0.08583143584978102,0.011928570865273812,0.008163318953788584,0.023202897079663793,0.025389234004819593,-0.003565066164496146,0.00840341079637938,0.012987219267534603,0.031861102068984064,0.00647251450561752,0.0,-0.0018867929414707139,-0.014641531589032926
2025-09-15,0.003565106104306078,0.03960913809504588,0.005970170277771496,-0.004158010148663677,-0.006134988567515944,-0.009345862418237658,0.0,-0.00884963316986302,0.012539344009395447,-0.024637329136573443,-0.009615430645749651,-0.014285957247476541,0.0022098955336011467,0.025679014417691447,0.034786116085415604,0.035718082602079246,0.010582109330537008,0.03636764417087479,0.020788759297567076,0.036076059625723765,0.0,0.0,-0.023392879574705462,-0.002706361597742914,0.069992371820035,0.0131580845775112,-0.02936589480436454,0.007905179507113247,0.005583548110632639,-0.02088848794735542,-0.004246290881451097,0.01680711831638119,0.050643732818754936,-0.003960401216096905,0.012121372753845751,0.009132483563272474,-0.014025475354504434,-0.007168489478612516,-0.004192878260035927,-0.01298721926753459,0.006944472352810995,0.05032508388751563,0.008510693248968443,-0.0066319900254404665,-0.0029542081513091
2025-09-16,-0.007142893086831913,-0.009756174945364685,-0.01801851549616408,0.03278982282299097,-0.012384059199721666,-0.009434032233358642,0.03103210924772846,0.004434606053892037,-0.012539344009395449,-0.009111711732847456,-0.0024183737659504087,-0.03290973408879798,-0.011098862631058706,0.0,-0.008583743691391442,0.008733679968754631,0.012552466071119879,-0.005115100666770377,0.0421608108242779,-0.09925500258186916,0.022901752610591047,0.0,-0.011904902506318314,0.008097210232619303,-0.05264373348542203,0.0,-0.006644542718668613,-0.002628122406269469,-0.004464359676759147,0.028610534041265838,0.012685159527315642,0.024692612590371414,-0.02500130220541727,0.007905179507113247,0.04322877695002607,0.004535155165391363,-0.014224990931347326,-0.021819047394639725,0.0,-0.013158108947128502,0.013745920904635136,0.012195273093818206,0.016807022299210637,0.015094626222484888,0.02915654779905655
2025-09-17,0.01776243348963526,0.00488998529419177,0.015037846339986984,0.004024150299725548,0.00311042241439233,0.023420274208098422,-0.0396652563924314,0.008810560282063952,-0.00950875127207189,0.0181410896622759,0.021557722312981795,0.03290973408879796,0.006674066653802739,0.005617992304223274,0.06669137449867214,-0.017544309650909508,0.01034135379473253,0.010204170174241668,0.009132483563272474,-0.02197888539881632,0.040671097696534354,0.0,0.014859114403749905,0.02127739844728488,-0.012361096823573975,0.016207810226853303,0.013245226750020723,0.010471299867295437,0.010016815432002986,0.020305266160745523,0.0,0.032002731086173734,0.012578782206860185,-0.019881370553828933,0.015267392150466854,-0.013667638728663757,0.008559253395669911,-0.014815085785140587,0.0,-0.020067495169900165,0.0034071583216143558,0.012048338516174574,0.016529310393853337,0.011173300598125255,-0.002877696273024041
2025-09-18,-0.017762433489635215,-0.009804000096620856,-0.021116895828778914,-0.004024150299725491,0.0031007776782481854,-0.05715841383994864,-0.011628037995119099,-0.022173815294086834,-0.019293260649517592,-0.025029713455090617,0.007083834135837055,-0.0478912877044149,-0.020157447179288336,0.016667052485211643,0.1564521768155376,0.0,0.016326893287428666,-0.025708356710206923,-0.006612725043038008,0.10135253758518264,0.01795377828400108,-0.017699577099400975,-0.005917177028088507,-0.007926065272420716,-0.007490671729157626,-0.01620781022685331,-0.019934214900817253,-0.048009219186360606,0.0044198734435805355,0.053802705992976194,-0.025533302005164762,-0.04016604172533476,-0.02105340919783238,-0.049392755329576474,-0.026872949474243565,-0.03738753207162033,0.0028368813351997567,-0.011257154524634447,-0.008438868645864595,0.13268638676064828,-0.01715307922624947,-0.02731581064696298,-0.0333363326930639,-0.02247285585205863,-0.014514024799492532
2025-09-19,0.01776243348963526,-0.024938948347252066,0.015128929664285272,-0.012170535620255179,-0.050804575635459405,-0.019802627296179754,0.008733679968754631,0.026550199026008636,0.01290339971077793,-0.016260514860156203,0.0,0.007518832414027319,-0.009090878554350616,-0.0027586224390797514,0.033901551675681416,0.008810629682154906,0.0269611937280199,-0.026386755173194887,0.04364573222642626,-0.01619470923022084,-0.0035650796355321673,-0.018018505502678365,-0.008941937375661282,0.028760152175262652,0.012453461071286557,0.022618088587772364,-0.020339684237122672,0.03226086221822148,0.018569612282049442,-0.02409755157906053,0.01709443335930004,-0.012371291802546829,0.0,0.004210532536343458,0.007751984302134819,0.028170876966696224,-0.011396134730869582,0.011257154524634468,0.008438868645864604,-0.01791086580254077,-0.006944472352811046,-0.0061728591070809675,0.03333633269306394,0.013170463189745008,0.0029197064442022854
2025-09-22,-0.0035273065976505953,0.005037794029957081,-0.00300756234823427,-0.020619287202735703,-0.0849406766490836,-0.04866517198128101,0.036988569369340626,-0.004376383731921708,-0.009661873874794375,-0.014151165233532432,-0.021403910341202325,-0.022728251077556175,0.009090878554350621,-0.013908430046132,0.07076907088820716,0.0595920972022456,-0.06618190688130123,-0.016172859245600957,-0.00571053605434716,0.008130137832743772,-0.025317810351620163,-0.01834913866819654,0.0,-0.007762005335489189,0.036456041960987694,0.003189795368100081,0.010221554071538007,-0.01600034134644119,0.0,-0.042347547829092294,0.0,-0.025211419346496056,0.0816780310142671,0.05715841383994862,0.015325890250156885,-0.01869213301215252,-0.011527505171067383,-0.015037877364540559,-0.004210532536343494,0.04130378817015006,0.013841051411871511,-0.003100777678248271,0.0,0.0,0.0
2025-09-23,0.024434008094082,0.04423325497682566,0.058496238287512,0.008298802814695064,0.021053409197832263,0.010443959161083314,0.024828861653869966,0.03448624696120549,0.019231353705564756,-0.0023781305056665373,-0.004819272341666174,0.0,-0.002264955262997309,0.011142176553241803,0.045531384807953344,0.14585187701256314,0.008385793376273964,0.03208831455150045,0.004395611473038129,-0.008130137832743769,-0.011049782527099367,0.0,-0.00902261759963753,0.007762005335489109,0.018913093306486776,-0.009600073729019231,-0.010221554071538028,0.002684565370668983,-0.005425920774164518,-0.0025477720787986644,0.008438868645864604,-0.008547060578458408,-0.027834798993443984,-0.028170876966696335,-0.0038094371565046245,0.04609110720026709,0.0,0.06595796779179737,0.004210532536343458,-0.023392922367609346,0.0,-0.009360442759563695,0.008163314757523295,0.01668249995993606,0.034387300007841876
2025-09-24,0.027212584716389585,-0.019418085857101627,-0.0171924096384883,0.0,-0.02105340919783238,-0.010443959161083262,-0.056037068107711106,0.0,-0.012779787184091186,-0.0023837994946422983,0.007220162204534316,-0.023256862164267235,-0.004545472406682575,-0.016760168857465077,0.11216225709564913,0.06230388333615484,-0.023232301493268537,-0.015915455305899568,0.008733679968754631,-0.01646130113809668,0.011049782527099386,-0.01869213301215252,-0.012158204479809519,-0.015584731016698203,0.002339182353172241,0.012779726646399021,0.003418806748785461,-0.018945086242449304,-0.006550207134301267,-0.023226850609816545,-0.021232220105774167,-0.03050345429341474,-0.03278982282299084,-0.07191258159028627,0.0038094371565045664,0.022272635609123223,-0.002902759657961351,-0.02150620522096362,0.0,0.01759579417165446,-0.006896579059060329,-0.009448889197932507,-0.02469262515137666,-0.020427822690098126,-0.022792981652551732
2025-09-25,0.019934161605195427,-0.00491401480242904,-0.002894397809429311,0.008230499136515444,-0.03610500464211632,-0.023905520853554366,-0.09042300606957854,-0.021414138234682526,-0.00969309235745708,0.0,-0.024272966433798743,0.0,-0.006857127824491205,-0.008486613877318694,-0.07145896398214498,-0.020339684237122672,0.029475818132953465,0.010638398205055797,-0.014010737069598333,0.016461301138096695,-0.011049782527099367,0.037041271680349076,0.015174798019235132,0.025841231183887328,-0.014117881545784932,-0.01600034134644119,0.059620303162166856,-0.013755375068485344,-0.006593484373583645,0.04841709943837499,-0.01731645001146093,0.004415018209116693,-0.03390155167568134,-0.09662683568907164,0.015094641858404433,0.03888178754420748,-0.0029112102074584415,-0.04067103973092775,-0.012685159527315687,0.011560843303510253,-0.010434877292579619,-0.012739025777429714,-0.025317715548178996,0.0009376840148284249,0.0
2025-09-26,0.003284112011020916,0.0,-0.01459876905731333,0.012220111334775397,0.028987536873252187,0.008032171697264253,0.012539349252735173,0.017167838755929327,-0.009787968793078977,-0.0023894955756918945,-0.007398352589185709,0.019418085857101516,0.01366755549417118,0.02524678273478389,0.050010420574661416,0.006825965070399891,0.004140792666031387,-0.010638398205055754,-0.023194616980468315,0.07089582772114553,0.0073800397126645295,0.035718082602079246,0.008995562908577783,0.02020270731751947,0.014117881545785022,-0.01298719552681119,-0.039349338788547655,-0.05406722127027582,0.003302132088991757,0.019705071079332337,0.017316450011460958,0.0,0.22314355131420976,0.06995858860691047,0.011173312021032757,0.0,-0.0029197101033347503,0.014981553615616894,0.0,0.022728203612589794,-0.007017572658646535,-0.0032102756302482102,0.008510693248968443,-0.012258559639310645,0.053308558225954344
2025-09-29,-0.023218273616216555,0.052770035980064196,0.014598769057313396,-0.01632689328742878,0.0035650661644961446,0.0026631174194836284,0.02765153133050995,-0.017167838755929362,0.019481061150536046,-0.002395218943489853,-0.014962829400481843,-0.007722046093910278,-0.0045351654110830685,0.06954673469690087,0.01879249934936732,0.04652001563489291,-0.008298802814695066,-0.005361943141385399,-0.06670693543139487,-0.01532599279443321,-0.003683259444540195,-0.017699577099400975,0.005952398527295352,-0.03562717764315116,0.045670036833188266,-0.009852296443011594,0.0033389012655146303,0.04011999378942536,0.0032913522845918067,-0.04744959971298776,-0.03939240171066072,0.004395611473038129,0.12160713209478698,-0.009049835519917927,0.025595572880195858,-0.00851068966790862,-0.00881062968215492,0.02568948611531087,-0.008547060578458408,-0.03428904691609988,0.01398624197473987,-0.00969312920565968,0.0,0.021586985146323987,-0.03900218014570662
2025-09-30,0.0,-0.018868484304382805,-0.020498494398556933,-0.004123717183862041,0.028072018778686307,0.02624822607493641,-0.04335044087361386,0.0,-0.019481061150536064,-0.016929056049758914,-0.020305275543713475,-0.003883500026397633,0.0,-0.03149866705937105,-0.002663117419483662,-0.03300629646816997,-0.029600469776290744,0.0,0.02430426992604995,-0.03137507165290371,-0.018622486636212278,-0.03636764417087483,-0.0029717703891574817,-0.018301164382404467,-0.018018505502678365,-0.047306117396936985,-0.020202707317519466,-0.016997576368571136,0.0021881730879563495,0.0025542798050967007,0.008888947417245994,-0.01324522675002068,-0.015384918839479456,-0.04176941287629503,-0.010889410649058637,0.016949558313773205,-0.00295421189743152,0.010810916104215676,0.008547060578458348,-0.023530540708094946,-0.01398624197473984,-0.006514681021193642,-0.008510693248968425,-0.00558660650084571,0.011299541552509257
2025-10-01,-0.006734037371830914,0.014184634991956381,-0.011904909049903947,-0.06398770867528374,-0.03880557442179512,-0.04233436382656077,0.015698909543103833,-0.017467641892616105,-0.016529328864023942,-0.01227006942911036,-0.023347295385579676,-0.015686596167699508,-0.004555713143267484,-0.024292692569044587,0.010610179112015469,0.07745805903900395,0.004282661792000949,-0.027249642447375474,-0.00661315589171723,0.22075021863995528,-0.018975875021669232,0.018349138668196617,0.0,-0.015957785438610806,-0.032335380642936465,-0.017452449951226166,0.006779686985378769,-0.02605067719994255,-0.015418815009054024,0.044895319907890946,-0.02690745291992438,0.013245226750020723,-0.03149866705937105,-0.02398196468648544,0.01808369338665212,-0.021232220105774167,-0.011904902506318314,-0.01444068415479436,-0.008547060578458408,0.16430309642605773,-0.007067167223092443,0.0,-0.0172418137834636,-0.027450885433473796,0.0
2025-10-02,0.026668198977026325,0.023202897079663793,0.0,-0.017778246021283944,-0.018149318505677334,0.04750233398500326,-0.031648210950781734,0.004395533166093022,0.0,-0.002472197575379553,-0.026597377775402196,0.0,-0.004576676939820488,0.002728514653203914,0.015707129205357877,0.012345835822299362,0.0,-0.016713480973740556,-0.005703437513869643,-0.01610339128977581,-0.03906751514941105,-0.01834913866819654,-0.01499278458614128,0.018592833076615925,0.025493848826219766,-0.010619568827460261,0.0,-0.0058823699030665245,0.003324085246188684,0.024097551579060524,0.0,0.01739174271186924,0.03922071315328133,0.02871010588243136,0.017762473661036345,-0.021692824611259785,-0.021180822079447024,-0.014652276786870375,-0.008620743043906975,-0.0050633111782468175,-0.032435275753153844,0.022618088587772364,-0.01754431726000721,0.0038314223115560888,0.005602248812774268
2025-10-03,-0.01993416160519548,-0.0045977092486294314,-0.006006027391133504,0.01777824602128397,0.014545711002378716,0.007702220362092303,0.02852808361453803,0.02169286948800011,0.0033278228172250756,0.0,-0.005405402805904726,-0.040328045386971774,-0.011534236218288228,0.040058760552004954,0.0,-0.012345835822299379,0.033616610798985064,-0.00563381771825602,0.0066508558699095895,-0.026317346527168783,0.04670116862640568,0.05406722127027579,0.0030165935394257273,0.005249355886143745,0.004566217979581184,0.017637141486106876,0.01342302033214077,0.0,0.00441499500585255,0.0,-0.01834913866819654,-0.004319661144516396,-0.03922071315328127,0.0,0.06475854559922661,0.008733679968754631,-0.018519047767237527,0.0326707822895487,0.00431966114451638,0.015113665198497286,-0.007352974305258806,-0.01935544295295609,-0.07342750188991264,0.01329554248124472,0.02482890105006
2025-10-06,-0.013513729618315295,0.01826534797729319,-0.0030165553668059313,-0.017778246021283944,0.0,0.0025542798050967007,-0.0031298930089277044,0.0,-0.0033278228172251424,-0.00995036499463045,-0.008163360365449901,-0.016597891409037828,-0.011668711819534574,0.043540808283288185,0.03822121282019767,-0.07076907088820726,-0.016667052485211647,0.022347298691996618,-0.01984524184053015,0.0033278357074691457,0.0,0.0,-0.03994386613164402,-0.005249355886143678,-0.009153381986487248,-0.007017572658646535,0.0033277900926747457,-0.02994235661507834,-0.008849568664203483,-0.009569451016150672,-0.009302392662313561,0.017167803622365498,-0.016129381929883644,0.004705891037412714,0.0,-0.013129291441792736,0.01851904776723753,0.038533664002242986,-0.004319661144516396,-0.010050354020250417,0.0,-0.019737482838321434,-0.019231371070765953,-0.0037807228399060443,0.01353198957360868
2025-10-07,0.020202722890392162,0.0,-0.003025762460453065,0.013363227812167158,0.0,-0.03109058707003112,-0.015798116876591176,-0.012959171334409655,0.009950292926528865,-0.002503138860443799,0.013568763171354766,0.004175371410480592,0.007017530136621037,0.0,0.03440142671733232,-0.040821994520255166,-0.0021030501967787877,0.0,0.0060190382753500535,-0.013378145144321611,-0.00380954267300736,-0.017699577099400975,0.0031298930089275656,-0.03208831455150051,-0.023256862164267235,0.017452449951226207,-0.016750810424815354,0.047486666265987874,-0.003338973541613912,0.014320053774748471,-0.009389740349839032,0.0,0.0,0.05035388614561481,0.05458816480552345,-0.04045495469231364,-0.006134988567515944,0.0,-0.017467693040390832,0.1053604840634795,-0.03759841355700755,0.0,0.0,-0.03077165866675366,-0.016260500843245592
2025-10-08,0.10435999720053075,0.22223816419939718,0.11441034037397561,-0.004434597067865753,0.007194275634027231,0.015666116744399456,0.05874950407219055,-0.004357314421668761,-0.026757439068022984,-0.012610484138528602,0.0026917838487621436,-0.01680711831638129,-0.0093676541039286,-0.03312404742503265,-0.007272759329079809,-0.01398624197473984,-0.004219415542708211,0.0055096558109697,0.011930468400281016,-0.04124293333395709,0.011385267119486285,0.0,0.0,0.0,0.048229783095647155,0.0034542348680876036,0.0,0.05360945060538088,-0.012338846667012541,0.009434032233358714,0.0,-0.008547060578458408,0.0,0.017699577099400857,-0.012578795039146162,0.031605339415331044,0.030305349495328843,0.0,0.0,0.044451774933839144,-0.015444322427473631,-0.006666691358189345,-0.00975617965125798,0.005656484170527541,0.013568712470635522
2025-10-09,-0.08455742295205253,-0.05971923470162231,-0.06706419389769289,0.004434597067865775,0.059147672502694766,-0.005194816877104023,-0.03359094443603555,0.034338207863555806,0.023451754092543572,0.039806254998092906,0.03694354975232026,0.04555653160236722,0.032410199829621775,0.02304839543629109,0.0024301348532918907,0.0,0.027113235408560886,0.01092907053219023,-0.002612517814149784,0.013937442653087677,-0.026770244089469247,-0.018018505502678365,-0.006269613013595374,-0.010929070532190317,-0.004494389587839326,-0.01388911216066715,0.010084119066626008,0.04038233744568576,0.013453136969477992,0.01398624197473987,0.023311078868447146,0.012793351459909542,0.008097210232619303,0.008733679968754631,-0.03543039218786472,0.004434597067865775,0.01775194545845032,-0.006896579059060329,0.03037109787629877,-0.0309075249614727,0.003883500026397612,0.006666691358189297,0.03846629911862647,0.026459162349812233,0.03183295411603431
2025-10-10,0.0065146863206644165,0.052446475372542524,0.01149438552580486,-0.0223722977545331,0.0,0.010362787035546658,0.027566829832654592,-0.004228344634271969,-0.020067622736968417,-0.03222085766316934,-0.03425899215668657,-0.04132819549284606,-0.03241019982962173,-0.0025348556031880663,0.03809984623227038,-0.028573372444056,-0.027113235408560844,-0.02754995176823063,0.009231927326825418,-0.013937442653087778,0.045462447555752634,-0.01834913866819654,-0.00314960890289622,-0.027856954502966224,0.022272635609123223,0.0069686693160934355,0.04894941251756691,0.026043138536019875,0.014372753293286479,-0.028170876966696335,0.0,0.012631746905900564,0.01600034134644112,0.029980832211935857,-0.023218313164217082,0.013187004281953681,0.0,0.010327114155849524,0.016949558313773205,0.0,0.003868476777920332,0.009917436657345924,-0.00947874839660257,-0.00971824946892134,-0.007863726571452635
2025-10-13,0.01610345376340207,0.0,-0.01438878333523423,-0.013667638728663757,0.0067340321813441194,0.07447609290148283,0.017964554975298894,-0.017094468193196623,-0.010186806029143729,-0.01778953471074648,-0.018945104615750427,-0.03871451218069039,-0.0047170001306118025,-0.0025412974286725325,-0.01649036189941535,0.028573372444055948,-0.006362693787828657,0.011111225425070849,-0.017830021853076913,-0.028471715076557245,-0.0377403721730114,0.018349138668196617,-0.019108861698046473,-0.005665737535677308,0.0,0.0,-0.03896596853338372,-0.0664254759817056,-0.007713496395787169,0.028170876966696224,0.0,-0.012631746905900574,-0.02409755157906053,0.0,0.0297542905400366,-0.013187004281953801,-0.020741484306816355,0.0,-0.01694955831377332,-0.05058551762890731,-0.01949379468100113,-0.006600684031352024,0.0,0.015504186535965254,-0.026668281202844788
2025-10-14,-0.0032000385323784227,-0.014706147389695449,-0.011661946475575459,-0.013857034661426241,-0.01351371916672282,0.023641763057040494,-0.005952398527295273,0.021342008961284117,-0.010291716708190887,-0.025975506091397153,-0.030515530848434103,-0.00881062968215492,-0.033657036680328205,-0.015384918839479456,-0.06628192438444759,-0.03584613177313577,-0.008547060578458408,0.0,0.020653553140683324,-0.055673039250129674,-0.02334735147064509,0.0,-0.00969312920565968,-0.03763106821764688,-0.06131318481272345,-0.02105340919783238,-0.026847250036188052,-0.03636764417087483,-0.013363247428333907,0.03189336377595379,-0.028039220064393047,-0.017094433359300068,-0.05001042057466142,-0.008474626990972232,-0.023065295690216977,0.060103924069705515,-0.006006024060211922,-0.07095173597228449,-0.017241806434506103,-0.05328138973482082,-0.027945930390559336,-0.020067563050809256,0.028170890046091544,-0.01843817397075284,-0.02739894006743093
2025-10-15,0.009569425605867777,-0.05715841383994864,-0.014771286695113814,-0.009345862418237658,-0.013698844358161915,0.03670136685042796,0.014815085785140682,-0.008620743043906975,0.0,-0.00792609249019002,-0.01418459374885141,0.008810629682154906,-0.009828110588879172,-0.013004084423206573,-0.012771565679487505,-0.007326040092072898,-0.0043010818993905854,0.0,0.04232462440479006,0.04478366820125963,-0.02794593245081361,-0.01834913866819654,-0.013072081567352775,0.02332467256640904,0.04353493879143956,-0.02150620522096362,0.013513719166722855,0.09245711082191838,-0.01354424525891081,0.0650989022113559,0.028039220064393126,-0.008658062743114541,0.041847109935500504,0.0,-0.072570678524378,0.0,-0.027482645693832006,-0.022305757514298277,-0.05818195538273583,0.01970510751576961,0.03578910785158529,0.03974032864951412,0.027398986560515103,0.01651324556116835,0.0192577925246953
2025-10-16,-0.0031796224088552873,0.03468555798789011,-0.0029806691561771884,0.018605187831034486,0.08902085089676097,0.0,0.008784829555732811,-0.00433840159859813,0.006872876379729008,0.020998149581027793,0.008534877563771309,0.008733679968754631,0.0098281105888792,0.025841231183887328,0.010230268250815043,0.0,0.04632407167423841,-0.011111225425070722,0.035401927050916,0.010889371048870132,0.016064559555302078,0.018349138668196617,0.016313575491523787,0.06417822569141099,-0.0067491819749284495,0.025046031926087516,-0.006734032181344068,-0.04788148623321397,0.016901813364287886,-0.008438868645864595,0.09237332013101507,0.083381608939051,-0.0248975516217272,0.021053409197832263,0.003577824861612233,0.0408219945202552,0.006172859107081016,-0.0037664827954768934,0.01826534797729319,-0.04489532418940473,-0.05623971832287608,-0.04312442663375469,0.0,0.0009629273733933429,0.07857440265211252
2025-10-17,-0.0063898031970124804,-0.09948555121480553,-0.015037846339986997,-0.01392133851860812,0.009419221916491558,-0.041385216162854364,0.005813969865419816,-0.02197890671877523,0.027028661143524643,-0.013072057090837717,-0.008534877563771383,-0.008733679968754553,-0.009828110588879172,-0.052367985517315925,-0.0739122582867697,-0.060624621816434854,0.022381402196134912,-0.011236073266925842,-0.1482982733974451,-0.10656457701923135,-0.036515141050223604,0.0,-0.006493529310548343,0.016086137751624444,-0.04856445600912379,0.007042282625412951,-0.020478531343540676,-0.04457562458870444,-0.006726447463299238,0.004228336109521105,0.0,0.011928570865273812,-0.0786431273191131,-0.025317807984289897,-0.040078263655263666,-0.024292692569044587,-0.003081666537408112,-0.04239555896768562,0.0,-0.0907288529439978,-0.012474174225175688,-0.024014876203873853,-0.01818232725578542,0.036848760369715045,-0.043764973906531994
2025-10-20,0.012739035909377819,0.05296553557991272,0.026907428864807632,0.01851904776723753,-0.044735893841391414,0.05480823649499495,-0.0535842461341064,0.05195973893071096,0.048790177198651356,0.06124363146082295,0.05014971374561136,0.08004270767353636,0.05989815445304612,-0.0026917916657114146,0.03234783386551934,0.015504186535965254,-0.0060545089087062605,0.022347298691996618,0.03639465915068272,0.07353404804004574,0.0,0.0,-0.019737482838321434,-0.002663117419483662,0.011778699192612705,0.01739174271186924,0.033901551675681416,0.028091734867015085,0.010072869888756834,0.016736792355523826,0.00836824967051658,0.003944778291016325,0.05310982531394833,-0.025975486403260677,0.01841674540699914,0.004089985251525066,0.045256591588120856,0.02718614030415678,0.026787315963649763,0.032969994207290416,0.048989387200273134,0.02061928720273561,0.0,-0.013072081567352775,0.09051395898447423
2025-10-21,0.015698889437025895,0.08369901887664684,0.06287788652358643,0.03603993648319687,0.0032626456348163694,-0.017937700686667318,0.006097579868118538,0.012578782206860185,0.07342743857608235,0.002472197575379627,0.02150621613653652,-0.008130126083250176,0.011560790443063743,-0.002699056969165058,0.00529101763441568,0.01526747213078838,-0.01017302771305052,0.010989121575595165,0.01902525777045411,-0.03030530023423191,0.032523207942706,0.018018505502678212,0.0033167526259938207,-0.010723963362975724,0.01164157501548577,0.0034423441909726986,-0.006688988150796652,0.06176459425484599,0.004444428246751102,-0.0083333815591443,0.016529301951210506,-0.023905520853554366,0.04220035449037647,0.03871451218069043,0.021661518248264493,0.028170876966696224,0.008810629682154906,0.02272825107755609,0.03037109787629877,-0.005420077576931631,0.023623145763435893,0.10943384104546204,0.0,0.0130720815673527,-0.014528082798388478
2025-10-22,-0.009389715273371574,-0.04860769906537681,-0.016760178121451037,-0.031463269455785106,-0.036488293263136795,-0.009090971701251963,-0.03715597688809128,0.028749413285985792,-0.03298651708268025,-0.004950522061673487,-0.01608609122346965,-0.04593709518702554,-0.004608313400587599,-0.01634913800152941,-0.010610179112015571,0.02985296314968113,0.056647035664652214,-0.010989121575595206,-0.007662872745569137,-0.043228747805813816,-0.03252320794270601,-0.03636764417087483,-0.009983443984183262,-0.04127133175540472,-0.028170876966696335,-0.013841051411871355,0.013333530869465168,-0.03444048998029168,0.0,0.06087071508702591,-0.033336420267591836,-0.0203673028244337,-0.042200354490376416,-0.04311012365372855,-0.007168496531347915,-0.03636764417087483,-0.020680205237538746,-0.018904154639152723,-0.021599111803461815,-0.021978861387755278,0.0,-0.0404409695585107,-0.009216659304729724,-0.002786810907179284,0.009708802226734006
2025-10-23,-0.006309174163654373,0.02272825107755609,0.008415164748602898,0.018100041643617937,0.05264373348542188,0.009090971701252105,0.006289328907563918,0.024001152099543045,0.015128906772239563,0.050796875122796833,0.03191758197785503,0.021142436573809164,0.02283209268328932,-0.00827590930385971,-0.0026702285558789208,-0.022305757514298277,0.009615458699441973,0.0,-0.02976555438252617,-0.032656010368317404,0.0755826561996346,0.03636764417087479,-0.013468217050866593,-0.008462673918733654,0.004750602758597799,0.027493140580198708,0.01642073021232749,0.060148846690498754,0.005527900952073535,0.038614836127779516,0.004228336109521105,0.020367302824433733,0.008583743691391435,-0.017778246021283944,0.028370724748318737,0.0521160011390141,0.055166381308708046,0.030077455237277954,0.013015368112070227,-0.02247289731963931,0.03442022388647937,0.06453852113757116,0.00921665930472968,0.015690215743087196,0.08781621518220228
2025-10-24,-0.009538997376999434,-0.015094626222485016,-0.01690174590077495,0.08176595469656767,-0.016155440222285256,-0.013667638728663757,-0.018987912244691343,0.03876454345024431,-0.0060241121830759544,0.03019972082373982,0.007822703124528924,0.00833338155914424,0.02672759725378537,0.016483889721689415,-0.02710192977779127,0.007490671729157659,-0.014458083175229888,-0.016713480973740556,0.009121226802180245,-0.09116936077987624,-0.007692374687117439,-0.018018505502678365,0.0,-0.0028368813351997263,-0.0023724803536303565,-0.010221554071538028,-0.023065272930996104,-0.030930300691358614,0.0011019227045273175,-0.011428695823622744,0.03319806940959583,-0.04115807249350744,0.0,-0.004494389587839326,-0.03922075154383493,-0.027724548014854862,-0.02575249610241474,-0.014925650216675706,0.012848142477849059,-0.017192342499457284,0.0,-0.02105340919783238,-0.01851905624535013,-0.0064308903302904025,0.11285445810225297
2025-10-27,0.01898786138798858,0.0768202059834414,0.014104576578990021,0.004123717183862156,-0.06388726745125126,-0.02320289707966387,0.0063694482854799285,0.0037950709685515343,0.009022644700140208,0.0,0.0025940976086602564,0.0,-0.01773875306351964,-0.030431117202539812,-0.09806121317621475,-0.015037877364540559,-0.004866189651172899,0.011173300598125255,-0.13735992156290236,-0.027651571950737204,-0.05556985685834016,0.0,0.01680711831638119,0.0056657375356773,0.01649036189941543,0.020339684237122783,0.016529301951210506,0.018158735011871048,0.0011007098072770753,0.015209418663528708,0.040005334613699206,-0.004210532536343494,0.041847109935500504,0.01342302033214077,-0.03327482265701452,-0.004024150299725491,-0.014598799421152636,-0.034420223886479306,-0.00426439878645754,-0.0656952854925578,0.02963179760637115,0.012084739215071827,-0.018868493105471174,0.028170876966696224,0.06872934577796057
2025-10-28,0.021706328010890452,0.010507977598415165,0.0,-0.004123717183862041,-0.04618938246937458,-0.023754086008107144,-0.01600034134644119,-0.04255961441879589,-0.009022644700140251,0.0,-0.002594097608660337,-0.0083333815591443,0.008908653709332151,0.0,0.035718082602079246,0.06595796779179737,-0.009804000096620856,-0.00557104504945536,-0.05111550080543043,0.09785582495727875,-0.008196692084238854,0.0,0.0,-0.00851068966790862,0.032186686495901284,0.00668898815079671,0.016260520871780326,0.0025673955052457334,0.003294878666033775,0.011257154524634468,0.042232763623272995,0.07320340402329492,0.04016604172533465,-0.03620304866396059,-0.015151725531464972,0.0510916611577113,0.0029368596733097057,0.030653741091002305,0.004264398786457518,0.018349172017784385,-0.011009285508369368,0.020803127629763326,0.0,-0.009905528989403011,-0.08466591880229006
2025-10-29,0.024243567650045487,0.04096135763106541,0.08068888604346075,0.008230499136515444,0.02158357166717439,-0.03423317164224221,0.03174869831458027,0.023438572972017596,0.03852329659447589,0.015891421883353084,0.010336049130023124,0.03292478469646661,0.030570134257085803,-0.016997576368571136,0.04011999378942536,-0.014285957247476541,-0.004938281640582566,0.0055710450494554295,-0.03589587618419923,-0.025752534044714216,0.04820207428326606,0.018018505502678212,-0.006688988150796652,-0.008583743691391442,0.026787315963649763,-0.01005033585350145,0.003220614700042157,-0.023347363996991177,0.007646180330046625,0.011131840368844199,-0.0037664827954768934,0.011696039763191236,0.007843177461025879,0.12543418239190324,0.0,0.041281658973303825,0.014556297774207454,-0.007575793808457656,0.008474626990972236,0.04734611347477345,0.0,-0.032887866844835176,0.00947874839660262,0.0,0.03550674387473802
2025-10-30,0.03240341972015854,-0.020270964373619107,0.022989564706028188,-0.012371291802546829,-0.010733555643108664,0.014815085785140682,-0.025317807984289897,-0.03137512256775391,-0.008759206505639877,-0.006779710150505663,0.005128201471694203,0.0,0.03174871505334036,-0.014388737452099556,-0.00563381771825602,0.014285957247476434,-0.05285783186444464,0.011049836186584935,0.059612402801515224,0.029980824565536954,0.03089050282342511,0.06899287148695142,0.0,0.01142869582362285,0.03463549666275634,-0.00337268447863923,-0.00969312920565968,-0.010554187678690256,0.022593721051545886,-0.1090573775391525,-0.007575793808457656,0.02298951822469878,0.030771658666753687,0.016129381929883717,0.018904079014908964,-0.022305757514298277,0.014347448408141575,-0.01919444725614718,0.025001302205417186,0.005763715107555569,0.003683245416296368,-0.012232568435634408,0.037041288640937045,0.012590094360071998,-0.0077822291326896335
2025-10-31,-0.008733656686655706,-0.048960827195701724,-0.049169015677374556,0.012371291802546829,0.02135312447056906,-0.014815085785140587,-0.0064308903302904025,-0.020121403199421063,0.0,-0.0068259885528578505,0.017744462110556133,-0.008130126083250176,-0.016807155255137075,0.005780362915499329,-0.02575249610241474,0.007067167223092353,-0.025371339742017947,-0.027856954502966224,-0.02134896114323781,0.0,-0.007633653476994654,0.0,0.00668898815079671,-0.011428695823622744,0.010582109330537008,0.0,-0.03300629646816997,0.0,0.0,0.0323914957912355,-0.030890487019338445,-0.02298951822469872,-0.04652001563489282,-0.024292692569044587,-0.003752353483444046,-0.062035390919452635,-0.008583743691391442,0.011560822401076006,-0.012422519998557209,-0.029156637475164712,0.014598799421152631,-0.012384059199721666,-0.009132487686718146,-0.039184967590195456,0.007782229132689532
2025-11-03,-0.026668237214441476,-0.010810916104215617,0.02876013305676753,0.024292692569044483,-0.010619568827460261,-0.04320875433123681,0.003220614700042157,0.032002731086173734,0.014556321776214874,0.01135089862942653,0.014962829400481902,-0.008196767204178515,0.00843888727044749,0.06687728266057605,0.061817431023210447,-0.007067167223092443,0.021187233219443845,0.011236073266925752,0.039698099811434386,0.016736817252511967,0.030190988111924805,-0.01680711831638129,0.0033277900926747457,-0.023256862164267235,-0.043017385083690816,-0.027398974188114388,0.003350086885282027,0.020998146839773402,-0.020419818593808044,-0.02419472858705688,-0.019802627296179754,0.015384918839479456,0.015748356968139112,-0.00823049913651548,0.007490679430102244,-0.040821994520255166,0.008583743691391435,-0.003838776307165713,0.0,0.08503702357446126,0.01438873745209967,0.04268940869505057,0.009132487686718233,0.013844245111341165,0.03428903059373889
2025-11-04,-0.0060241193235893034,0.007220247973487097,-0.018205939867769656,0.015873349156290163,-0.010733555643108664,-0.013072081567352775,-0.049433457855173724,-0.007905179507113261,0.0,0.004504467852859846,-0.017478546657848034,0.0,-0.006322532336482181,-0.005405418566907935,-0.04742869357111092,-0.0071174677688639896,-0.008421102396408284,-0.005602255548669898,0.044451762570833796,-0.033758425346499255,0.014760375804931732,-0.03448617607116932,0.006622540760493457,-0.002945510229756803,0.01092907053219023,-0.017513582492708357,-0.0033500868852819744,0.0,0.007571743837464724,-0.008196767204178515,-0.020202707317519466,0.0076045993852192125,-0.015748356968139168,0.0,0.029413914893992393,-0.03822121282019774,-0.008583743691391442,-0.03522869188374383,0.0,-0.016438670931623336,-0.01077209698191107,0.04380262265839284,-0.018349146991447893,-0.0027535584171829186,0.007462712061314706
2025-11-05,-0.006060629389287924,-0.014493007302566864,-0.007905218526797209,-0.027945930390559336,0.028370697129215566,0.0182534403093503,0.0067340321813441194,-0.007968169649176845,0.0057636433622922385,0.002244677605458139,0.0025157172573662396,0.004106781952653502,0.008421121384231253,0.0553500950831649,0.016997576368571077,0.014184634991956381,0.01677188161382818,0.011173300598125255,-0.042181614036294675,0.04202294733751625,-0.011049782527099367,0.08408311721054144,-0.06124362524071867,0.026202372394024117,0.012959144642505116,0.007042282625412951,0.0,0.010336009330662073,0.017094428937362502,0.004106781952653502,0.07469089260158922,0.06595796779179737,0.023530497410194036,0.004123717183862156,-0.02941391489399254,-0.02188271124950771,-0.020320002490957494,0.011881327886752686,-0.00836824967051658,0.0055096657807111775,0.01077209698191104,0.011363758650315003,0.0,-0.007380107297622534,0.0
2025-11-06,0.05326701022310106,0.021661496781179467,0.015748365692610875,0.008064559836730495,-0.017637141486106844,-0.018253440309350347,-0.016920877488337177,0.011928570865273812,-0.01739167650167844,-0.0044943453843808365,0.005012527253880235,0.004089985251525066,-0.00420169630763706,0.01778954156349824,0.0028050509276086816,-0.007067167223092443,-0.01044941587434112,-0.00557104504945536,0.08474122845509072,-0.033475874669117604,0.014706107554036346,-0.01626052087178029,0.03787027405540975,-0.014472032608534432,-0.02388821517469549,-0.014134510934904806,0.003350086885282027,0.015306421282675507,-0.008510730586579798,-0.00823049913651548,-0.05448818528406968,0.021053409197832263,0.0,0.0,-0.007490679430102244,-0.01785761740000646,0.011661939747842957,0.003929278139889557,0.00836824967051658,0.005479475625408247,0.03163708494318266,-0.017094433359300068,-0.009302396940620364,0.01379332213233577,-0.026366843239265938
2025-11-07,-0.017442316909395864,0.0,0.012936764184465549,0.004008021397538868,0.0,0.005249355886143745,-0.010291686036547636,0.015686596167699473,0.014514007262885665,0.013423006790701728,-0.005012527253880213,0.004073325387635869,0.0,0.0050251362026729795,0.005586606708639776,0.0,-0.02985296314968116,0.0,0.0408219945202552,0.08167794918547457,0.0,0.0,0.0,0.0029112102074585343,-0.008830079448272037,0.014134510934904716,0.0033389012655146303,0.08489944378648627,0.0,-0.050858417233490966,0.011928570865273812,-0.03533936644530885,0.0,-0.004123717183862041,-0.007547213453008591,0.01342302033214077,0.020086758566737292,-0.00392927813988955,-0.0041753714104806215,0.042787268493681536,-0.003466207976486284,-0.002877699827615169,0.009302396940620284,0.004555816535860661,-0.03495507026619598
2025-11-10,0.023189463804795977,-0.014388737452099556,0.007682534235447867,-0.03252319170556006,0.007092228309491837,-0.013175421158564404,0.0034423441909726986,0.0,-0.0115942684700783,-0.01793770255370631,-0.012642424970280836,-0.008163310639160981,-0.004219425076594169,0.024753739152938395,0.0,0.06187540371808745,0.010764366587158484,-0.005602255548669898,-0.12783337150988489,0.015564539557434956,0.003643005001790579,0.09381875521765491,-0.027398974188114388,0.005797117684325915,-0.002219756738312888,-0.003514942107444497,-0.01005033585350145,-0.037919234862293726,-0.0021390269864139037,0.008658062743114531,0.003944778291016325,0.02135312447056906,0.06016852146645291,0.03252319170555993,-0.003795074921951759,-0.013423020332140661,-0.017192400540372875,-0.007905179507113261,0.0,-0.010526432049145957,-0.04255961441879589,-0.008683122573460881,0.054067245363898175,0.013544225107757253,0.0
2025-11-11,-0.002869414840309666,0.03559094510270253,-0.005115103427921909,0.012320484388040657,-0.00709222830949191,-0.016043124840575577,-0.010362787035546547,0.015444322427473556,-0.02061930839183547,0.0,-0.010230238611969365,-0.016529301951210582,-0.010627063544826247,-0.01975372873623254,-0.016854331554982074,0.27763173659827955,0.006403437035207007,-0.011299555253933394,-0.008559253395669948,-0.019493775300988482,0.0,0.0,0.0,-0.011628037995119099,-0.02247285585205863,-0.007067167223092443,0.01337812594617605,0.06995858860691047,-0.006444671364368887,0.01709443335930004,0.011741817876683195,-0.05055227916283133,-0.007326040092072898,0.0,-0.009021207562557507,-0.013605652055778598,0.014347448408141575,-0.01197619104671565,0.0,-0.032260836444535604,-0.025689486115310897,0.02298951822469878,-0.008810633520077042,0.0026869698208253877,-0.015936573024329524
2025-11-12,0.0,-0.007017572658646535,0.0076628433108509135,0.02419472858705697,-0.028882874148786052,0.029218545999140005,0.0,-0.011560822401075971,0.011834392261397313,0.009009041147385597,0.0025673880385366555,0.008298802814695064,0.016949595881308458,-0.010025146619378818,0.06842613868629095,-0.03077165866675366,0.008474626990972236,-0.02298951822469872,-0.00863314714470289,0.01174178707806656,0.0,-0.030305349495328922,-0.017513582492708357,-0.002928259779088334,-0.02298951822469872,0.01757514482150749,0.026231012148869685,-0.027398974188114388,-0.0043197255210381015,0.06162113410617387,-0.015686596167699508,-0.00743497848751809,-0.014815085785140587,-0.03252319170556006,0.003913899321136315,0.004555816535860661,0.00851068966790861,-0.004024150299725491,-0.004192878260035927,0.00544952952550406,0.0,0.011299555253933466,-0.008888951323702493,0.012444605048083746,0.0238106200623287
2025-11-13,0.005730679151403269,-0.024956731973867507,-0.01797221857785407,-0.0120241929668017,0.003656311203110479,-0.00788440352414887,0.003466207976486329,-0.011696039763191298,-0.014814988494964427,-0.009009041147385566,-0.007722093270062576,-0.008298802814695066,-0.01268518758307054,-0.002522069432709835,-0.01600034134644119,0.15415067982725836,0.004210532536343458,0.011560822401076006,0.016908269269815247,-0.019646978076533553,0.0,-0.015504186535965199,0.0035273405179684406,-0.0058823699030665245,0.0023228814161397287,-0.003490404939768491,-0.022914259522875777,-0.028170876966696335,0.012796762203866762,-0.02828471383858199,0.015686596167699473,-0.011257154524634447,-0.015037877364540559,0.016393809775676352,0.003898640415657323,-0.01373019281190202,-0.017094433359300068,-0.028631812674327153,-0.008438868645864595,-0.021978861387755278,-0.011215070820140068,-0.016997576368571136,-0.027151001215388857,-0.0017683470567420034,-0.02381062006232872
2025-11-14,-0.005730679151403313,-0.03303052567648184,-0.02624824061732559,-0.008097210232619362,-0.037179003241754015,-0.015957785438610806,0.05060101329378945,0.003913899321136315,0.005952395800732712,-0.006810492378487137,0.007722093270062595,-0.0041753714104806215,0.010582080323182455,-0.01526747213078842,0.01600034134644112,-0.018018505502678365,0.01044941587434114,-0.0057637047167501294,0.03600221387263679,-0.024097587174229926,-0.010969072843162515,0.015504186535965254,-0.0035273405179684107,-0.005917177028088507,-0.016374634871790066,-0.007017572658646535,0.0033057881344994103,-0.028987536873252298,-0.009983443984183262,-0.00823049913651548,-0.03968774826724258,-0.019048194970694474,-0.038614836127779543,-0.020534602441707864,0.007751976804317924,-0.052021184750878476,-0.0057637047167501294,-0.020965128465044964,-0.00851068966790862,-0.04546236801505128,-0.0228146777661714,0.014184634991956381,-0.009216659304729724,-0.007104825623744683,0.008000032971187376
2025-11-17,0.005730679151403269,-0.007490671729157626,0.015831474033479988,0.03593200922606337,-0.04652001563489282,-0.005376357036380406,0.0065574005461590396,0.007782140442054949,0.017647508824670102,0.0,0.010204209140283232,0.012474174225175818,0.014629394436338965,-0.0025673955052458097,-0.002649008171576953,0.009049835519917856,-0.04246922710911266,0.01719240054037277,0.06371581438610778,-0.01639373317251998,0.0036697428144348695,-0.0472528848505455,0.01054491317661504,-0.005952398527295273,-0.033576295533604326,0.0,0.0,0.0,-0.0011154490838656095,-0.03789927259098582,-0.008130126083250176,0.030305349495328843,-0.08201315166083513,-0.06426193421836912,-0.0038684767779203176,-0.004866189651172899,0.011494379425735212,0.01680711831638119,0.004264398786457518,0.05651222425189458,0.0,0.0167601688574651,0.00921665930472968,-0.0008916630104816811,0.03137518276930175
2025-11-18,-0.026145206074581685,-0.026668247082161294,-0.015831474033480047,0.053447834443412987,0.0,0.002691791665711353,-0.016474837203505097,-0.003883500026397633,-0.02061930839183547,0.01581953352587275,0.007585349146064026,0.0,-0.006243582231138133,-0.01033600933066206,-0.05171220104731048,-0.03670136685042793,0.01933465170745585,0.0056657375356773,0.015820692314837966,-0.01666707632376447,-0.007353002258975036,-0.01626052087178029,0.0069686693160934355,-0.005988041844622557,-0.05257781607990724,-0.014184634991956413,0.0065789710980425605,0.00488998529419177,-0.013483350337286988,0.008547060578458348,-0.03742640551911691,-0.015037877364540559,-0.017241806434506103,-0.04063764573182627,-0.02353049741019416,-0.02469261259037152,-0.011494379425735134,-0.00836824967051658,-0.017167803622365446,0.016349082727843745,-0.023347363996991177,0.00276625349289011,-0.009216659304729724,-0.028043447848970497,-0.03137518276930169
2025-11-19,-0.01892800988551891,0.019121041446778377,0.02105342089233705,-0.0037243990909824397,0.027398974188114347,0.013351333174864196,-0.003327790092674691,-0.003898640415657309,0.008888913366880087,0.0,0.007528244511246474,-0.008298802814695066,0.012448321187619443,0.0051813587419975845,-0.02259983191724092,0.06336961393258919,0.010582109330537008,-0.02865525576037606,-0.0012666246151929424,-0.008438880868173694,0.014652332287702569,-0.016529301951210582,-0.0034782643763248086,0.008968669982760316,0.0,0.0035650661644961446,-0.016529301951210582,0.033576295533604306,0.002259887967437504,0.04167269640056808,0.04149973090675284,0.0037807228399061523,-0.017544309650909508,0.03174869831458027,0.007905179507113247,-0.020202707317519466,0.011494379425735212,0.0,0.00431966114451638,0.019204979836050046,0.06478455386116441,0.008253141756720482,0.01834914699144798,0.0018331810816609117,0.027506710903550547
2025-11-20,-0.0160517090105079,0.007547205635382904,-0.007843147165813672,-0.049723435352430505,0.0,-0.024162249279079822,-0.006688988150796652,0.003898640415657323,-0.005917113799714702,0.0,-0.0025031229515441937,0.0,0.018386616062564115,0.012837146760680682,-0.008608374536600164,-0.00881062968215492,-0.004219415542708211,0.005797117684325915,0.008832864998508664,-0.012848142477849024,0.003629781674423806,0.0,0.010398707220898517,-0.008968669982760375,-0.02077996849174531,0.007092228309491837,0.023065272930996188,0.009389740349839137,-0.0022598879674374786,-0.008196767204178515,-0.016393809775676383,-0.0037807228399060443,0.0,-0.0317486983145803,0.011741817876683195,-0.005115100666770377,0.0,0.00836824967051658,0.004301081899390702,-0.02197890671877523,-0.022388994893478724,-0.0027434859457508326,0.0,-0.011049836186584935,0.007722036307357912
2025-11-21,-0.009756174945364685,-0.0228146777661714,-0.018543622703683895,0.011696039763191236,0.0,-0.005449604767564703,-0.02377021933391196,0.0,-0.002971799567165467,-0.015819533525872627,-0.007547183615461006,-0.012578782206860073,0.002022300180236273,0.005089069507471228,0.005747142255568071,-0.02690745291992438,0.0021119332031435513,-0.005797117684325958,0.0050125418235441935,0.08269171584511341,-0.010929111703151325,0.06453852113757116,-0.0034542348680875576,0.002998502996256633,0.03355153417123286,0.007042282625412951,-0.009820046180975461,-0.038099846232270404,0.0011305823702860774,0.012270092591814401,0.0,-0.019121041446778397,-0.00888894741724604,0.04505266394094314,-0.015686596167699508,-0.005141399500418652,-0.017291497110060994,0.008298802814695064,-0.0043010818993905854,0.05406722127027579,0.018692133012152546,-0.03922071315328127,-0.018349146991447893,0.0009254975209429712,-0.023347433581693316
2025-11-24,0.012987195526811112,0.01526747213078838,0.002670265237849974,-0.02353049741019416,0.09214617646166831,0.02162246401316571,0.006849341845574768,0.007751976804317924,0.008888913366880087,0.0,0.005037779313124998,0.02087758502155518,0.02985288027342264,0.02753615780860535,0.002861232281032195,-0.009132483563272474,-0.0021119332031435015,0.005797117684325915,0.055434706888100524,0.027398974188114347,0.010929111703151298,0.015504186535965254,-0.024519617174318612,0.0,-0.020513539833102903,0.04460430623675385,0.0032840752011900187,0.05202118475087845,0.005633817718256064,-0.020534602441707864,-0.033616610798984974,0.0038535693159899723,-0.018018505502678365,0.013129291441792802,0.0425596144187959,-0.020834086902842025,0.008683122573460857,-0.012474174225175688,0.004301081899390702,0.005249355886143745,-0.03007745523727795,0.055569851154810786,0.0,0.010124338665641969,0.049914427868074124
2025-11-25,-0.009724549891994744,-0.007604599385219304,-0.010723969051989577,0.0,-0.04317217186520878,-0.01075279177626185,0.023609865639133667,-0.0038684767779203176,0.0029454788945172342,0.006810492378487163,-0.0384170428208879,-0.008298802814695066,-0.014815044965490146,-0.048049697641708314,-0.020202707317519466,0.07933674223652101,-0.004237294475515267,-0.011628037995119099,0.014091355760509704,-0.03137512256775391,-0.003629781674423778,0.0,0.01757514482150749,0.026589454189239435,-0.007802380284184899,-0.0272125635248847,0.03543043697950048,0.04063764573182626,-0.006764400088542037,-0.012526259819180256,0.050010420574661416,-0.007722046093910278,0.06169356900533996,0.0,0.0037807228399061523,0.04628075256400618,0.0,0.01659789140903783,-0.008620743043906975,0.020726130517116952,-0.027080958602670697,-0.013605652055778598,-0.009302396940620364,0.002743485945750834,-0.015094607524888736
2025-11-26,0.00972454989199478,-0.0038240964384033942,-0.005405421457667089,0.007905179507113247,0.021819047394639673,-0.008141157583699885,0.009950330853168092,0.02298951822469878,-0.008862592694231883,-0.0022650143875010504,-0.010498753626285757,-0.0041753714104806215,0.0,-0.007802380284184899,0.023055776299925796,0.09684982598991762,0.010559760215002253,0.005830920310793144,0.03483395267563249,0.011881327886752686,0.03922067699769147,0.0,-0.003490404939768491,0.0029112102074585343,0.0,0.023851215822179847,0.0,0.004415018209116693,-0.002265006630852125,0.03711766295650259,0.020121403199421028,-0.03550668845690976,0.0,0.017241806434505954,0.0,0.01496287267671232,0.011461443519006598,-0.004123717183862041,0.00431966114451638,-0.025975486403260677,0.1490959091656343,0.018996500690655085,0.009302396940620284,0.015405832559926391,-0.011472386761492199
2025-11-27,-0.042840158676492365,-0.027186140304156833,-0.019152479024292318,-0.023905520853554366,0.0,-0.013717636228799195,-0.009950330853168092,-0.0037950709685516094,-0.011940496510725927,-0.013698830669295576,-0.013280440775867203,-0.004192878260035927,-0.03338706529348835,-0.005235614053945052,0.025317807984289786,-0.0717439048588413,-0.019088596562522736,-0.00583092031079321,-0.032504578223814674,-0.003944778291016341,-0.0070175083678979105,0.0,-0.014084739881738972,-0.00583092031079321,0.030850775720475815,-0.0067567824628797625,0.015698909543103833,0.013129291441792802,-0.0022701485345391855,-0.024591403137322207,-0.02419472858705688,-0.008064559836730408,-0.025975486403260677,0.004264398786457518,0.0,-0.009950330853168092,-0.008583743691391442,-0.020877585021555255,-0.008658062743114541,0.020834086902842053,-0.03087723856443923,-0.04115807249350744,0.0,0.019591009477169793,0.0
2025-11-28,0.010050335853501506,0.0,0.0,0.0,-0.051672010544320926,-0.005540180375615356,-0.030459207484708574,-0.0038095284166677302,-0.0060241121830759544,-0.020906694695979743,-0.016172885504683217,0.004192878260035958,-0.0061919326861466185,0.005235614053944943,-0.00557104504945536,0.008230499136515444,-0.008602203582663191,0.01739174271186924,0.023000093912250642,-0.032131278182793294,0.017452425068819166,-0.015504186535965199,-0.0071174677688639896,-0.01176484157958637,-0.03346515629454664,-0.0033955890011381604,0.08934510033584996,0.03838424300831529,0.0022701485345390775,0.012371291802546829,-0.020619287202735703,-0.00405680069561443,-0.04485056616535179,-0.030239885189718235,0.0,0.04401688541677426,0.03667547855840657,-0.021322769468821196,0.004338401598598141,-0.005167970158442561,0.013841051411871511,-0.01694955831377332,0.00921665930472968,-0.012422519998557209,0.0
2025-12-01,-0.01005033585350145,-0.007905179507113261,0.0055096590145155945,-0.01626052087178029,-0.02298951822469872,-0.00836824967051658,0.02712030621919382,-0.027080958602670697,0.014992809126636442,0.01166872201962831,-0.002721008836047731,-0.008403410796379504,0.006191932686146593,-0.0026143805740708207,-0.031208206453841165,0.008163310639160835,0.017131039930183774,-0.011560822401075971,0.02559062206318836,-0.012320484388040624,-0.010434916700921455,0.0458095360312942,0.0,-0.005934735519814578,0.0,0.0,-0.008583743691391442,-0.021142436573809237,-0.006825965070399871,0.0749858068845626,0.004158010148663677,-0.008163310639160981,0.009132483563272474,0.0130720815673527,0.007518832414027319,-0.024214258120594627,0.03537783908165111,-0.008658062743114541,-0.008695706967553932,-0.026248226074936327,-0.013841051411871355,0.039111130116625696,0.0,-0.0008932559772149909,0.00766286310842955
2025-12-02,0.023295562603522082,0.03509131981127019,0.010929076834818904,0.016260520871780326,0.034289073478632165,0.011142176553241803,-0.0033500868852819744,0.03846628082779614,-0.002980596233567166,-0.00932404704017145,0.010840182859076522,-0.004228336109521064,-0.002059686257244733,0.01041676085825558,0.008608374536600101,-0.016393809775676383,0.008456710018223458,0.005797117684325915,0.02365419089788981,0.06789033554285144,0.03956240853517593,-0.030305349495328922,0.0,-0.03636764417087483,0.03599360264790545,-0.020619287202735703,-0.0057637047167501294,0.004264398786457518,0.004555816535860661,0.04461706548880669,-0.05545130453621426,0.0,-0.009132483563272474,-0.013072081567352775,0.0,0.009756174945364656,-0.021622464013165657,0.012959144642505116,0.008695706967553913,0.0718257345712556,-0.021127546425875394,-0.024966622730461057,0.018182327255785294,0.019469641550150348,0.01138530804216518
2025-12-03,0.0,-0.011560822401075971,0.005420070569550963,-0.004040409537004974,-0.022728251077556175,0.019204979836050046,-0.020339684237122672,-0.0037807228399060443,-0.002406793611793368,-0.002344674979456925,-0.013568763171354619,0.0,0.006166477451618453,-0.0025940351770466466,-0.002861232281032235,-0.008298802814695066,0.006295928456814831,0.011494379425735212,-0.031441525834819004,-0.0038684767779203176,-0.007142887512380114,-0.015504186535965199,0.010657294473987979,0.0030816665374081144,-0.010152371464017962,-0.02105340919783238,0.011494379425735212,-0.017167803622365446,-0.0011370097870751247,-0.014652276786870375,0.030239885189718176,0.004089985251525066,-0.0279087881170765,-0.00881062968215492,-0.018904154639152723,-0.019608471388376313,0.02162246401316571,0.008547060578458348,0.0,0.004938281640582577,0.017637141486106876,0.0056022555486697516,0.0,0.006116227017436054,0.044287717694124866
2025-12-04,-0.009917436657345916,-0.011696039763191298,-0.021858806418885525,0.06276569554978731,-0.019342962843130987,0.005420067469339113,-0.006872879287762064,0.018762276455523034,-0.009077158053210133,0.01166872201962831,0.00816336036544988,-0.004246290881451097,0.008163328897193591,-0.01834913866819654,0.002861232281032195,0.008298802814695064,-0.002094241603114737,0.0,0.017272351453093075,0.0,0.03521490629106643,0.0,0.02443402533728204,0.00918842605440617,-0.01025650016718911,-0.003552401604367772,-0.014388737452099556,0.0,-0.001138304050060392,-0.029964788701936394,0.012685159527315642,0.032131278182793196,0.009389740349839137,-0.004434597067865753,-0.019268418865877032,0.019608471388376337,-0.01075279177626185,-0.012848142477849024,-0.00433840159859813,-0.004938281640582566,-0.021202207650602937,0.013869847864150377,0.008968673959603532,0.06655086783139964,0.0
2025-12-05,-0.010016778243471232,0.011696039763191236,0.0027586603852139697,-0.026976587698202083,0.011650617219975274,-0.002706361597742914,0.0034423441909726986,-0.0037243990909824397,0.009077158053210233,-0.004651187243056996,-0.010899332310516653,-0.008547060578458408,-0.004073334479390872,0.018349138668196617,0.0,-0.016667052485211647,0.0,-0.017291497110060994,-0.10939351837448298,0.041751794680221756,0.10189430768134015,0.0,-0.0034542348680875576,-0.018462062839735442,0.0025740039951728426,0.010619568827460351,-0.011661939747842975,0.017167803622365498,0.0022753138371356054,0.0037950709685515343,-0.025533302005164762,-0.032131278182793294,0.0,-0.008928630744301318,0.02687301825109627,-0.009756174945364685,-0.013605652055778598,0.04632407167423841,0.0,-0.009950330853168092,0.038533664002242986,0.01910017137341943,-0.008968673959603502,0.005688759754421768,-0.021898750224525497
2025-12-08,0.016639319003964724,0.11346710319081472,0.045768408127384974,0.003898640415657323,-0.027398974188114388,0.047628048989254664,0.020408871631207033,0.003724399090982494,0.0,0.004651187243057018,0.005464552257344764,-0.012959144642505228,0.010152444373379135,0.002594035177046528,-0.028987536873252298,0.05715841383994862,0.006269613013595395,0.011560822401076006,0.06975998676323251,-0.022557347424074514,0.030771658666753687,0.08961215868968714,-0.003466207976486284,0.0031007776782481854,0.025382073271417196,-0.017762456339840388,0.03174869831458027,0.03758271114904285,0.0,-0.01526747213078842,0.025533302005164845,-0.008196767204178515,0.03670136685042796,0.04386668210558172,0.0,0.00488998529419177,0.0027359798188748455,-0.016597891409037828,0.0,-0.030459207484708574,-0.006896579059060329,-0.019100171373419378,0.017857625283305846,-0.049844204077291364,-0.033774275511764644
2025-12-09,-0.020000666706669543,-0.04602582239528218,-0.03480938839652947,-0.03968774826724258,-0.01600034134644119,-0.0025873235649509123,-0.016978336534417906,-0.01876227645552289,-0.024391437204503985,0.002317506118236302,0.0027210088360478057,-0.017544309650909508,-0.01219529964182144,-0.007802380284184899,0.028987536873252187,0.07637297878457396,-0.027456846233039317,-0.01739174271186922,-0.005267388796205086,0.015094626222484888,0.04154900291287248,0.014184634991956381,0.0,-0.009331327428884305,-0.03571808260207923,-0.01808367543329535,-0.07061756721395342,-0.016529301951210582,-0.003414915100069124,0.04512043528046964,-0.01694955831377332,-0.02500130220541727,-0.027398974188114388,-0.03939240171066072,-0.02687301825109634,-0.004889985294191792,-0.013755375068485344,-0.025425098365810056,-0.004357305368955701,-0.020834086902842025,0.006896579059060459,-0.016667052485211647,-0.017857625283305985,0.00509771707166858,0.01890413117795128
2025-12-10,-0.0067567824628797625,0.017953803616595845,-0.002728552168393602,0.027945930390559322,0.01600034134644112,-0.0025940351770466466,0.003418806748785461,0.0037807228399061523,-0.003091151077180587,-0.002317506118236167,-0.005449589148325852,-0.02690745291992438,0.01622747164616515,0.00520834510713826,0.060960699789687274,0.1810953150707103,-0.012931214672248779,0.005830920310793144,0.005724114083888643,0.061725579760956446,0.07556040523403672,-0.014184634991956413,0.0,0.0031201273362436777,0.012903404835907782,0.007272759329079878,-0.037271394797231655,0.0,-0.0011409014357915558,-0.03364803411823276,0.004264398786457518,0.004210532536343458,0.03636764417087479,0.017699577099400857,-0.007812539736793625,0.0,0.027324104274554176,0.004282661792000949,0.0,0.04628075256400618,-0.03496859783774674,0.019418085857101516,-0.0057266993365681605,0.01680711831638119,0.022223109765655676
2025-12-11,-0.04152845869658223,-0.03255260303774846,-0.02770254463902806,-0.027945930390559336,0.007905179507113247,-0.007822725681209045,-0.013745920904635126,-0.02677024106460478,-0.009331328809532406,-0.018735913530853153,-0.010989089819353362,-0.004555816535860691,-0.004032172004343661,-0.01834913866819654,-0.021739986636405875,0.0992066500834481,-0.030839448383079702,-0.011696039763191298,0.0009128252573596817,-0.032203140494634706,-0.002699056969165058,-0.028987536873252298,0.006920442844573757,0.0,-0.010309369658861213,-0.048246833539385435,-0.0031695747612790672,-0.00836824967051658,-0.006872879287762064,-0.01532597047822682,-0.03463549666275634,-0.021232220105774167,-0.04567003683318832,-0.03571808260207923,-0.03593200922606333,-0.05542980493933087,-0.016304709024943582,-0.008583743691391442,-0.013187004281953801,0.0679873409849328,0.007092228309491837,-0.019418085857101627,-0.018519047767237527,-0.01935272851581496,-0.03352265104950992
2025-12-12,0.007042282625412951,0.028987536873252187,0.0,0.0,0.05737711258330243,-0.005249355886143678,0.05388508849497942,0.02298951822469878,0.0,0.002361284319912803,0.002758614434407191,-0.004576667027411867,-0.026613655199281903,0.013140793561058328,0.01904819497069441,0.021978906718775167,0.00668898815079671,0.011696039763191236,-0.031042566709388975,-0.014652276786870375,0.024033199444156193,-0.02985296314968116,-0.006920442844573795,0.0062112000926406764,-0.005194816877104023,0.029964788701936387,0.040440969558510745,-0.008438868645864595,-0.0011500863832373297,0.019121041446778377,0.02178735418490723,0.021232220105774118,0.0,0.022472855852058576,0.06682249624540174,0.0,0.0027359798188748455,0.004301081899390702,0.0,0.0046838493124264375,-0.021429391455899165,-0.005617992304223261,0.00930239266231341,-0.018868484304382805,-0.003795066241034434
2025-12-15,0.006993035490970604,-0.007168489478612516,0.024966599381052047,0.0,-0.03402974858631137,0.0,-0.006578971098042511,0.0,0.03681391709121688,0.04609114270709279,0.04049138906973387,0.07082605256861242,0.03466190589733721,-0.007863736460214576,-0.030098031157279413,-0.06744128079553253,0.01980262729617973,0.017291497110061043,-0.05216054340430544,-0.0036968618813260916,-0.021334142474991172,-0.01526747213078842,-0.028170876966696335,0.0274826456938321,0.012936791030719362,0.0,-0.030962225603966925,0.004228336109521105,-0.008087854601698892,0.0037807228399061523,0.050430853626891904,-0.012685159527315687,0.0,0.04348511193973889,-0.023077947282544725,-0.005194816877104023,-0.005479465764625596,0.0,0.0,0.0,-0.007246408520767198,-0.022793009528556573,0.05406722127027579,-0.01834913866819654,0.014444912493543483
2025-12-16,-0.010507977598415093,0.0,-0.011019401256395956,0.0,0.022814677766171264,0.0026281224062694084,-0.020000666706669543,0.0,-0.02748258828168456,-0.00904986647695129,-0.024097553319337883,-0.021599111803461815,0.002002056977518988,0.03109058707003118,0.011049836186584935,0.011560822401076006,-0.006557400546159052,-0.017291497110060994,0.059194570061685395,0.08515780834030677,-0.002699056969165058,0.04512043528046964,0.007117467768863955,0.006006024060211949,-0.01293679103071945,0.0,0.006269613013595395,0.004210532536343458,-0.018735911057469818,0.0,-0.016529301951210582,-0.017167803622365446,-0.009389740349839032,-0.017167803622365446,-0.02761516703297338,0.02570835671020703,-0.0055096558109695845,0.012793351459909542,0.008810629682154906,0.032186686495901284,0.007246408520767253,0.01430639565123793,-0.04485056616535179,-0.0070796755880616884,0.04915923595808356
2025-12-17,-0.010619568827460261,0.024868066578013524,0.005524878951910189,0.008064559836730495,-0.01515180502060222,0.002621233479874287,0.016694878572170054,0.0,-0.006211243349260284,-0.006841555406401837,0.016129407073411546,0.013015368112070227,0.004987527632358245,-0.007682496172016282,-0.03636764417087483,0.0,-0.006600684031352024,0.005797117684325915,-0.006563549114003896,-0.09633110893843207,0.03974032864951412,-0.02985296314968116,-0.0071174677688639896,-0.0029985029962565574,0.02061928720273561,0.0,0.009331327428884222,0.03711766295650259,0.01175101653551873,0.04428768020111628,0.02061928720273561,0.058840500022933395,0.009389740349839137,-0.008695706967553932,0.023716526617316065,0.02506396866321622,0.029934207818044463,-0.021414094503816584,-0.004395611473038109,-0.0751527223793446,-0.007246408520767198,-0.005698021114637779,0.01818231908319033,-0.0035587226169941063,-0.029964788701936394
2025-12-18,0.007092228309491837,-0.024868066578013423,0.045768408127384974,-0.008064559836730408,-0.06301296782873404,0.0026143805740708936,0.029365894804364537,-0.01526747213078842,0.01851905126312296,0.0022857231799895635,0.00796814624592637,0.021322769468821244,0.02457129008555125,-0.02868514799885855,-0.017241806434506103,-0.023256862164267235,0.010977058631150994,0.01719240054037277,-0.006606914075741175,-0.0778603217722723,-0.04244669024725705,-0.01526747213078842,-0.014388737452099556,-0.009049835519917927,0.1063804035585718,0.014652276786870415,-0.015600940442479661,-0.0329247846964665,-0.00351082865006297,-0.025595547188963768,0.0,-0.024794658613216277,0.01851904776723753,-0.04009445720187809,-0.01178795575204224,0.00985229644301164,-0.013495481474884621,-0.013072081567352775,-0.004415018209116831,-0.039806250400419706,-0.03327478888487221,-0.011494379425735134,0.026668247082161273,0.03244475725711007,0.007575793808457723
2025-12-19,-0.0035398267051240623,-0.021819047394639725,0.0,-0.00405680069561443,0.028057952795157527,0.0026075634070807695,-0.012945164592036963,0.003838776307165667,-0.015408607153251777,-0.009174346972804323,-0.0026490004118783755,-0.012739025777429714,0.004842610924622907,-0.007968169649176845,0.017241806434505954,0.011696039763191236,0.013015368112070227,0.0,0.03283564288760524,-0.008130126083250176,0.0553500950831649,0.0,-0.007272759329079809,0.02099027589183583,-0.05904902885279976,-0.01834913866819654,0.012500162764231468,0.01659789140903783,0.011655143591748731,0.0,-0.020619287202735703,-0.012631746905900574,-0.0279087881170765,-0.004555816535860691,0.011787955752042173,0.028987536873252187,0.010810916104215676,-0.01324522675002068,0.004415018209116693,-0.1127197336998367,0.003752349618550372,-0.014556297774207487,0.01739174271186924,0.028075004285543426,0.04428768020111628
2025-12-22,0.0,0.03964483134724038,-0.0026350142977053337,0.008097210232619303,0.027292142288007554,0.02316705928153438,0.038343355197647436,0.007633624855071205,0.015408607153251722,-0.0023068140023446305,-0.002656107988047189,-0.012903404835907841,-0.014598856044684074,0.013245226750020723,-0.020144566092467463,0.1357092519245355,-0.019587133275304817,-0.011428695823622744,0.011616119683228619,-0.07191258159028627,-0.03655759573379758,-0.015504186535965199,0.021661496781179467,-0.008941937375661282,0.07723134793599017,0.014706147389695487,0.009273636785329253,0.004106781952653502,-0.0011594204197348191,-0.01869213301215252,0.02061928720273561,0.02096512846504487,0.018692133012152546,0.031463269455785106,0.011650617219975274,0.014184634991956381,0.023905520853554386,-0.008928630744301318,0.004395611473038129,-0.034685557987889984,0.011173300598125255,0.017442302663342388,0.0,0.005855307402219153,-0.025595547188963768
2025-12-23,-0.003552401604367772,-0.017825783952600573,0.005263172784889396,0.008032171697264253,-0.023347363996991177,-0.00510205188389551,0.0,-0.011472401162236807,-0.01851905126312289,-0.009280841060697034,0.00265610798804709,0.0,-0.009852269364629396,-0.007926065272420716,-0.04762804898925459,-0.036179656577502356,-0.0044052934679163795,-0.01739174271186922,-0.04896001554988275,-0.026668247082161294,-0.005333345975362617,0.0,-0.01077209698191107,-0.01204833851617448,0.11678153331929388,-0.007326040092072898,-0.003081666537408112,-0.00823049913651548,0.014968615693921392,0.014981553615616894,-0.008196767204178515,-0.020965128465044964,0.03636764417087479,-0.013363227812167141,0.007692345623155645,0.05924283356286076,-0.013210231736806462,-0.004494389587839326,0.0,-0.02985296314968116,-0.026267926820610188,0.0,0.008583743691391435,-0.005855307402219221,-0.03390155167568134
2025-12-24,-0.007142887512380114,-0.0036036075032985443,-0.007905218526797209,0.0,-0.023905520853554366,0.0025542798050967007,0.009360442759563672,0.01904819497069441,0.0,-0.004672859797114405,0.0,0.00431966114451638,0.0,-0.010666767804195192,-0.04681041784399056,-0.048527040894660436,0.0131580845775112,-0.01176484157958637,-0.009798142672188927,-0.022780028331819885,0.002670228555878892,0.015504186535965254,-0.007246408520767198,0.0,0.011952333523841173,0.0,-0.006191970247921107,-0.008298802814695066,0.005698021114637796,-0.014981553615616946,-0.004123717183862041,0.008438868645864604,-0.02715098906595086,-0.01354422510775726,0.0038240964384034758,-0.01785761740000646,0.005305052229693098,-0.022780028331819885,0.0,0.006042314455962662,0.015094626222484888,-0.0028860048891349867,0.0,-0.005046268067624272,-0.003838776307165713
2025-12-29,0.007142887512380204,0.14430348960643372,0.028685129877076505,0.0,0.07006756261671684,-0.0025542798050967423,0.02454110891611766,0.007518832414027319,0.0,-0.002344674979456925,0.002649000411878501,-0.008658062743114541,0.004938268034696041,0.021220955482885436,0.04681041784399058,0.010989121575595165,-0.010953012019197206,0.0,-0.028253218767558038,0.027274417919659306,0.021108963210235265,-0.015504186535965199,0.0,0.006042314455962662,0.004938281640582577,-0.003683245416296405,0.03658944743229218,0.016529301951210506,-0.0011370097870751247,-0.007575793808457656,0.016393809775676352,-0.012685159527315687,0.062242308877221,0.05310982531394833,0.03377431711860405,0.01342302033214077,0.005277057100843819,0.027274417919659306,0.01739174271186924,0.017910926566530243,-0.018904154639152723,0.008633147144702875,0.016949558313773205,-0.0016877641137197409,0.0
2025-12-30,-0.007142887512380114,-0.025317807984289897,0.0056179693168953,0.007968169649176881,-0.034420223886479306,0.010178204915756052,-0.04652001563489282,0.003738322110607158,0.00621124334926034,0.025493813632427847,0.004655597103275062,0.021506205220963682,0.004914001329933348,0.018205964496572517,-0.003053437486890343,0.0,-0.0066298585386696885,-0.01791092656653022,-0.0019782400121057075,-0.027274417919659174,-0.021108963210235168,0.0,0.0,-0.01212136053234485,0.01951281422358172,0.0,0.017804624633506686,-0.05043085362689197,-0.004561011327562562,-0.0038095284166677302,-0.020534602441707864,-0.008547060578458408,-0.01739174271186922,-0.01739174271186922,-0.007407441277861805,0.0,0.005249355886143745,0.008928630744301398,-0.004319661144516396,0.0,0.0076045993852192125,-0.00286944242795282,-0.01694955831377332,-0.0033840979842405684,0.0
2026-01-02,0.01069528911674795,0.05305456295588956,0.0055096558109697,0.015748356968139112,0.05672598140077753,0.0050505157860685716,0.018868484304382736,0.014815085785140682,-0.006211243349260284,-0.025493813632427816,-0.005479473959236735,-0.012848142477849024,-0.004914001329933428,-0.0025806465934916254,-0.024769068112408858,0.1376213778760477,0.006629858538669582,-0.006042314455962586,-0.025571711756124927,0.013730192811902037,0.0,0.07522342123758753,0.003629768050578731,-0.015361285161487206,0.023867481406643486,-0.014870162479451393,0.03184060585565884,0.01709443335930004,0.006833739578565117,0.10153641921942282,0.0,0.012793351459909542,0.08408311721054144,0.021692824611259754,0.07516954337868052,0.03493805136128044,0.01041676085825558,0.004434597067865775,0.00431966114451638,0.023392879574705375,0.007547205635382904,-0.002877699827615169,0.0,0.020134908409055807,0.007662872745569097
2026-01-05,-0.003552401604367772,0.0,0.01092907053219023,0.015504186535965254,0.028987536873252187,0.007528266420791588,0.0545589842504344,0.010969031370573937,0.00621124334926034,-0.007067191511224803,-0.002751001699605203,0.0,-0.0049382680346959995,-0.0025873235649509123,0.0,0.09962984094884134,0.006586192852856655,0.006042314455962662,-0.01380742978785533,-0.02298951822469872,0.01849458263616431,-0.014598799421152636,0.05977174329991735,0.0030911925696728796,0.05505977718302739,0.02587944798782076,0.016949558313773205,-0.01279335145990947,-0.004550633563996468,-0.01739174271186922,0.01646127705407193,0.004228336109521105,0.008032171697264253,0.06239029259928158,0.023851215822179847,0.012793351459909542,0.012870190520534956,0.026202372394024117,0.008583743691391435,-0.01749315744751723,-0.0037664827954768934,0.031208206453841005,-0.017241806434506103,0.02298951822469878,-0.015384918839479456
2026-01-06,0.007092228309491837,0.09282020756750904,0.013495481474884509,-0.01160554612030789,0.10178269430994238,-0.002503130218118477,0.017544309650909525,0.003629768050578731,0.012307807913862578,0.002361284319912803,0.013680088531945916,0.008583743691391435,-0.014242356715543103,-0.007802380284184899,-0.012618463959211462,0.0,0.0021857932199802256,0.017910926566530243,-0.014784343985513265,0.04546237407675741,-0.005249355886143678,0.0,-0.020690393257446166,0.0,0.004454350349380375,0.021661496781179467,0.06768482682693608,-0.07576004588153559,0.002277905312993867,-0.03936107388058031,-0.024794658613216277,-0.008474626990972232,0.054488185284069776,0.0849932128333925,0.010050335853501506,0.09684982598991762,-0.02853630726493436,0.012848142477849059,0.012739025777429712,0.04035129552356745,-0.015209418663528795,-0.016901810802603254,-0.017544309650909508,0.01530436637344608,0.011560822401076006
2026-01-07,0.038132869695444035,0.027324104274554176,0.07487366897520557,-0.015686596167699508,0.02861880530565266,0.0,0.10969891725642453,0.017953803616595845,-0.003062748414574154,-0.00947871356843007,0.005420075487250951,-0.004282661792000848,-0.014448135747386041,0.0026075634070807695,-0.032260862218221435,-0.026202372394024072,-0.006571765163234502,-0.005934735519814578,0.04994668652408595,0.030636969461889804,0.05129329438755048,-0.014815085785140587,-0.003490404939768491,-0.006191970247921107,0.11728908652310002,-0.04007822356741047,0.02838900326268611,-0.004640379556502225,0.0022727282510026188,-0.07186456122964405,0.0,-0.00426439878645754,0.015037877364540502,0.00738010729762246,-0.020202707317519466,0.07410797215372183,0.023408090898014804,0.021053409197832263,0.02087758502155518,-0.011363758650315095,0.007633624855071205,0.0056657375356773,0.0,0.007168489478612497,-0.003838776307165713
2026-01-08,0.006779686985378769,-0.08139132554483001,0.009901070982711537,-0.01593659226281264,-0.009448889197932507,-0.010075651988741587,-0.0981714120853571,-0.003565066164496146,-0.012345858738677577,0.0023781305056664688,0.0026990259142930504,-0.0043010818993905854,0.0,-0.0052219439811517126,0.013029500290333897,0.017544309650909525,-0.011049836186584935,-0.005970166986503796,0.0255228578027936,-0.008658062743114541,0.07232066157962608,-0.015037877364540559,-0.014084739881738972,-0.003110422414392391,-0.05275056538552897,-0.014981553615616946,-0.01280427224598774,0.009259325412796726,-0.0011357184639273798,-0.00392927813988955,-0.004192878260035927,-0.021599111803461815,-0.06155789299943332,-0.060624621816434854,-0.0452250980049359,-0.07026919584655618,0.007682496172016211,-0.01680711831638129,-0.012474174225175688,-0.028987536873252298,-0.007633624855071095,-0.0028288562004777137,-0.01785761740000646,0.004750602758597799,0.007662872745569097
2026-01-09,-0.020478531343540676,0.023122417420854212,0.033901551675681416,-0.008064559836730408,0.03115516777979548,-0.010178204915756153,0.03933091206242354,-0.018018505502678365,0.009273638343762346,-0.007151425576000721,-0.008119101401544012,0.0,-0.01044941587434112,-0.00788440352414887,0.00323102058144654,0.004338401598598141,-0.0022246950221111624,0.035297782081023896,0.0004844961335084599,-0.008733679968754553,-0.009345862418237658,0.0,0.0,-0.003120127336243634,0.04879016416943204,-0.0037807228399060443,-0.0025806465934916254,-0.0046189458562945285,-0.003414915100069124,0.019493794681001132,-0.004210532536343494,0.0,0.03125254350410453,0.053244514518812285,0.05537746946895389,-0.003838776307165713,0.007623925110659366,0.012631746905900564,0.0,-0.005899722127188271,0.007633624855071205,-0.022923639901936965,0.026668247082161273,-0.004750602758597865,0.0
2026-01-12,-0.01388911216066715,0.10307218513981405,0.023530497410194036,0.008064559836730495,-0.02799560748942698,-0.007702220362092351,0.05363215491579511,0.018018505502678212,-0.012384082453633549,0.009523851135801198,0.005420075487250951,0.0,0.0020986366569212054,-0.051432173632270706,-0.07361181734324596,-0.05792264773270451,-0.002229655327269092,0.0,0.0019356405753213042,-0.06805346324501564,-0.06047791896280119,0.0,0.010582109330537008,-0.012578782206860073,0.015748356968139112,0.0,0.02298951822469878,0.004618945856294458,-0.0034266167166475555,0.0038535693159899723,0.029108084158070764,0.008695706967553913,0.0,0.06800472911405744,0.02985296314968113,0.0,-0.005076153031860661,-0.025425098365810056,-0.004192878260035927,-0.03614851411631109,0.007575793808457723,0.020086758566737292,-0.017699577099400975,-0.00477327875265766,-0.007662872745569137
2026-01-13,0.04110167568555178,0.03544674899574771,0.06308397542657687,-0.004024150299725491,0.021841741915048854,0.017880425277848364,0.012970350442627405,0.04196419909903221,0.00621124334926034,0.02803925453388806,0.0053908565665739695,0.004301081899390702,0.01042762316225916,0.021978906718775167,-0.02460581080220019,-0.07128908374730171,0.008888947417245994,0.005763704716750134,0.015113637810048106,-0.048086186667637795,-0.025253867321203417,0.015037877364540502,0.010471299867295437,0.00944888919793251,0.026976587698202076,0.015037877364540502,0.02985296314968113,-0.0046189458562945285,0.006841531816716784,0.052446475372542524,0.008163310639160835,-0.00433840159859813,0.1758906664636642,0.0765764996970503,-0.019802627296179754,0.01904819497069441,0.0076045993852192125,0.08629581345283606,0.016667052485211643,-0.024845998586530776,-0.007575793808457656,0.028013036227673888,-0.008968669982760375,0.0031847160675199195,0.0
2026-01-14,0.0,-0.01756632371789917,-0.02655023209412084,0.004024150299725548,-0.003091192569672858,0.0075662403833158766,0.052709816419528335,-0.024264621999631208,-0.009331328809532406,0.004597724948711953,0.0,0.029600469776290682,0.004140792666031387,0.047754431295900034,0.007092228309491837,0.038652154434279114,0.006615239118719183,0.03944173205129662,0.027939368689241434,0.029128272923023637,0.04988565451086883,0.029413885206293407,-0.028170876966696335,-0.0031397200046677527,-0.026976587698202083,0.003724399090982494,-0.00491401480242904,0.03189336377595379,0.006795043132828808,-0.04860769906537681,0.0,0.025752496102414764,-0.006472514505617479,-0.019418085857101627,-0.013423020332140661,0.062177244951891364,0.024938948347252146,-0.007905179507113261,0.008230499136515444,0.018692133012152546,-0.007633624855071095,0.008253141756720482,-0.009049835519917927,0.00158856268513774,-0.007722046093910278
2026-01-15,0.00668898815079671,0.0025284463533586906,0.0,0.004008021397538868,-0.006211200092640636,-0.005037794029957181,-0.009828088936262651,-0.010582109330536972,0.00933132880953233,0.040454972916858574,0.026526724700796034,0.016529301951210506,0.030521189034886913,0.005167970158442598,0.0,-0.028848154337658277,0.004385971943254268,0.03794493156412347,0.02763048246556938,0.0047732787526575905,-0.02463178718966539,-0.014598799421152636,0.010657294473987979,0.012500162764231468,-0.007843177461025893,0.0037105793965355534,-0.014888612493750637,0.013363227812167158,0.005627476865728389,0.033901551675681416,-0.020534602441707864,0.0,0.025642430613337652,-0.023141528561694377,-0.013605652055778598,0.007067167223092353,-0.004938281640582566,0.03125254350410453,0.004089985251525066,0.018349138668196617,0.01142869582362285,0.0027359798188748455,0.0,-0.014388737452099556,-0.051701374376890416
2026-01-19,0.0,-0.02298951822469872,-0.027274417919659174,0.035367143837291344,-0.0478560211776351,-0.020408871631207123,-0.012422519998557209,0.04845238338594675,0.0061728391043732855,0.01746763689097083,0.005221951778009521,0.0,0.0020020026706729687,-0.012970350442627404,0.041528458696582275,0.004866189651172906,-0.031113620849069042,-0.02695580998852822,0.02732592550113221,-0.014388737452099556,-0.017610518008635393,-0.02985296314968116,-0.0035398267051240623,0.00619197024792098,0.007843177461025879,0.011049836186584935,0.0,0.0,0.002242153405689727,0.02919915469226235,0.008264509849893431,-0.004246290881451097,-0.02564243061333767,0.02314152856169433,0.013605652055778678,-0.017762456339840388,0.00985229644301164,-0.019418085857101627,0.004073325387635869,-0.02454110891611766,0.011299555253933466,-0.010989121575595206,-0.009132483563272474,0.01438873745209967,-0.050219756979026454
2026-01-20,0.0,0.06259865631974455,0.03174869831458027,0.026668247082161273,-0.0032733253449691376,-0.005167970158442561,0.02955880224154443,-0.017036187152567852,-0.015504167913905636,-0.010881537877282077,0.002600819325649016,0.0,0.004987541511038968,-0.007863736460214576,-0.017094433359300068,0.004842624475787991,-0.0022598879674374786,0.005449604767564685,-0.1118833135291951,0.004819286435948922,0.08043310393069082,0.0,-0.014285957247476541,0.0030816665374081144,-0.027724548014854862,-0.018484814674103102,0.009950330853168092,-0.00888894741724604,0.003353832098431458,0.052551495326430345,-0.02079076966907378,0.021053409197832263,0.0,0.04785602117763514,-0.006779686985378804,0.03866914115915412,0.019418085857101516,-0.011834457647002796,0.004056800695614469,0.0,-0.011299555253933394,-0.005540180375615356,0.027150989065950898,0.014966801633318956,-0.0043010818993905854
2026-01-21,-0.01005033585350145,-0.02955880224154439,0.008888947417245994,-0.026668247082161294,-0.0032840752011898846,0.005167970158442598,0.03576066387909826,-0.09737416402517636,-0.03822121861174739,0.004366834340775068,-0.007822771103658603,-0.004106781952653359,-0.006989544181712186,-0.02127739844728485,-0.01388911216066715,-0.07002860436048348,0.006764400088542063,-0.05014978368547156,0.02946361400673824,0.03309994842634492,-0.028505492997926287,-0.03077165866675366,0.02135312447056906,-0.003081666537408112,0.03550668845690982,0.0,-0.00247831601446709,-0.004474280394921077,-0.004474280394921077,0.0,0.00836824967051658,0.008298802814695064,0.012903404835907782,0.030677252247047038,0.006779686985378769,0.010291686036547506,0.0047961722634930135,-0.02409755157906053,0.004040409537004906,-0.025158559636154987,-0.011428695823622744,0.0,0.02643325706815543,-0.16173737416295478,-0.013015368112070361
2026-01-22,0.07145896398214505,0.08157998699242285,0.039050514871873034,0.019121041446778377,0.009820046180975513,0.005141399500418652,-0.011778699192612763,0.02616971773338482,-0.00651472644511331,0.0,-0.0026212032970489066,0.012270092591814401,-0.002006018726865743,0.02127739844728488,-0.03922071315328127,-0.10363488969035654,0.011173300598125255,0.016997576368571077,0.006168465585182528,-0.02830377616285182,0.037829569873049564,-0.0317486983145803,-0.010619568827460261,0.027398974188114347,0.011560822401076006,0.0074349784875179905,0.05079689328527472,0.08176595469656767,0.018878961597469563,-0.01721212888112141,0.02061928720273561,0.044451762570833796,0.012739025777429712,-0.021374859584733563,0.026668247082161273,-0.013745920904635126,0.03294415571935406,0.0,0.01996074256253815,-0.03236528450203166,0.015209418663528708,0.038151765964376326,0.07534943724178679,0.009149194653588082,-0.004376374599798888
2026-01-23,0.05785479269817419,0.04944827541398111,0.021053409197832263,-0.011428695823622744,-0.06388726745125126,-0.007722046093910278,0.01645160489200506,0.007352974305258733,0.0,0.00217628696033086,0.01044397440070761,0.0,0.002006018726865766,-0.02127739844728485,-0.05994303596703359,0.033901551675681416,-0.0316053394153311,-0.011299555253933394,-0.011417821471326266,-0.00961545869944198,0.011534153245286545,-0.03278982282299084,0.0035524016043679218,-0.006024114603380902,0.03759841355700759,0.011049836186584935,-0.00236127618567982,-0.008298802814695066,-0.009950330853168092,0.006920442844573757,-0.004089985251525166,-0.007936549595736303,0.006309169193264756,0.018349138668196617,-0.003294895896852538,0.017153079226249493,0.04967160979723757,-0.020534602441707864,0.011787955752042173,-0.006600684031352024,0.029741969198737516,0.007989390033478861,0.008032171697264253,-0.006395636236405092,-0.01324522675002068
2026-01-26,-0.002962965130657072,0.0,-0.0041753714104806215,0.03759841355700759,0.08643250577230735,-0.005181358741997629,0.10396093530340299,0.007299302481611535,0.0,-0.015334300353667831,0.0,0.0,-0.0161619679569981,0.008032171697264253,-0.0038684767779203176,-0.08096906253366709,0.006857169726137045,-0.017192400540372875,0.05673301768336879,-0.02445109586416431,0.0,0.0,-0.010695289116747919,0.014992784586141318,0.007352974305258733,-0.0036697288889624017,-0.0071174677688639896,0.0,0.006644542718668511,-0.020906684819313712,-0.033336420267591836,0.015810606026642245,0.012500162764231468,0.044451762570833796,0.03883983331626396,0.043267980248515484,-0.004415018209116831,0.03265596297405272,0.011650617219975274,-0.0544352065550171,-0.014760415583120573,0.020998146839773402,0.0,0.0,-0.04546237407675729
2026-01-27,-0.05803154757218484,-0.026668247082161294,-0.04274154837727102,-0.007407441277861805,-0.00638979809877101,-0.028987536873252298,-0.03201981123477148,-0.08734201015514796,-0.019802631293484696,-0.006644565359827987,-0.007822771103658603,0.01212136053234482,-0.020576857688759387,0.013245226750020723,0.04546237407675741,0.03550668845690982,-0.0068571697261370235,-0.023392879574705462,0.047670102018130225,0.029270382300113237,0.02938064439321996,0.08004270767353636,-0.003590668130728596,-0.02105340919783238,-0.0036697288889624017,-0.014815085785140587,0.0023781224049674193,0.024692612590371414,-0.020067563050809256,0.01398624197473987,-0.0388817875442074,-0.027834798993443984,-0.05096644359202752,-0.07210329390134394,-0.028987536873252298,-0.05696682460667747,-0.04525659158812083,0.0,0.0,0.06103589058636909,-0.011215070820140068,0.02310757501014949,-0.040821994520255166,-0.06045277590451263,-0.0427618593380817
2026-01-28,-0.03195159980660236,-0.06513930217096149,-0.0355593020364868,-0.049533935122276676,-0.10821358464023272,-0.0749310174676727,-0.04208816091895044,-0.020040750883446153,-0.0654277707407885,-0.013423006790701611,-0.06209820741903322,-0.040989344533197004,-0.053374460591375045,-0.13503628380394286,-0.16034265007517937,-0.1570618900347168,0.0,-0.048494349938610494,-0.16251892949777494,-0.16138834712748887,-0.16160227913567912,-0.08004270767353637,-0.021819047394639725,-0.056264838586137705,-0.06453852113757118,0.0221411258772135,-0.12105441403856593,-0.11170398958000129,-0.012464750619987064,-0.04618938246937458,-0.03132247112904116,-0.05384323202082316,-0.013158084577511088,0.00930239266231341,-0.009852296443011594,-0.03866914115915405,-0.01869213301215252,-0.09691789719242178,-0.055569851154810765,-0.15634607039069398,-0.062035390919452635,-0.1270261293510746,-0.0779615414697118,-0.028643933617094244,-0.03960913809504583
2026-01-29,-0.03974032864951411,0.009569451016150672,0.004514680354526613,-0.06038051098890748,0.021202207650602906,-0.056311171562715416,-0.022884293833587845,0.047439725071560565,0.024605838511868212,-0.004514695763004718,0.051571778590810476,-0.012631746905900574,0.015234244571847987,0.04418981103037055,-0.04445176257083381,-0.16211884947643523,-0.011534153245286519,-0.018809331957496227,-0.04777647933858588,-0.03448617607116932,-0.1615954262768377,0.04879016416943204,-0.06453852113757118,-0.012945164592036963,-0.04409531986522423,-0.011009285508369368,-0.0244245520070749,0.018018505502678212,0.012464750619986973,-0.056089466651043585,-0.01373019281190202,-0.012848142477849024,-0.047466537238923724,-0.021841741915048753,-0.006622540760493382,-0.01808367543329535,-0.019048194970694474,-0.09265883048270483,-0.004089985251525166,-0.0717439048588413,-0.03252319170556006,-0.005780362915499425,-0.06513930217096149,-0.02229068989837151,-0.06252035698133393
2026-01-30,0.026668247082161273,-0.05631843059022361,-0.004514680354526583,0.044632154020768366,0.06103589058636909,0.06205831381828338,-0.025792754561728838,-0.01949379468100113,0.027398955056869467,0.015712999917307555,0.007905225531173789,0.04149973090675284,0.04021705996436614,-0.01744230266334237,-0.01834913866819654,0.031498667059371016,0.027461679941387797,0.049392755329576474,0.05182506786458595,0.13133600206108695,0.01526747213078838,0.015748356968139112,0.042232763623272995,0.0352036351929797,0.05579135962841551,0.003683245416296368,0.0,-0.004474280394921077,-0.0113251493570534,0.06333587517181076,0.05382465001378008,0.021322769468821244,-0.028170876966696335,0.012539349252735173,0.009917436657345924,0.0036429912785010087,0.01904819497069441,0.07929560267053765,0.016260520871780326,0.03252319170555993,0.012320484388040657,0.0425596144187959,0.009569451016150672,0.06543463590021978,0.03434948001463764
2026-02-02,0.06062462181643484,-0.0704332750489203,-0.03218668649590133,-0.01600034134644119,-0.16019963970668394,-0.011527505171067383,-0.09983345855568043,-0.011881327886752675,0.02666822895782365,0.002224702636398613,0.0052356217135473716,-0.008163310639160981,-0.004158010148663677,-0.023739987303072942,-0.16034265007517937,-0.15933203856925593,0.002254792387089083,-0.024391453124159124,-0.13266596634809377,-0.16101177020720361,-0.1257693872890334,-0.048009219186360606,-0.01897590145900569,0.052079149044889694,-0.08489944378648627,0.03255260303774855,-0.1041402592525969,-0.004494389587839326,-0.0022805026987252177,-0.03676884778708893,-0.004376374599798888,0.016736792355523826,-0.16251892949777494,-0.16196932794505614,-0.06453852113757118,-0.09931820120186374,0.027908788117076658,0.004474280394921107,0.023905520853554386,-0.15548490284039498,0.05170137437689041,-0.028170876966696335,0.009478743954543739,-0.06338755227849494,0.05310982531394833
2026-02-03,0.0274826456938321,0.024033199444156193,0.004662013105811371,0.06630107982124007,0.05994303596703364,0.01438873745209967,0.031010236742560218,0.08034912716421336,0.006557379507711831,0.019802578753164934,-0.007863782181572306,0.004089985251525066,0.006230549750636163,-0.012084739215071886,0.07333127308554951,0.1823215567939546,0.020067563050809173,0.06569525926539495,0.03735578654376882,0.05279818556697083,0.07287992336866066,0.016260520871780326,0.0,0.023599915340873506,0.045368605029851086,0.024605810802200194,0.09586434994873717,-0.009049835519917927,0.005691534999788055,0.043963123421116204,0.008733679968754631,0.01646127705407193,0.08841095734405294,0.07750356115486004,0.020834086902842053,0.058496206681608626,-0.009216655104923952,0.0,-0.007905179507113261,0.16345307248957175,-0.01562531790308087,-0.014388737452099556,0.018692133012152546,0.06817454083571955,-0.00990107098271157
2026-02-04,-0.01212136053234485,0.013106347505300583,0.01385703466142628,-0.022901764286684455,0.08367247572411504,-0.011494379425735134,0.015151805020602246,-0.018553407895747834,0.019418089700664054,0.008676873981267654,0.018253433946239645,0.0897287699661297,0.03459144476961908,-0.0030441423812281325,0.07302513501488982,-0.07061756721395342,-0.017817843316793786,0.0,0.004434597067865775,0.016997576368571077,-0.0096308930609613,0.0,0.0038240964384034758,-0.032595478249451346,0.06252035698133393,-0.02105340919783238,-0.01394722748085044,-0.02765153133051001,0.0011344300706118218,-0.07053015080583787,-0.008733679968754553,0.016194685919980606,0.030305349495328843,0.026757449169549332,0.02377021933391185,0.044451762570833796,0.018349138668196617,0.0,0.011834457647002798,-0.02409755157906053,0.003929278139889557,-0.03540192705091595,-0.01869213301215252,0.062028209616692496,0.019705071079332337
2026-02-05,0.0,-0.06453852113757118,-0.03738753207162033,-0.007751976804317936,-0.016863806052004805,0.022858138076050184,-0.04616204176316249,0.04037245529038763,0.0,-0.013043708322042748,-0.005181299077507228,-0.015037877364540559,0.009950330853168092,0.0060790460763821925,-0.014184634991956413,-0.02469261259037152,0.015607897665990968,0.005763704716750134,-0.02690745291992438,0.022223136784710256,-0.05981849521091022,-0.03278982282299084,0.0038095284166676487,0.0,-0.04652001563489282,-0.0071174677688639896,0.022223136784710256,-0.004683849312426314,0.0033955890011381075,-0.0038535693159899662,-0.022173857494321967,-0.008064559836730408,-0.030305349495328922,0.00985229644301164,-0.04110167568555192,-0.05205636195605315,0.0,0.017699577099400857,0.015564516541111548,0.0553500950831649,0.019418085857101516,-0.012084739215071886,0.009389740349839137,-0.016289952979268458,0.0751527223793447
2026-02-06,-0.021572485254127888,-0.03390155167568134,-0.009569451016150672,-0.011741817876683174,-0.013698844358161915,0.022347298691996618,-0.026597312519265854,-0.036634133179780384,-0.016155421279907302,-0.008791179052561751,-0.01834919993188137,-0.03077165866675366,0.0,-0.02765153133051001,-0.07667536765896765,-0.06010392406970544,-0.006659292089976849,-0.029156584291455578,-0.030283496587252295,-0.062343130574135514,-0.010327114155849628,0.0,-0.01919444725614718,-0.027482645693832006,-0.032260862218221435,-0.02166149678117942,-0.027856954502966224,0.009345862418237599,-0.007941051372812806,-0.03536714383729136,0.004474280394921107,-0.01632689328742878,-0.055350095083164956,-0.07109592168373022,0.03436764350420782,-0.007662872745569137,0.013544225107757253,-0.01324522675002068,-0.015564516541111573,-0.08841095734405308,0.011472401162236781,0.026988144717646975,-0.018868484304382805,-0.037179003241754015,0.03991660740544263
2026-02-09,-0.0062500203451712946,0.031119908713804472,0.023754086008107057,-0.003944778291016341,0.023851215822179847,0.05899834076195576,0.047377281011011116,-0.007490671729157626,-0.023065299714241472,-0.002209953164461834,-0.002648977710528153,-0.01972450534777859,-0.009950330853168092,0.00311042241439233,0.025382073271417196,0.060103924069705515,0.00886923774077979,-0.011904902506318314,0.08500839627649895,0.0,0.013745920904635136,0.0,-0.003883500026397633,0.0,0.028284713838582103,-0.0036563112031105433,0.03606493492079587,-0.01877989465159636,0.0034110323010629008,0.01980262729617973,-0.013483350337286988,-0.012422519998557209,0.06301296782873396,0.06453852113757116,-0.0033840979842405684,-0.007722046093910278,-0.004494389587839326,0.0,0.011696039763191236,0.07290677080808773,-0.023077947282544725,-0.008915363657952393,0.009478743954543739,0.022472855852058576,0.0
2026-02-10,0.036927272592218306,0.0515718071313089,0.018605187831034486,0.031130918595173213,0.02985296314968113,0.015504186535965254,0.0,0.02963179760637115,-0.0033388564930255374,-0.002214847876531959,0.002648977710528106,0.031375122567753835,0.01980262729617973,-0.006230549750636086,0.01739174271186924,0.03278982282299097,-0.017817843316793786,0.005970166986503754,0.016273535068099594,0.04572224933809515,-0.010291686036547636,-0.01680711831638129,0.030653741091002305,0.006172859107081016,0.011881327886752686,0.01092907053219023,-0.008207980417829622,0.041769412876295146,0.0033994367014640097,0.011696039763191236,0.004514680354526613,0.0,0.044783602626973444,0.016313575491523787,0.049596941139372186,0.030536723860081702,0.0,0.013245226750020723,0.0,0.11778303565638346,0.08571351827402972,0.014815085785140682,-0.00947874395454377,0.017439634285355998,0.0
2026-02-11,0.03852328199633546,0.023530497410194036,0.022780028331819906,-0.007692345623155614,0.019418085857101516,-0.010309369658861213,0.025382073271417196,-0.014706147389695449,-0.003350110222558439,-0.006674129930782063,0.005277065063148971,0.03788331790230128,-0.014815085785140587,0.0368139731227164,0.11613964991265341,0.09237332013101507,0.006718950248745009,0.0059347355198145265,0.026375729267830186,0.0329700192375699,0.03722934176835598,0.01680711831638119,0.03339828040184801,0.006134988567515929,0.07579383936953372,-0.02941388520629334,0.02977215833367005,0.004535155165391363,0.006764400088542063,0.0,-0.004514680354526583,0.10285738543970782,0.06362569588021155,0.022400936689166713,0.019169916107720123,0.05841076215641451,0.004494389587839267,0.042925044717033844,-0.011696039763191298,0.06713930283762852,0.010657294473987979,0.037522439323089775,0.0,0.03487166028265489,-0.017544309650909508
2026-02-12,0.005797117684325915,-0.005181358741997629,0.0,-0.007751976804317936,-0.0032102756302482102,-0.02359218201682007,0.03206193245966288,0.0036968618813262026,-0.016920857408877544,0.006674129930782013,-0.0026350173166921334,0.011090686694158138,0.009901070982711537,-0.01212136053234485,-0.03571808260207923,-0.007380107297622534,-0.015748356968139168,-0.005934735519814578,-0.020834086902842025,0.0,0.0,0.0,-0.02587944798782072,0.003053437486890248,0.03584613177313588,0.011131840368844199,0.01849458263616431,0.004514680354526613,-0.010163836790005994,-0.011696039763191298,-0.004535155165391262,-0.026668247082161294,0.006825965070399891,0.00944888919793251,0.0,0.04506828540170625,-0.004494389587839326,0.012526259819180256,0.0,0.0,0.12287409815053464,0.008462673918733728,0.0,0.010489606671019443,0.017544309650909525
2026-02-13,0.005763704716750134,-0.03166491464396869,0.0,-0.003898640415657309,-0.02936589480436454,-0.021448543407483627,-0.01713628224298724,-0.0186225120980018,-0.017212108104458727,-0.006674129930782063,-0.0026420477464566897,0.0036697288889624017,0.0,-0.02469261259037152,-0.02298951822469872,0.078331843269907,-0.025259666759237877,-0.01197619104671565,-0.0071306257501666664,0.0,-0.05462108448022522,-0.01680711831638129,-0.02656702738472175,0.0,-0.017762456339840388,-0.014870162479451393,0.030930300691358558,0.004494389587839267,0.007914117055990528,0.003913899321136315,-0.01834913866819654,0.022901764286684414,-0.013698844358161915,0.009360442759563672,0.0,-0.017094433359300068,-0.041385216162854364,-0.020965128465044964,0.0,-0.006514681021193642,-0.06121073104489645,-0.03138631382067072,0.0,0.022356907101276396,0.0
2026-02-18,0.02272825107755609,0.05223119222544573,0.01342302033214077,0.015504186535965254,-0.0033167526259939265,0.03462396456604808,0.0,0.007490671729157659,0.010362788495043702,0.002229662975549116,0.013140847244721221,0.01814931850567727,0.038652154434279114,0.02773675497159962,0.0,-0.027779564107075706,-0.007001195458983588,-0.01212136053234485,-0.030407293568898475,0.05775883415219246,0.013937507843781678,0.01680711831638119,0.003838776307165667,0.0,-0.01808367543329535,0.011173300598125255,0.0025348556031881157,0.004474280394921107,0.0067340321813441194,0.0,0.0,-0.0037807228399060443,0.0795120629277336,0.021506205220963682,0.06434071676544953,0.0034423441909726986,0.01398624197473987,-0.017094433359300068,0.027080958602670614,0.006514681021193672,-0.020134908409055925,0.011527505171067414,0.0,0.01936902656894201,-0.017544309650909508
2026-02-19,0.0704898777545448,0.03254354773247142,0.021978906718775167,0.011472401162236781,0.019737482838321337,-0.005249355886143678,0.04348511193973889,-0.015037877364540559,-0.013841077042063284,-0.008948636375380147,-0.015789824955249266,-0.018149318505677334,-0.03865215443427911,-0.015314234973042481,-0.02353049741019416,0.05480823649499495,0.0,-0.01227009259181436,-0.029952322283351217,0.010152371464017908,-0.010434877292579619,0.016529301951210506,0.01142869582362285,-0.009188426054406255,0.0,-0.0037105793965356015,0.04213758444840453,-0.008968669982760375,0.011123585218662302,-0.0317486983145803,0.0,0.007547205635382904,0.14225122591751765,0.07041030616792489,0.014727806710243386,0.03045920748470844,0.009216655104924048,-0.004319661144516396,0.0076045993852192125,0.012903404835907782,-0.0309835455199672,-0.00286944242795282,-0.019231361927887644,0.009958588525577928,-0.01785761740000646
2026-02-20,-0.023842188962759636,0.01951281422358172,0.0,0.0,0.02889446599971497,-0.0457684184555807,-0.002366865010266168,-0.007604599385219304,0.006944449986255534,0.0044843279159142,0.0183973583167605,0.0,0.009804000096620835,-0.006191970247921107,-0.038839833316263894,-0.020202707317519466,0.013953714773865308,0.0,-0.020478531343540676,-0.020408871631207123,0.08701137698962969,0.0,-0.007604599385219304,-0.012384059199721666,0.007272759329079878,-0.011215070820140068,-0.049761509559063825,0.01785761740000647,-0.00554632592055626,-0.04115807249350744,-0.023420274208098498,-0.011342276603934495,-0.05683347476316587,0.016854331554982182,0.011628037995119214,-0.01680711831638129,0.0045766670274118935,-0.013072081567352775,-0.007604599385219304,-0.019418085857101627,0.07085593676734447,0.0,0.0,0.014754366012942546,0.008968669982760316
2026-02-23,-0.002684565370668987,0.009615458699441973,0.008658062743114531,0.007575793808457723,-0.012739025777429714,-0.008298802814695066,0.03949409903915957,0.011385322225125429,0.010327116088470837,0.006689011095864696,0.015504209446731854,0.01092907053219023,0.028848154337658343,0.0031007776782481854,0.05770831762064677,0.006779686985378769,0.02283204204264569,0.012270092591814401,0.0,0.020408871631207033,0.050010420574661416,0.016260520871780326,0.0038095284166676487,0.015456258236691672,0.028573372444055948,0.0,0.044895319907890946,0.030503454293414625,0.0066519092283059186,0.016667052485211643,0.023420274208098422,0.03364803411823273,0.023122417420854212,0.04093340892625309,0.0,0.04636592055792556,0.03587828766490185,0.0043763745997987815,0.0038095284166676487,0.006514681021193672,0.041473248206575095,0.019915309700941516,0.00966191091173689,0.0,0.05641408928009124
2026-02-24,-0.03836086787244622,-0.034066554563606195,-0.013015368112070361,-0.019048194970694474,-0.04590970130407786,-0.00836824967051658,-0.0022805026987252177,-0.011385322225125352,-0.01032711608847083,-0.011173339011778858,-0.0077220910435756235,0.0,0.018779894651596275,-0.015600940442479661,-0.0527700359800641,-0.07723134793599017,-0.015927526696101306,-0.030962225603966925,-0.030044552382952318,-0.06791120561621039,-0.03411183450686315,-0.01626052087178029,-0.01919444725614718,-0.024845998586530776,-0.014184634991956413,-0.007547205635382966,0.004866189651172906,0.0,0.0011043623430532275,0.0,-0.01869213301215252,-0.045120435280469544,0.005698021114637796,0.013280407667894466,-0.026355844705362546,-0.009756174945364685,-0.0088496152769825,-0.031044621681960163,-0.01532597047822682,-0.053345980705292735,-0.02852808361453805,0.008415196925284498,-0.019418085857101627,0.0024380345274302557,-0.008474626990972232
2026-02-25,0.03026365763982693,0.06237033072645809,0.03433813758089162,0.003838776307165667,-0.020339684237122672,-0.028411001832779895,0.018100041643617937,0.015151805020602246,0.013745946665222882,0.011173339011778761,0.025511625723875938,0.010810916104215676,-0.014051753455650302,-0.022258470600942697,-0.004938281640582566,-0.014706147389695449,-0.0045977092486294314,0.0,-0.008624588776201722,-0.005420067469339145,0.05820938608592369,-0.016529301951210582,0.04546237407675741,0.009389740349839137,0.04879016416943204,-0.0037950709685516094,0.15276275455241017,0.021232220105774118,-0.0033167526259939265,-0.004140792666031388,0.05058549678810624,0.01526747213078838,-0.04058528011507833,0.007884403524148835,0.026355844705362456,0.0,0.01762160134981941,0.004494389587839267,0.015325970478226772,-0.027779564107075706,-0.026060106669864955,0.0055710450494554295,0.009756174945364656,0.022472855852058576,-0.008547060578458408
2026-02-26,0.0027063615977428457,-0.03309994842634484,-0.021322769468821196,-0.043059489460447,0.0,-0.008683122573460881,-0.029581224017574195,0.011215070820140003,-0.003418830576752107,-0.008928661406320789,-0.005050523245168567,0.007142887512380204,0.004705891037412714,0.009600073729019137,-0.03526813883745799,-0.04546237407675729,0.01600034134644112,-0.03195159980660236,-0.008398369698831717,-0.02197890671877523,-0.05505977718302743,0.0,-0.03007745523727795,-0.015698909543103753,-0.03460552917747561,0.022557347424074527,-0.014690715410003594,-0.025533302005164762,-0.005552485114785779,-0.025211419346496056,-0.03653374333245595,-0.01526747213078842,-0.03003228709887509,-0.048266740969834514,-0.029327615094520063,-0.05715841383994864,0.004357305368955626,-0.01354422510775726,-0.007633624855071095,-0.021353124470568946,-0.047306117396936985,0.01379332213233577,-0.009756174945364685,-0.03554493741941135,-0.008620743043906975
2026-02-27,0.0,0.009569451016150672,0.008583743691391435,0.035367143837291344,0.04683129968409899,-0.02950066439669799,0.004608303086194181,-0.0074627212015896,-0.017271566074726345,-0.013544211861332148,-0.010178220062880229,-0.010733555643108664,-0.009434032233358642,0.046664764857118624,0.020305266160745523,0.0,-0.036955706522429126,0.0,-0.05034257335254256,-0.011173300598125189,-0.00314960890289622,0.016529301951210506,-0.019268418865877032,-0.00634922767865878,0.10676797542570614,-0.0417517946802217,-0.019210836265677697,-0.004319661144516396,0.014372828957758684,0.012685159527315642,0.02298951822469878,0.030305349495328843,0.041797128678461457,0.02977215833367005,0.02643325706815543,0.06367309486114221,0.03838424300831529,-0.01373019281190202,-0.003838776307165713,-0.00722024797348702,0.010327114155849524,-0.03060044044871704,-0.009852296443011594,-0.06103589058636913,0.02985296314968113
2026-03-02,0.06791120561621036,0.009478743954543739,0.029475818132953465,0.05630004468853258,-0.04683129968409897,-0.042819997182928185,0.0580520119079644,-0.05781957088882625,-0.021127549964848533,-0.022989536450321032,-0.023286952596992976,-0.05546708151287251,-0.03865215443427911,-0.056264838586137705,-0.09480779345866659,-0.039530838756635205,-0.07573825962648306,-0.03300629646816997,0.0009498180229661362,-0.06979576193554198,-0.06854231955322028,-0.033336420267591836,-0.007812539736793625,-0.03236528450203166,-0.07556960456984486,-0.007782140442054963,-0.04631478218111959,-0.0442550090040407,0.031336978004091166,-0.004210532536343494,-0.04652001563489282,-0.11034805716886534,-0.047913355695897504,0.04942488332752297,0.14541699985850368,-0.0636730948611423,0.024794658613216274,0.004597709248629549,0.05608946665104358,-0.07522342123758752,-0.04913268857764465,-0.02575249610241474,-0.009950330853168092,0.0034904049397685676,-0.05617027146705459
2026-03-03,0.06595796779179737,0.004705891037412714,0.024591403137322113,-0.03339828040184803,-0.06728200708332206,0.0,-0.044353167549802536,-0.003976148379639406,0.007092205493744068,0.0,-0.013175406538750932,0.018832948333092178,0.004914014802429163,-0.026060106669864955,-0.016713480973740556,0.01600034134644112,0.015113637810048106,-0.006734032181344068,-0.00634922767865878,-0.01212136053234485,-0.010186845306993018,-0.017094433359300068,0.007812539736793625,0.0130720815673527,-0.01721212888112141,0.0,-0.02283204204264579,0.035559302036486926,0.06187540371808745,0.025001302205417186,-0.014388737452099556,0.01242251999855711,-0.05679759839313319,-0.07371757589656756,-0.048790164169432056,-0.056954892927472384,-0.020619287202735703,0.0,0.05998270460171041,-0.007843177461025893,-0.021819047394639725,0.0,-0.012072581234269249,0.025796787332020187,-0.0785623225031022
2026-03-04,-0.02634882969675162,-0.0579872576503494,-0.028749413285985938,-0.08256160069302032,-0.11230356989175781,-0.0317486983145803,-0.08515780834030683,-0.020121403199421063,-0.028675780854319675,-0.03550668548405575,-0.021448575545736336,-0.06553404137907282,-0.02381064869371856,-0.020000666706669543,-0.0819171224678867,-0.07410797215372185,-0.08610269905341174,-0.027398974188114388,-0.04761251392272538,-0.05001042057466142,-0.03826553807895372,-0.01739174271186922,-0.011741817876683174,-0.02965620958288808,-0.10613241843640815,-0.04391923393483549,-0.10715838438404357,-0.04922694076515064,0.0,-0.06371581438610774,-0.019512814223581715,-0.050643732818754915,-0.08112554481236846,-0.0649028862354263,-0.043017385083690816,-0.02974196919873753,-0.025317807984289897,-0.04695698308777098,-0.020761991448429128,-0.08201315166083513,-0.08434114843375093,-0.07522342123758752,-0.04132819549284606,-0.018852314979209188,-0.07226056723148144
2026-03-05,0.0024242436115064756,0.004962789342129097,0.01242251999855711,0.036221263434318356,0.03226086221822148,0.003220614700042157,0.019560525854493572,0.028057952795157527,0.032203145976214154,0.03084471821090157,0.016129406162126242,0.04670109304598062,0.02870063398791024,-0.016978336534417906,-0.003053437486890343,0.025317807984289786,0.0027210901143605863,0.0,0.012612181782688659,-0.012903404835907841,0.01757514482150749,0.0,0.003929278139889557,0.0,-0.023438572972017468,0.016194685919980606,0.032872745000574764,0.027150989065950898,0.03825871211709027,0.021692824611259754,0.02433210065953072,0.017167803622365498,0.020906684819313643,0.05391376465983123,0.0,0.007518832414027319,0.025317807984289786,0.0,0.03774032798284711,0.050010420574661416,0.06578774053800315,0.018576385572935457,0.02087758502155518,0.024777004336908885,0.028027312254655875
2026-03-06,-0.0024242436115063915,-0.020000666706669543,-0.012422519998557209,-0.007936549595736303,-0.028170876966696335,-0.022765210773012433,-0.022032714999882692,-0.032131278182793294,-0.014184661654060828,-0.00233919033589737,-0.021564139575123965,0.018832948333092178,-0.028700633987910347,0.05658747462946362,-0.05016725871801922,-0.04255961441879589,-0.016438726343159835,-0.01398624197473984,-0.005291017634415548,-0.04652001563489282,-0.039081350042471125,-0.017699577099400975,0.003913899321136315,-0.0033500868852819744,-0.019960742562538058,0.00800004266707637,-0.08836915045009007,-0.03636764417087483,0.03777597415890734,0.008547060578458348,-0.014528100562909744,-0.04348511193973878,-0.01388911216066715,-0.03944173205129673,-0.030685810703443898,0.018553407895747834,-0.012578782206860073,-0.014528100562909744,0.0033613477027049274,-0.016393809775676383,-0.003752349618550464,-0.02170627858186306,-0.008298802814695066,0.0025284463533586906,-0.007566240383315813
2026-03-09,0.014458083175229917,-0.0178348676360342,-0.02105340919783238,0.003976148379639417,-0.07191258159028627,-0.05754548564660063,-0.05599426935457494,-0.04593709518702554,-0.018018484322153375,0.004672859797114548,-0.02762610694558,-0.049723435352430505,-0.03265596297405257,-0.049761509559063825,-0.036010437523033054,-0.04445176257083381,-0.030857988359905223,-0.04317217186520878,-0.029611854046644487,-0.041672696400568074,-0.06744128079553253,-0.018018505502678365,0.0,-0.04460430623675392,-0.0203673028244337,-0.03651521297509745,-0.03596514869351512,-0.07696104113612832,0.04795129350499368,-0.0796881606036994,-0.02970515441391581,0.0,-0.08004270767353637,-0.044059989794030543,-0.043422161450277955,-0.06846779927746072,-0.14505016199672302,-0.05001042057466142,-0.010118130165584667,-0.050858417233490966,-0.05406722127027582,-0.028618805305652677,-0.0469169197877516,-0.004217635944203469,-0.04929662151122739
2026-03-10,-0.007202912294057997,0.007682496172016211,0.012685159527315642,-0.01197619104671565,0.021692824611259754,0.0,0.051031480012445826,0.025317807984289786,0.014440710991050165,-0.00701753477657136,-0.0028050186128888463,0.007812539736793625,0.01850001374392021,-0.027587956518829053,0.0,0.08701137698962969,-0.002853068982406399,0.021819047394639673,0.05772746865528189,0.0348467313301681,0.09952959534703307,0.0,0.011650617219975274,0.01739174271186924,0.04032804538697181,-0.008298802814695066,0.08888755014785774,0.024692612590371414,-0.00976483569096829,0.07114110002524092,0.0050125418235441935,0.0603631497270905,0.13447791422855357,0.04979066450301561,0.02049852154834097,0.06478455386116441,-0.039806250400419706,0.025317807984289786,0.0,0.07534943724178679,0.05030073847479894,-0.046212843155131564,0.017316450011460958,0.006739705376913235,0.03399020022855173
2026-03-11,-0.07503518594291408,-0.052367985517315925,-0.012685159527315687,-0.008064559836730408,-0.057410907213339045,0.0034782643763247925,-0.012515807931830646,-0.00836824967051658,-0.02173998984823066,0.00701753477657136,0.005602263706759518,0.003883500026397612,-0.006128721941373387,-0.024780028998486966,-0.020202707317519466,-0.06010392406970544,0.036469679781391415,-0.00722024797348702,0.0025756614367956703,0.020339684237122783,-0.024868066578013423,0.035718082602079246,0.0038535693159899723,0.0,0.015686596167699473,0.004158010148663677,-0.05020869558274631,-0.009804000096620856,-0.06543097992059081,-0.021692824611259785,0.0,-0.021142436573809237,-0.020067563050809256,-0.03785022413109764,-0.03540192705091595,-0.022388994893478724,-0.007643349312568012,0.0,-0.027493140580198732,0.023905520853554386,-0.022901764286684455,0.01342302033214077,0.0,-0.026373285254889738,0.027885203489535642
2026-03-12,0.055569851154810786,0.01069528911674795,0.06187540371808745,0.0,0.004535155165391363,0.006920442844573757,-0.020356937068744085,0.0,0.010929072155558191,-0.0023336694612169926,-0.002797245093870815,-0.01562531790308087,0.016260520871780326,-0.05905774964360106,-0.02409755157906053,-0.03603993648319693,0.013680103904080176,0.01438873745209967,-0.028042267873856237,-0.0272125635248847,0.014285957247476434,-0.017699577099400975,-0.007722046093910278,0.04385188252884941,-0.0642791514045648,0.004140792666031387,-0.005434795985956945,0.052770035980064196,0.054668544198797915,0.0,0.0,-0.025975486403260677,-0.020478531343540676,0.0,0.03829628507728033,-0.06630107982124002,0.0425596144187959,-0.01005033585350145,0.013841051411871511,0.0,-0.015564516541111573,0.006644542718668511,-0.008620743043906975,0.033067870927104004,-0.05657035148839435
2026-03-13,0.01946533478810325,0.031416196233378914,-0.008032171697264267,0.004040409537004906,-0.10989567082321754,0.0068728792877620504,-0.02077996849174531,-0.021232220105774167,-0.003629793298377823,-0.00938977250666624,-0.01694958382852296,-0.007905179507113261,-0.04326112269028629,-0.04272494466634127,-0.04635410937155084,-0.03738753207162033,-0.02197890671877523,-0.028987536873252298,-0.12188369377907107,-0.02797385204240618,-0.06217724495189141,-0.018018505502678365,0.0077220460939103185,-0.0438518825288494,-0.06426193421836912,-0.025105921131076358,-0.01648388972168937,-0.06765864847381481,0.0,-0.01324522675002068,-0.03562717764315116,-0.04485056616535179,-0.02797385204240618,-0.05489182756751711,-0.01749315744751723,-0.03696519423347147,-0.05026183478088831,-0.03599360264790537,0.0,0.007843177461025879,-0.02381064869371856,-0.016694878572169992,-0.02188271124950771,-0.0304850025088498,-0.010638398205055754
2026-03-16,-0.002412546405383878,-0.03407931365286262,-0.01626052087178029,0.0356473387302377,-0.09309042306601198,-0.027779564107075706,-0.04564550748996026,0.004282661792000949,-0.018349116703208178,0.01869213532917649,-0.008583719431993212,-0.007968169649176845,-0.010582109330536972,-0.05296553557991268,-0.0916671885258238,-0.028987536873252298,0.0978322492370348,0.0,-0.08372273677595375,0.007067167223092353,-0.03455238150665973,-0.056089466651043585,0.026567027384721706,-0.024434025337282134,-0.054558984250434366,0.012631746905900564,-0.005555569844601994,0.009950330853168092,0.0036003639251777665,-0.02702867238791926,0.005167970158442598,-0.009216655104923952,-0.028778964550043404,-0.04160600083246379,0.028987536873252187,-0.06036314972709058,-0.0025806465934916254,-0.005249355886143678,0.0034305350967892222,0.06795066190850775,-0.024391453124159124,-0.00337268447863923,-0.013363227812167141,0.013663748018706411,-0.008053734807096827
2026-03-17,0.01438873745209967,0.04688358589885046,0.004089985251525066,-0.015686596167699508,0.026259714583555728,0.017452449951226207,0.02977215833367005,-0.008583743691391442,0.003696812287866924,0.01607381923642463,0.0,0.015873349156290163,0.00636269378782865,-0.029726180265200734,0.08065790301745454,0.009756174945364656,0.0,0.007326040092072881,-0.0016260166184186714,0.11307714461897085,0.1451820098444979,-0.019418085857101627,-0.00751883241402734,0.0035273405179684406,0.04119575643826733,0.0,0.05684886423215259,0.06237033072645809,0.006269613013595395,0.022574322038538975,0.01534556967466032,0.022884293833587806,0.021661496781179467,0.07853327342468207,0.028170876966696224,0.01762160134981941,0.030536723860081702,-0.005277057100843781,-0.0034305350967892482,-0.014706147389695449,0.03636764417087479,0.029952322283351325,0.0692917804713919,0.017654935238720745,0.07526248450054678
2026-03-25,0.06230388333615484,0.022642476749759752,0.07089582163303756,0.05010682005417877,0.07688104433595759,0.05388508849497942,-0.03528181414463971,0.12921173148000625,0.01828209771371903,-0.00014520478447174116,0.01709445867909961,0.011741817876683195,0.04949463760469567,0.0,0.03623584845404481,0.09265883048270476,0.041929693138123975,0.014493007302566824,0.03045107075510418,0.049089610196523574,-0.013605652055778598,0.03846628082779614,-0.019048194970694474,0.020906684819313643,0.026550232094120964,0.00833338155914424,0.020834086902842053,0.02298951822469878,0.07065815080601262,0.02643325706815543,0.01010109598650392,0.06989743961737833,0.04196419909903221,-0.03692727259221836,-0.028170876966696335,0.05521572260244677,-0.020253856904497686,0.051557809664850116,0.08241894641541953,0.02919915469226235,0.03509131981127019,0.07878087785311438,0.04499736593073572,0.025505290408361872,-0.033039854078200155
2026-03-26,-0.018059181538397532,-0.032872745000574785,-0.01919444725614718,0.0,-0.020202707317519466,-0.043557974339129904,-0.05391376465983118,-0.05448818528406968,-0.003629793298377823,-0.009950330853168092,-0.01422497473102883,0.003883500026397612,-0.02650511937999697,-0.044059989794030543,-0.06620063715598123,-0.054558984250434366,-0.026929411878631408,0.014285957247476434,-0.002370605614336298,0.011904902506318458,-0.0034305350967892482,-0.019048194970694474,-0.03922071315328127,0.0034423441909726986,-0.022075951699199847,0.008264509849893431,0.025446665661164176,-0.032335380642936465,-0.01847239763544243,0.0793735875415122,-0.010101095986503933,-0.047525141862845295,-0.056352936551131744,0.015552413007484785,0.04470017891790699,-0.04652001563489282,-0.047129140341550246,0.0,-0.009539023046758948,-0.029199154692262353,-0.011560822401075971,-0.04019088058324534,-0.004008021397538822,0.0008120179090116785,0.002580646593491713
2026-03-27,-0.023042494147154355,0.01277156567948754,-0.01562531790308087,0.01862251209800185,-0.01025650016718911,-0.0034305350967892482,0.02020270731751947,-0.020202707317519466,-0.025784147029738674,-0.025317807984289897,-0.02026125286815429,-0.02353049741019416,-0.016667052485211647,-0.004514680354526583,0.01134227660393451,0.0,0.017220597751670556,-0.028778964550043404,-0.007544208900325738,-0.03003228709887509,-0.027876369528254903,-0.019418085857101627,-0.020202707317519466,-0.0243490290102865,-0.04567003683318832,-0.016597891409037828,-0.007566240383315813,-0.01895791374461416,-0.023147197190651447,-0.008064559836730408,-0.025708356710206923,-0.03603993648319693,-0.03690455693545098,-0.003091192569672858,0.005449604767564685,0.0,-0.01621657158924528,0.010000083334583399,-0.0096308930609613,-0.03007745523727795,-0.03149866705937105,-0.038589997269868975,-0.016194685919980606,-0.006514681021193642,-0.04211148535012685
2026-03-30,0.08487233874088045,0.02506396866321622,0.031010236742560218,0.05037035938894959,0.006166514915663958,-0.03496859783774674,0.0,0.03607605647380959,0.004817788478040083,-0.012903404835907841,-0.017699526882591,0.003960401216096914,-0.012685159527315687,-0.009090971701251963,0.0,0.0545589842504344,-0.022195732391784323,0.0,0.06406511296368471,-0.02469261259037152,0.007042282625412951,0.019418085857101516,0.047817874350492735,0.017452449951226207,-0.0478560211776351,-0.004192878260035927,0.0025284463533586906,-0.004796172263493055,0.042451195705619914,-0.012220111334775331,-0.02105340919783238,0.062242308877221,0.022305757514298186,-0.04108002574346463,0.047754431295900034,-0.03524593906167483,0.032174357027856114,0.014815085785140682,0.01600034134644112,-0.023167059281534418,-0.016129381929883644,-0.0032840752011898846,0.0,0.017011345826536538,-0.013532006218576273
