t,Iteration,Lambda,Best Objective Value,SCMA,EMTK,NCKL,UNVR,INKP,BBRI,MAPI,TLKM,BMRI,AADI,mupt,sigmapt,varpt,rasio
0.001,0,63.24554099807593,-0.29486620260676577,0.0,0.0,0.01858290854493026,0.038216355715908985,0.06775790023597064,0.24685720080539433,0.18304167871414295,0.13708492258172317,0.19758375072481113,0.11087528267711833,0.005449305644810978,0.01717198594275151,0.0002948771012180554,0.3173369500171989
0.001,1,63.24554099807593,-0.2939077677954012,0.025222919115913314,0.0,0.0,0.0,0.0826317540254518,0.23221806937394077,0.16808862231765695,0.2173570069335381,0.1353727345937081,0.13910889363979112,0.00532949078489469,0.01714404931097,0.00029391842677697097,0.31086534390008413
0.001,2,63.24554099807593,-0.29120387409870274,0.05479130457083347,0.0,0.0,0.037657980542234036,0.06488727430951745,0.3358297857676589,0.13817224448863322,0.2036145270285653,0.09017343651770113,0.07487344677485645,0.0064260689604246635,0.01706507328541614,0.0002912167262366236,0.3765626348593768
0.001,3,63.24554099807593,-0.2863126437130834,0.05696686719236771,0.0,0.0,0.04926339143414489,0.04800114875498245,0.2976423229894139,0.1285678483565645,0.20739397761618492,0.10532856438030669,0.10683587927603483,0.006260782899579952,0.01692114550729006,0.0002863251652788826,0.36999758065331023
0.001,4,63.24554099807593,-0.2820770763352643,0.044552792587044816,0.0,0.06867830883786434,0.05997474036615144,0.0,0.26795243442934275,0.09004067628505373,0.26052566384690157,0.10160270067892434,0.10667268296871707,0.006283625789119916,0.01679552451062016,0.0002820896435868425,0.37412501081146043
0.001,5,63.24554099807593,-0.2820770763352643,0.044552792587044816,0.0,0.06867830883786434,0.05997474036615144,0.0,0.26795243442934275,0.09004067628505373,0.26052566384690157,0.10160270067892434,0.10667268296871707,0.006283625789119916,0.01679552451062016,0.0002820896435868425,0.37412501081146043
0.001,6,63.24554099807593,-0.2820770763352643,0.044552792587044816,0.0,0.06867830883786434,0.05997474036615144,0.0,0.26795243442934275,0.09004067628505373,0.26052566384690157,0.10160270067892434,0.10667268296871707,0.006283625789119916,0.01679552451062016,0.0002820896435868425,0.37412501081146043
0.001,7,63.24554099807593,-0.28182596666310594,0.03254796243877598,0.0,0.08101908767089472,0.08404926472901028,0.0,0.2764533421415438,0.09316119371003882,0.23945452919139398,0.09656362099791631,0.09675099912042613,0.006446021431402413,0.016788057025932713,0.00028183885870596877,0.3839647090455534
0.001,8,63.24554099807593,-0.28182596666310594,0.03254796243877598,0.0,0.08101908767089472,0.08404926472901028,0.0,0.2764533421415438,0.09316119371003882,0.23945452919139398,0.09656362099791631,0.09675099912042613,0.006446021431402413,0.016788057025932713,0.00028183885870596877,0.3839647090455534
0.001,9,63.24554099807593,-0.28182596666310594,0.03254796243877598,0.0,0.08101908767089472,0.08404926472901028,0.0,0.2764533421415438,0.09316119371003882,0.23945452919139398,0.09656362099791631,0.09675099912042613,0.006446021431402413,0.016788057025932713,0.00028183885870596877,0.3839647090455534
0.001,10,63.24554099807593,-0.28182596666310594,0.03254796243877598,0.0,0.08101908767089472,0.08404926472901028,0.0,0.2764533421415438,0.09316119371003882,0.23945452919139398,0.09656362099791631,0.09675099912042613,0.006446021431402413,0.016788057025932713,0.00028183885870596877,0.3839647090455534
0.001,11,63.24554099807593,-0.2818225580979343,0.033857619353218814,0.0,0.07057352116488205,0.07704175761241742,0.0,0.2883881325524231,0.11342237825739153,0.21294102335611784,0.10905722985407115,0.0947183378494781,0.006433157934462511,0.01678795474183211,0.00028183542441380323,0.3832008147146366
0.001,12,63.24554099807593,-0.28124588814429896,0.026740984744558608,0.0,0.0776721079067282,0.07747294617338514,0.003792268812759496,0.2710885051319468,0.1013261064015285,0.2198018704543947,0.12136373975224497,0.10074147062245356,0.006281988589566645,0.016770761822930948,0.0002812584521214781,0.3745797988125486
0.001,13,63.24554099807593,-0.28124588814429896,0.026740984744558608,0.0,0.0776721079067282,0.07747294617338514,0.003792268812759496,0.2710885051319468,0.1013261064015285,0.2198018704543947,0.12136373975224497,0.10074147062245356,0.006281988589566645,0.016770761822930948,0.0002812584521214781,0.3745797988125486
0.001,14,63.24554099807593,-0.28124588814429896,0.026740984744558608,0.0,0.0776721079067282,0.07747294617338514,0.003792268812759496,0.2710885051319468,0.1013261064015285,0.2198018704543947,0.12136373975224497,0.10074147062245356,0.006281988589566645,0.016770761822930948,0.0002812584521214781,0.3745797988125486
0.001,15,63.24554099807593,-0.2811544644382594,0.02942700725645072,0.0,0.07144649425857733,0.07199704709097093,0.0003601271913333193,0.2798855348896926,0.1134763081342431,0.21999161501543174,0.1095423466949642,0.1038735194683362,0.006286732323582468,0.01676803619697031,0.0002811670379029066,0.3749235897235461
0.001,16,63.24554099807593,-0.28097961214275124,0.029691599762002963,0.0,0.07250867995375374,0.07007846592736883,0.0011447872029745761,0.27671705022638116,0.11041773336136501,0.22224122547833092,0.11127657192683657,0.10592388616098614,0.006262622450468191,0.01676282009053525,0.0002809921373876522,0.37360196056773526
0.001,17,63.24554099807593,-0.28089979747088845,0.03170767033167,0.0,0.07456824439301825,0.06832979597321077,0.0011871039906233562,0.2707394931175143,0.10816628625475568,0.22620416461162912,0.11035008117676035,0.1087471601508182,0.006264469634541867,0.016760439326287287,0.0002809123264101575,0.373765240432367
0.001,18,63.24554099807593,-0.28068766812879103,0.025882677419077956,0.0,0.07728765492695436,0.06972696565760317,0.0011818733302570547,0.2596257532385057,0.1001930932905803,0.22938262474726026,0.1213733413696283,0.11534601602013289,0.006125875755722734,0.01675410158380038,0.00028069991988030244,0.3656343925744053
0.001,19,63.24554099807593,-0.28068766812879103,0.025882677419077956,0.0,0.07728765492695436,0.06972696565760317,0.0011818733302570547,0.2596257532385057,0.1001930932905803,0.22938262474726026,0.1213733413696283,0.11534601602013289,0.006125875755722734,0.01675410158380038,0.00028069991988030244,0.3656343925744053
0.001,20,63.24554099807593,-0.2806143471179393,0.022922313040342715,0.0,0.06366216947458556,0.08220081065022011,0.0013752134793605462,0.2554304568982133,0.10804846528446857,0.23136900540131805,0.11572814458711007,0.11926342118438098,0.006071766144625109,0.016751910059758218,0.00028062649065022853,0.36245216951175196
0.001,21,63.24554099807593,-0.2806143471179393,0.022922313040342715,0.0,0.06366216947458556,0.08220081065022011,0.0013752134793605462,0.2554304568982133,0.10804846528446857,0.23136900540131805,0.11572814458711007,0.11926342118438098,0.006071766144625109,0.016751910059758218,0.00028062649065022853,0.36245216951175196
0.001,22,63.24554099807593,-0.28042820844126326,0.022403289734018686,0.0,0.07405287046841305,0.08295517682014883,0.001389761971915744,0.2564769617139861,0.0996851773326114,0.21856730930411145,0.11053096425644703,0.1339384883983477,0.006117605585356671,0.016746356130586556,0.000280440443652434,0.3653096552857315
0.001,23,63.24554099807593,-0.28042820844126326,0.022403289734018686,0.0,0.07405287046841305,0.08295517682014883,0.001389761971915744,0.2564769617139861,0.0996851773326114,0.21856730930411145,0.11053096425644703,0.1339384883983477,0.006117605585356671,0.016746356130586556,0.000280440443652434,0.3653096552857315
0.001,24,63.24554099807593,-0.28042820844126326,0.022403289734018686,0.0,0.07405287046841305,0.08295517682014883,0.001389761971915744,0.2564769617139861,0.0996851773326114,0.21856730930411145,0.11053096425644703,0.1339384883983477,0.006117605585356671,0.016746356130586556,0.000280440443652434,0.3653096552857315
0.001,25,63.24554099807593,-0.28042820844126326,0.022403289734018686,0.0,0.07405287046841305,0.08295517682014883,0.001389761971915744,0.2564769617139861,0.0996851773326114,0.21856730930411145,0.11053096425644703,0.1339384883983477,0.006117605585356671,0.016746356130586556,0.000280440443652434,0.3653096552857315
0.001,26,63.24554099807593,-0.28042820844126326,0.022403289734018686,0.0,0.07405287046841305,0.08295517682014883,0.001389761971915744,0.2564769617139861,0.0996851773326114,0.21856730930411145,0.11053096425644703,0.1339384883983477,0.006117605585356671,0.016746356130586556,0.000280440443652434,0.3653096552857315
0.001,27,63.24554099807593,-0.28042820844126326,0.022403289734018686,0.0,0.07405287046841305,0.08295517682014883,0.001389761971915744,0.2564769617139861,0.0996851773326114,0.21856730930411145,0.11053096425644703,0.1339384883983477,0.006117605585356671,0.016746356130586556,0.000280440443652434,0.3653096552857315
0.001,28,63.24554099807593,-0.2803502038386204,0.02480163586337499,0.0,0.0739855352555238,0.0737437800607173,0.001606996808837838,0.26274106506348505,0.1003170597046558,0.21840606676331858,0.12154397161365942,0.12285388886642733,0.006118572145226876,0.016744027024073713,0.00028036244098291087,0.36541819577989826
0.001,29,63.24554099807593,-0.2803502038386204,0.02480163586337499,0.0,0.0739855352555238,0.0737437800607173,0.001606996808837838,0.26274106506348505,0.1003170597046558,0.21840606676331858,0.12154397161365942,0.12285388886642733,0.006118572145226876,0.016744027024073713,0.00028036244098291087,0.36541819577989826
0.001,30,63.24554099807593,-0.2803502038386204,0.02480163586337499,0.0,0.0739855352555238,0.0737437800607173,0.001606996808837838,0.26274106506348505,0.1003170597046558,0.21840606676331858,0.12154397161365942,0.12285388886642733,0.006118572145226876,0.016744027024073713,0.00028036244098291087,0.36541819577989826
0.001,31,63.24554099807593,-0.2803502038386204,0.02480163586337499,0.0,0.0739855352555238,0.0737437800607173,0.001606996808837838,0.26274106506348505,0.1003170597046558,0.21840606676331858,0.12154397161365942,0.12285388886642733,0.006118572145226876,0.016744027024073713,0.00028036244098291087,0.36541819577989826
0.001,32,63.24554099807593,-0.2802438602748556,0.02566585845462164,0.0,0.06345101580084253,0.07301807194166118,0.0013343816707372409,0.27497982441011637,0.10896933621800475,0.2141205877188774,0.11317242489681201,0.1252884988883269,0.006111914101031316,0.016740850758042665,0.00028025608410305763,0.36508981469146784
0.001,33,63.24554099807593,-0.2801251947131113,0.024020301719637708,0.0,0.06858587647261549,0.07101659777146611,0.0015616883354064232,0.26666358911969434,0.09800482570749737,0.21769529075683575,0.11832188173341261,0.13412994838343426,0.006033951273563626,0.016737301533271676,0.00028013726261565846,0.360509205236512
0.001,34,63.24554099807593,-0.2800593971062103,0.024647304223010813,0.0,0.06060541085541475,0.07037612212262839,0.0016815328236359645,0.2731994393572146,0.10107237782528235,0.22041219272435864,0.11236959325004514,0.13563602681840947,0.00600762618637934,0.016735334246993187,0.00028007141235858305,0.35897855983717336
0.001,35,63.24554099807593,-0.28005629691062783,0.024487629798870744,0.0,0.06298317598710361,0.07077646484149794,0.0015862722647933735,0.2726402857663986,0.10047521080919451,0.21867870184876745,0.11268053477963717,0.13569172390373663,0.006023553387181677,0.01673524257420257,0.0002800683440174022,0.3599322424203761
0.001,36,63.24554099807593,-0.2800367936299104,0.025318019745296176,0.0,0.06460192241371805,0.07034138023360137,0.0017012859468327158,0.2749068960970543,0.10042439675133157,0.21725912416811946,0.11184727103955543,0.13359970360449094,0.00605870725275578,0.016734661963852628,0.00028004891104441593,0.3620453921234124
0.001,37,63.24554099807593,-0.2800179510694656,0.022992035558616737,0.0,0.062356004611392984,0.07841905781442064,0.0018264468306387067,0.2743970695372908,0.0973127906606713,0.22566615755984235,0.10431152111959634,0.13271891630752997,0.006059751530040676,0.01673409903677296,0.00028003007057252565,0.3621199753105592
0.001,38,63.24554099807593,-0.2800179510694656,0.022992035558616737,0.0,0.062356004611392984,0.07841905781442064,0.0018264468306387067,0.2743970695372908,0.0973127906606713,0.22566615755984235,0.10431152111959634,0.13271891630752997,0.006059751530040676,0.01673409903677296,0.00028003007057252565,0.3621199753105592
0.001,39,63.24554099807593,-0.2800179510694656,0.022992035558616737,0.0,0.062356004611392984,0.07841905781442064,0.0018264468306387067,0.2743970695372908,0.0973127906606713,0.22566615755984235,0.10431152111959634,0.13271891630752997,0.006059751530040676,0.01673409903677296,0.00028003007057252565,0.3621199753105592
0.001,40,63.24554099807593,-0.2800179510694656,0.022992035558616737,0.0,0.062356004611392984,0.07841905781442064,0.0018264468306387067,0.2743970695372908,0.0973127906606713,0.22566615755984235,0.10431152111959634,0.13271891630752997,0.006059751530040676,0.01673409903677296,0.00028003007057252565,0.3621199753105592
0.001,41,63.24554099807593,-0.2799855911260923,0.02271407674718318,0.0,0.06056165782300788,0.07932019803988219,0.0021402097327400038,0.2839501411759824,0.09643187366298211,0.22303606661068148,0.09732572565995617,0.13452005054758456,0.006083021147445713,0.016733133513134567,0.00027999775716838716,0.36353150129776257
0.001,42,63.24554099807593,-0.27998435813589984,0.023718612543079477,0.0,0.0622276803734568,0.07137153744157941,0.002304125449766088,0.28941636654004704,0.0949131003345498,0.21653804279027847,0.1012629061623799,0.13824762836486298,0.00606037718218284,0.016733095317073413,0.0002799964788902642,0.3621790868542538
0.001,43,63.24554099807593,-0.27998435813589984,0.023718612543079477,0.0,0.0622276803734568,0.07137153744157941,0.002304125449766088,0.28941636654004704,0.0949131003345498,0.21653804279027847,0.1012629061623799,0.13824762836486298,0.00606037718218284,0.016733095317073413,0.0002799964788902642,0.3621790868542538
0.001,44,63.24554099807593,-0.27996888219031757,0.023559462865806673,0.0,0.061865180169002075,0.07244658479393365,0.00226799900806398,0.2879657967940542,0.09498333459205077,0.21808299088312993,0.10120530412419237,0.13762334676976648,0.006058676015756013,0.016732632773785155,0.00027998099954234905,0.36208743104958824
0.001,45,63.24554099807593,-0.27996888219031757,0.023559462865806673,0.0,0.061865180169002075,0.07244658479393365,0.00226799900806398,0.2879657967940542,0.09498333459205077,0.21808299088312993,0.10120530412419237,0.13762334676976648,0.006058676015756013,0.016732632773785155,0.00027998099954234905,0.36208743104958824
0.001,46,63.24554099807593,-0.27994897875084934,0.02503121219322355,0.0,0.062088781282508325,0.06946448913416563,0.0035737735807476897,0.277485275311006,0.09563324113797553,0.22129035115172957,0.1080665493076137,0.13736632690103004,0.006025187553440567,0.016732036012570502,0.0002799610291259562,0.360098887482309
0.001,47,63.24554099807593,-0.27994897875084934,0.02503121219322355,0.0,0.062088781282508325,0.06946448913416563,0.0035737735807476897,0.277485275311006,0.09563324113797553,0.22129035115172957,0.1080665493076137,0.13736632690103004,0.006025187553440567,0.016732036012570502,0.0002799610291259562,0.360098887482309
0.001,48,63.24554099807593,-0.27988078055265886,0.02479354137044379,0.0,0.06611842765575258,0.06899487346146184,0.0049295819010722036,0.28381612764914993,0.094939966737815,0.2234850940470158,0.10106122775088061,0.13186115942640825,0.006088085573726989,0.01673000169527207,0.0002798929567238063,0.36390226878742593
0.001,49,63.24554099807593,-0.27988078055265886,0.02479354137044379,0.0,0.06611842765575258,0.06899487346146184,0.0049295819010722036,0.28381612764914993,0.094939966737815,0.2234850940470158,0.10106122775088061,0.13186115942640825,0.006088085573726989,0.01673000169527207,0.0002798929567238063,0.36390226878742593
0.001,50,63.24554099807593,-0.2798684095475797,0.023932009915747173,0.0,0.06431152978301168,0.07452757510828821,0.004789849009907696,0.2831068529859116,0.09343339142839775,0.22602234728828097,0.09786028921105525,0.13201615526939975,0.006096375390354548,0.016729632461544408,0.00027988060229836037,0.3644058173045935
0.001,51,63.24554099807593,-0.2798684095475797,0.023932009915747173,0.0,0.06431152978301168,0.07452757510828821,0.004789849009907696,0.2831068529859116,0.09343339142839775,0.22602234728828097,0.09786028921105525,0.13201615526939975,0.006096375390354548,0.016729632461544408,0.00027988060229836037,0.3644058173045935
0.001,52,63.24554099807593,-0.27986670596630464,0.024017562158641564,0.0,0.0643440436697276,0.07412702432517956,0.004791235438704926,0.28288527008546105,0.09355240578270377,0.22584964721542003,0.09830854371413064,0.13212426761003077,0.006094050575069952,0.01672958140741886,0.00027987889406745473,0.3642679650291489
0.001,53,63.24554099807593,-0.2798635185969256,0.024298500860575896,0.0,0.06309494707950694,0.07270185433519924,0.004697758072333816,0.2830610070978031,0.09478342205684022,0.22265853813429487,0.10174326419584646,0.13296070816759956,0.006078833473164574,0.01672948523606964,0.00027987567626387195,0.3633604613283793
0.001,54,63.24554099807593,-0.2798396196797669,0.025687645088847827,0.0,0.06445250731845657,0.07139537685914826,0.006297848141028581,0.27782492487873756,0.09532512066198802,0.2242145392883948,0.10134039986982436,0.13346163789357401,0.006089443007699594,0.016728771579700114,0.0002798517985657823,0.3640101712602113
0.001,55,63.24554099807593,-0.2798332572762428,0.02633603519797823,0.0,0.06483638822958016,0.06946583807352247,0.007167220834022783,0.27980552326121677,0.09733240718006644,0.2216912677578758,0.0998042654519775,0.13356105401375987,0.00610554716598007,0.016728582377792053,0.0002798454683705748,0.364976961471969
0.001,56,63.24554099807593,-0.2798332572762428,0.02633603519797823,0.0,0.06483638822958016,0.06946583807352247,0.007167220834022783,0.27980552326121677,0.09733240718006644,0.2216912677578758,0.0998042654519775,0.13356105401375987,0.00610554716598007,0.016728582377792053,0.0002798454683705748,0.364976961471969
0.001,57,63.24554099807593,-0.2798332572762428,0.02633603519797823,0.0,0.06483638822958016,0.06946583807352247,0.007167220834022783,0.27980552326121677,0.09733240718006644,0.2216912677578758,0.0998042654519775,0.13356105401375987,0.00610554716598007,0.016728582377792053,0.0002798454683705748,0.364976961471969
0.001,58,63.24554099807593,-0.2798230190566475,0.02645414372234439,0.0,0.06573868181144059,0.070228677125917,0.007433363357527122,0.2795743992153958,0.09541363218444165,0.22078106604024855,0.10108989998730324,0.1332861365553817,0.006115171067823428,0.016728276940521494,0.0002798352493987832,0.3655589329114007
0.001,59,63.24554099807593,-0.2798230190566475,0.02645414372234439,0.0,0.06573868181144059,0.070228677125917,0.007433363357527122,0.2795743992153958,0.09541363218444165,0.22078106604024855,0.10108989998730324,0.1332861365553817,0.006115171067823428,0.016728276940521494,0.0002798352493987832,0.3655589329114007
0.001,60,63.24554099807593,-0.2798230190566475,0.02645414372234439,0.0,0.06573868181144059,0.070228677125917,0.007433363357527122,0.2795743992153958,0.09541363218444165,0.22078106604024855,0.10108989998730324,0.1332861365553817,0.006115171067823428,0.016728276940521494,0.0002798352493987832,0.3655589329114007
0.001,61,63.24554099807593,-0.2798221645950745,0.02647404633286492,0.0,0.06596007836375593,0.07044582166014236,0.007479411195115211,0.2794536818824696,0.0948489761755363,0.22060309195467695,0.10151332455958319,0.13322156787585546,0.006116964672916014,0.01672825150828443,0.00027983439852442035,0.365666708794202
0.001,62,63.24554099807593,-0.2798022297870942,0.025158330848316614,0.0,0.0634802364025672,0.07395377990586288,0.007233843105282114,0.2880808771871296,0.09559927629395064,0.2235707220833781,0.09048793093689558,0.1324350032366171,0.00614250988809548,0.016727657182249712,0.00027981451480687034,0.3672068252697997
0.001,63,63.24554099807593,-0.27979238849605625,0.02778308381315619,0.0,0.0642573480585476,0.07318836413687954,0.010638744280929488,0.27824008244377874,0.09688798315095754,0.22023318972057632,0.09502278119475575,0.13374842320041888,0.0061620288606738394,0.016727364184287302,0.00027980471255377757,0.36838014601619573
0.001,64,63.24554099807593,-0.2797574882732587,0.025302206058466274,0.0,0.06314591001205247,0.07364530630237041,0.009654694110138652,0.2841668310020118,0.09112024668261995,0.22350104876282756,0.09707152655887018,0.13239223051064264,0.0061183811409351845,0.01672631833475438,0.00027976972503554053,0.365793656349482
0.001,65,63.24554099807593,-0.2797353183169467,0.02630870304002826,0.0,0.06269175094712665,0.07502618028854599,0.012233582277488221,0.2816647604912004,0.09075094379732192,0.22245858018492587,0.0962239299799728,0.13264156899338994,0.006141663831031034,0.016725656986935036,0.00027974760164460876,0.3672001545785909
0.001,66,63.24554099807593,-0.2797353183169467,0.02630870304002826,0.0,0.06269175094712665,0.07502618028854599,0.012233582277488221,0.2816647604912004,0.09075094379732192,0.22245858018492587,0.0962239299799728,0.13264156899338994,0.006141663831031034,0.016725656986935036,0.00027974760164460876,0.3672001545785909
0.001,67,63.24554099807593,-0.2797353183169467,0.02630870304002826,0.0,0.06269175094712665,0.07502618028854599,0.012233582277488221,0.2816647604912004,0.09075094379732192,0.22245858018492587,0.0962239299799728,0.13264156899338994,0.006141663831031034,0.016725656986935036,0.00027974760164460876,0.3672001545785909
0.001,68,63.24554099807593,-0.2797353183169467,0.02630870304002826,0.0,0.06269175094712665,0.07502618028854599,0.012233582277488221,0.2816647604912004,0.09075094379732192,0.22245858018492587,0.0962239299799728,0.13264156899338994,0.006141663831031034,0.016725656986935036,0.00027974760164460876,0.3672001545785909
0.001,69,63.24554099807593,-0.2797353183169467,0.02630870304002826,0.0,0.06269175094712665,0.07502618028854599,0.012233582277488221,0.2816647604912004,0.09075094379732192,0.22245858018492587,0.0962239299799728,0.13264156899338994,0.006141663831031034,0.016725656986935036,0.00027974760164460876,0.3672001545785909
0.001,70,63.24554099807593,-0.2797353183169467,0.02630870304002826,0.0,0.06269175094712665,0.07502618028854599,0.012233582277488221,0.2816647604912004,0.09075094379732192,0.22245858018492587,0.0962239299799728,0.13264156899338994,0.006141663831031034,0.016725656986935036,0.00027974760164460876,0.3672001545785909
0.001,71,63.24554099807593,-0.2797353183169467,0.02630870304002826,0.0,0.06269175094712665,0.07502618028854599,0.012233582277488221,0.2816647604912004,0.09075094379732192,0.22245858018492587,0.0962239299799728,0.13264156899338994,0.006141663831031034,0.016725656986935036,0.00027974760164460876,0.3672001545785909
0.001,72,63.24554099807593,-0.2797353183169467,0.02630870304002826,0.0,0.06269175094712665,0.07502618028854599,0.012233582277488221,0.2816647604912004,0.09075094379732192,0.22245858018492587,0.0962239299799728,0.13264156899338994,0.006141663831031034,0.016725656986935036,0.00027974760164460876,0.3672001545785909
0.001,73,63.24554099807593,-0.2797353183169467,0.02630870304002826,0.0,0.06269175094712665,0.07502618028854599,0.012233582277488221,0.2816647604912004,0.09075094379732192,0.22245858018492587,0.0962239299799728,0.13264156899338994,0.006141663831031034,0.016725656986935036,0.00027974760164460876,0.3672001545785909
0.001,74,63.24554099807593,-0.2797353183169467,0.02630870304002826,0.0,0.06269175094712665,0.07502618028854599,0.012233582277488221,0.2816647604912004,0.09075094379732192,0.22245858018492587,0.0962239299799728,0.13264156899338994,0.006141663831031034,0.016725656986935036,0.00027974760164460876,0.3672001545785909
0.001,75,63.24554099807593,-0.2797353183169467,0.02630870304002826,0.0,0.06269175094712665,0.07502618028854599,0.012233582277488221,0.2816647604912004,0.09075094379732192,0.22245858018492587,0.0962239299799728,0.13264156899338994,0.006141663831031034,0.016725656986935036,0.00027974760164460876,0.3672001545785909
0.001,76,63.24554099807593,-0.2797353183169467,0.02630870304002826,0.0,0.06269175094712665,0.07502618028854599,0.012233582277488221,0.2816647604912004,0.09075094379732192,0.22245858018492587,0.0962239299799728,0.13264156899338994,0.006141663831031034,0.016725656986935036,0.00027974760164460876,0.3672001545785909
0.001,77,63.24554099807593,-0.2797340690305471,0.026549103542323507,0.0,0.06276053351589524,0.07518461089828159,0.012773694893323492,0.2808270273442688,0.09096574755651034,0.22202267021501315,0.09643257699744963,0.13248403503693443,0.006147187937638909,0.016725619970764084,0.0002797463634064224,0.36753124538187654
0.001,78,63.24554099807593,-0.2797340690305471,0.026549103542323507,0.0,0.06276053351589524,0.07518461089828159,0.012773694893323492,0.2808270273442688,0.09096574755651034,0.22202267021501315,0.09643257699744963,0.13248403503693443,0.006147187937638909,0.016725619970764084,0.0002797463634064224,0.36753124538187654
0.001,79,63.24554099807593,-0.2797321299510806,0.026869719256946405,0.0,0.06279314780677223,0.0744883294197966,0.01274694785255844,0.2802233339602385,0.09202924671585559,0.22147766581197526,0.09649445512908252,0.13287715404677453,0.0061474092702075555,0.01672556201655481,0.000279744424769621,0.3675457520723612
0.001,80,63.24554099807593,-0.2797271759179182,0.026242686121147257,0.0,0.06312206853323164,0.07468603336940363,0.012918216810179064,0.28355268391372634,0.09111734699064754,0.222350369997149,0.09393731963516005,0.13207327462935534,0.006154212231820616,0.016725414324984055,0.00027973948434238183,0.36795574161816663
0.001,81,63.24554099807593,-0.27972564743174544,0.02571417275803953,0.0,0.0617375249408576,0.0742452646813842,0.01166818198751078,0.2860193189974291,0.09131566795908617,0.22205226393192373,0.09452166963398041,0.1327259351097885,0.006134648638959402,0.016725367461703895,0.0002797379167290234,0.3667870767566643
0.001,82,63.24554099807593,-0.27972564743174544,0.02571417275803953,0.0,0.0617375249408576,0.0742452646813842,0.01166818198751078,0.2860193189974291,0.09131566795908617,0.22205226393192373,0.09452166963398041,0.1327259351097885,0.006134648638959402,0.016725367461703895,0.0002797379167290234,0.3667870767566643
0.001,83,63.24554099807593,-0.2797221675952893,0.026418789232822305,0.0,0.06127724739227335,0.07509803247880208,0.012687451178284475,0.28486213412706995,0.09089716896632857,0.22125513520858509,0.09440642514370326,0.13309761627213093,0.006146941996492716,0.016725264167697988,0.00027973446147928227,0.36752435924835747
0.001,84,63.24554099807593,-0.2797221675952893,0.026418789232822305,0.0,0.06127724739227335,0.07509803247880208,0.012687451178284475,0.28486213412706995,0.09089716896632857,0.22125513520858509,0.09440642514370326,0.13309761627213093,0.006146941996492716,0.016725264167697988,0.00027973446147928227,0.36752435924835747
0.001,85,63.24554099807593,-0.2797209474621931,0.02585063420275572,0.0,0.05948689101296194,0.07360126206322368,0.011630344754596936,0.286870172086035,0.09374861707547914,0.22075622533621994,0.0956288987603679,0.13242695470835975,0.006123786104280459,0.01672522630741963,0.0002797331950344017,0.3661407021777535
0.001,86,63.24554099807593,-0.2797154363083885,0.02703426316911112,0.0,0.060437561643003776,0.07457533601213777,0.013075564078513032,0.2836181256808348,0.09269184401517327,0.22004029991073074,0.0952073475524103,0.13331965793808534,0.006147560518698871,0.016725062972360552,0.00027972773142942594,0.3675657621653315
0.001,87,63.24554099807593,-0.27971217986654945,0.02651841750763841,0.0,0.05977734381925086,0.07443902034098143,0.012754184419384723,0.2852741337457119,0.09304632073522133,0.2201642605070523,0.09521029452603154,0.13281602439872742,0.006139545225560015,0.016724965140681176,0.0002797244589570005,0.36708867097285697
0.001,88,63.24554099807593,-0.27971217986654945,0.02651841750763841,0.0,0.05977734381925086,0.07443902034098143,0.012754184419384723,0.2852741337457119,0.09304632073522133,0.2201642605070523,0.09521029452603154,0.13281602439872742,0.006139545225560015,0.016724965140681176,0.0002797244589570005,0.36708867097285697
0.001,89,63.24554099807593,-0.27971215870480676,0.02641977656968673,0.0,0.059650428283228016,0.07440304635813733,0.01269687179945614,0.2855868509739813,0.09313534735849334,0.22016890015537982,0.09521287102407842,0.132725907477559,0.0061379892202753925,0.016724964415006906,0.0002797244346832473,0.36699565200676443
0.001,90,63.24554099807593,-0.27971215870480676,0.02641977656968673,0.0,0.059650428283228016,0.07440304635813733,0.01269687179945614,0.2855868509739813,0.09313534735849334,0.22016890015537982,0.09521287102407842,0.132725907477559,0.0061379892202753925,0.016724964415006906,0.0002797244346832473,0.36699565200676443
0.001,91,63.24554099807593,-0.2797113283133062,0.026791568420020256,0.0,0.060423528754188216,0.0738876651204212,0.012739251048155207,0.28411663251467417,0.09316900518771745,0.22069939801807337,0.09583112092599516,0.1323418300107549,0.006141086183626936,0.016724939775248027,0.00027972361048567347,0.36718136305132765
0.001,92,63.24554099807593,-0.27971120506118013,0.02656898231708325,0.0,0.060307251889081426,0.07343077156088336,0.012509704733843724,0.28465402040433385,0.09358299183888054,0.2210261444667709,0.09619937085976145,0.13172076192936172,0.0061359775156830405,0.016724935785114737,0.0002797234770162115,0.3668759984803102
0.001,93,63.24554099807593,-0.27971120506118013,0.02656898231708325,0.0,0.060307251889081426,0.07343077156088336,0.012509704733843724,0.28465402040433385,0.09358299183888054,0.2210261444667709,0.09619937085976145,0.13172076192936172,0.0061359775156830405,0.016724935785114737,0.0002797234770162115,0.3668759984803102
0.001,94,63.24554099807593,-0.2797111938059934,0.02657816521326147,0.0,0.060004173227807024,0.07412961077048486,0.01270055514122644,0.2849363882456953,0.09318024281645325,0.2204402522268666,0.09552822567499804,0.13250238668320716,0.006139079498478615,0.016724935634106052,0.00027972347196499037,0.36706147232995007
0.001,95,63.24554099807593,-0.2797111938059934,0.02657816521326147,0.0,0.060004173227807024,0.07412961077048486,0.01270055514122644,0.2849363882456953,0.09318024281645325,0.2204402522268666,0.09552822567499804,0.13250238668320716,0.006139079498478615,0.016724935634106052,0.00027972347196499037,0.36706147232995007
0.001,96,63.24554099807593,-0.2797068523097109,0.02578408490127168,0.0,0.06094511906437146,0.07400449439354546,0.01386850337415039,0.2881281704374129,0.09209841640740708,0.22243230531136168,0.0923356741350631,0.13040323197541626,0.006150620439064489,0.016724806532530924,0.000279719153550589,0.3677543550115871
0.001,97,63.24554099807593,-0.2797068523097109,0.02578408490127168,0.0,0.06094511906437146,0.07400449439354546,0.01386850337415039,0.2881281704374129,0.09209841640740708,0.22243230531136168,0.0923356741350631,0.13040323197541626,0.006150620439064489,0.016724806532530924,0.000279719153550589,0.3677543550115871
0.001,98,63.24554099807593,-0.2797068523097109,0.02578408490127168,0.0,0.06094511906437146,0.07400449439354546,0.01386850337415039,0.2881281704374129,0.09209841640740708,0.22243230531136168,0.0923356741350631,0.13040323197541626,0.006150620439064489,0.016724806532530924,0.000279719153550589,0.3677543550115871
0.001,99,63.24554099807593,-0.27970616663642645,0.026250065841066313,0.0,0.0603287411790429,0.07404889618276658,0.013197059107015498,0.2863345047041306,0.09277135218148311,0.2212617424802923,0.09421865036920936,0.13158898795499344,0.006143619151331011,0.016724785615209813,0.0002797184538747291,0.3673361974663458
0.001,100,63.24554099807593,-0.2797052533837186,0.02605901622932643,0.0,0.060387593670406865,0.07402205763619873,0.013272857424789033,0.2861987098027777,0.09264336748997391,0.2217006860912962,0.09397130942436077,0.1317444022308704,0.006140118964919179,0.016724758103531676,0.0002797175336216484,0.3671275199862295
0.001,101,63.24554099807593,-0.2797041928632567,0.025757368152281166,0.0,0.06112961418651777,0.07412318506085123,0.014094783163869303,0.28716775316822524,0.09188883992103984,0.2225203645453363,0.09208575021088228,0.13123234159099686,0.006148317215015187,0.016724726888582866,0.00027971648949768675,0.3676183925737128
0.001,102,63.24554099807593,-0.27970021562425945,0.026088642757652113,0.0,0.06121162049668864,0.07420334301404749,0.014970839120166037,0.28641707312298526,0.09178883818113279,0.22182436742599132,0.09221868538856544,0.1312765904927711,0.006155296747205511,0.016724608402523326,0.0002797125262177539,0.3680383180916111
0.001,103,63.24554099807593,-0.2796996287686325,0.026251231202073823,0.0,0.061486114358207195,0.07395930552165018,0.01560936242113063,0.2855401153717271,0.09215103731337813,0.2220524278112024,0.09171860720998638,0.13123179879064426,0.006158861884110462,0.01672459107100681,0.0002797119464924007,0.36825186684458067
0.001,104,63.24554099807593,-0.2796991202062536,0.026002502153907547,0.0,0.06166329196039502,0.0736659256443665,0.01575930652418482,0.28575660286194315,0.09219358969765973,0.22256220584767808,0.09136354969689364,0.13103302561297167,0.006155972567186013,0.01672457569421084,0.00027971143215138795,0.36807944666224823
0.001,105,63.24554099807593,-0.27969659560535276,0.026298736857596934,0.0,0.06133280734158066,0.07365955000376118,0.015806452947599837,0.28531895260647056,0.0926098993650754,0.22175665852101725,0.09203525045300372,0.1311816919038945,0.006157333368074067,0.016724500299622972,0.00027970891027208887,0.36816247168908683
0.001,106,63.24554099807593,-0.27969287516940594,0.02651792074089896,0.0,0.06050528507702299,0.07323223415915361,0.015355704705013027,0.2846796377359545,0.09364950147135734,0.22095653507251212,0.0939424265110141,0.13116075452707332,0.006148878999579679,0.016724388566623446,0.0002797051729274051,0.3676594199593571
0.001,107,63.24554099807593,-0.2796924454728976,0.026599797168190904,0.0,0.05987350869016586,0.0730826382923428,0.01520763941245208,0.28448756418952725,0.09432088053026605,0.22028856686838466,0.09475262275215991,0.13138678209651042,0.006143965500419275,0.016724375426421714,0.00027970473340389846,0.3673659161413489
0.001,108,63.24554099807593,-0.2796924454728976,0.026599797168190904,0.0,0.05987350869016586,0.0730826382923428,0.01520763941245208,0.28448756418952725,0.09432088053026605,0.22028856686838466,0.09475262275215991,0.13138678209651042,0.006143965500419275,0.016724375426421714,0.00027970473340389846,0.3673659161413489
0.001,109,63.24554099807593,-0.2796905973590145,0.02657337238764906,0.0,0.06011553148247138,0.07343551273815829,0.015893478583994654,0.2838624442211537,0.09345386329625048,0.22084049192493746,0.09423612636580678,0.13158917899957803,0.006146008618459918,0.016724320296390267,0.0002797028893762514,0.36748929161482613
0.001,110,63.24554099807593,-0.2796905973590145,0.02657337238764906,0.0,0.06011553148247138,0.07343551273815829,0.015893478583994654,0.2838624442211537,0.09345386329625048,0.22084049192493746,0.09423612636580678,0.13158917899957803,0.006146008618459918,0.016724320296390267,0.0002797028893762514,0.36748929161482613
0.001,111,63.24554099807593,-0.2796905973590145,0.02657337238764906,0.0,0.06011553148247138,0.07343551273815829,0.015893478583994654,0.2838624442211537,0.09345386329625048,0.22084049192493746,0.09423612636580678,0.13158917899957803,0.006146008618459918,0.016724320296390267,0.0002797028893762514,0.36748929161482613
0.001,112,63.24554099807593,-0.2796905973590145,0.02657337238764906,0.0,0.06011553148247138,0.07343551273815829,0.015893478583994654,0.2838624442211537,0.09345386329625048,0.22084049192493746,0.09423612636580678,0.13158917899957803,0.006146008618459918,0.016724320296390267,0.0002797028893762514,0.36748929161482613
0.001,113,63.24554099807593,-0.2796905973590145,0.02657337238764906,0.0,0.06011553148247138,0.07343551273815829,0.015893478583994654,0.2838624442211537,0.09345386329625048,0.22084049192493746,0.09423612636580678,0.13158917899957803,0.006146008618459918,0.016724320296390267,0.0002797028893762514,0.36748929161482613
0.001,114,63.24554099807593,-0.2796905973590145,0.02657337238764906,0.0,0.06011553148247138,0.07343551273815829,0.015893478583994654,0.2838624442211537,0.09345386329625048,0.22084049192493746,0.09423612636580678,0.13158917899957803,0.006146008618459918,0.016724320296390267,0.0002797028893762514,0.36748929161482613
0.001,115,63.24554099807593,-0.2796890282371499,0.026397528274834107,0.0,0.06014130210097274,0.07343629030426312,0.016277990287916235,0.2837171961776203,0.09319467491951064,0.22116091643865574,0.09392261843579587,0.1317514830604312,0.006143554622868322,0.016724273238212645,0.00027970131534639563,0.36734359307351855
0.001,116,63.24554099807593,-0.27968811402800736,0.026440815312138342,0.0,0.05973485450218512,0.07325178711836315,0.016067407906076116,0.28349240767932843,0.09365253478801716,0.2208760586876218,0.09471555407252541,0.1317685799337445,0.006138813117823888,0.01672424562287468,0.00027970039165424297,0.3670606887899022
0.001,117,63.24554099807593,-0.27968797039974946,0.02640991979452435,0.0,0.05945626197364089,0.07304671413639764,0.01579911128383281,0.28363962636569484,0.09400108950906202,0.220679057350873,0.09531561426310747,0.1316526053228669,0.006134861855624925,0.016724241092601504,0.00027970024012346074,0.3668245286381859
0.001,118,63.24554099807593,-0.27968678734637636,0.02629734554076921,0.0,0.05933622362598536,0.07296894170970947,0.01593324212904227,0.2836072704640953,0.09403475822940954,0.2207880692209434,0.09533510671903019,0.13169904236101507,0.0061319258965059084,0.016724205547593865,0.0002796990511981694,0.36664975678848416
0.001,119,63.24554099807593,-0.279685274127254,0.0261167582100751,0.0,0.05930512508263608,0.07294096799894902,0.016123241368831042,0.28385050645207527,0.0939349041411231,0.22104271197551645,0.09504516838972832,0.13164061638106556,0.006130146641013146,0.016724160200755553,0.00027969753442053607,0.3665443626123721
0.001,120,63.24554099807593,-0.27968413062618835,0.025969661462592674,0.0,0.05928629449985063,0.07297327454863993,0.016332814473129984,0.2839354051744199,0.09372066185561415,0.22133439423387466,0.09481760758055029,0.13162988617132776,0.006128514830240654,0.01672412591604861,0.0002796963876558488,0.3664475417731506
0.001,121,63.24554099807593,-0.2796832618815092,0.025853889960244666,0.0,0.05931182902075743,0.07294958560252851,0.016501108166434533,0.28424184992245904,0.09367553204204726,0.221397091473488,0.09447828225893921,0.13159083155310125,0.006128595539656732,0.016724099948056653,0.00027969551907258857,0.36645293670161766
0.001,122,63.24554099807593,-0.2796825109736393,0.02573375451505006,0.0,0.05927295836194834,0.07297108594844526,0.016720116107681766,0.2843365218977221,0.09355820153745961,0.22158415292438843,0.09422866944731835,0.13159453925998613,0.006127515147636818,0.01672407743356669,0.0002796947660039346,0.3663888290386863
0.001,123,63.24554099807593,-0.27968201336521376,0.025674143448467846,0.0,0.059297881671557924,0.07301609046016062,0.01685587585926069,0.2845779565187617,0.09338493358051501,0.2215537392641322,0.094074956051567,0.13156442314557695,0.006128174472627888,0.01672406259597706,0.00027969426971415903,0.3664285778326379
0.001,124,63.24554099807593,-0.2796815794791528,0.02560839935279421,0.0,0.05928996029142485,0.07303651956554608,0.017000313596855592,0.2847098603682182,0.09326954518874447,0.22157477963810895,0.09394207958761781,0.13156854241068994,0.006128012423440587,0.0167240496143727,0.00027969383550399966,0.3664191726729963
0.001,125,63.24554099807593,-0.27968109718615947,0.025614234614513936,0.0,0.05893472468393493,0.0729341211577268,0.016898801585412352,0.28457993448277374,0.09353569223498723,0.22125548725020555,0.09464464401500089,0.13160235997544453,0.006123985805427888,0.016724034954453137,0.00027969334515777033,0.3661787255352061
0.001,126,63.24554099807593,-0.2796808047603681,0.02556904950101357,0.0,0.05918075076864214,0.07308017595441561,0.017162753575552494,0.28498346190259477,0.09314275175282427,0.22126553131329235,0.09403309809646564,0.13158242713519916,0.006128125012365752,0.01672402645927089,0.00027969306101039283,0.3664264121615673
0.001,127,63.24554099807593,-0.27968055245830803,0.025557005186376387,0.0,0.059110592358866454,0.07307523490878208,0.017193671789659706,0.28503593433046825,0.09314135561440294,0.22115252354623938,0.09414212984896973,0.13159155241623496,0.006127594523974407,0.01672401888444748,0.000279692807647356,0.3663948579771559
0.001,128,63.24554099807593,-0.2796803833886008,0.025558259829640193,0.0,0.05905348573065647,0.07305196011658678,0.01720895897367404,0.28493435717093496,0.09315889205197474,0.22111954011625487,0.09430848522913687,0.13160606078114118,0.006126610383482389,0.016724013770903438,0.00027969263660936777,0.36633612405542926
0.001,129,63.24554099807593,-0.2796802223583131,0.025537859744568802,0.0,0.05901741434746281,0.07306699667564659,0.017260737505450145,0.2850408802727226,0.09313079060315342,0.22103995630707263,0.09429159253395215,0.13161377200997085,0.006126643217245192,0.0167240089585227,0.0002796924756447476,0.3663381927407424
0.001,130,63.24554099807593,-0.27968002917735285,0.025577726126981587,0.0,0.059025917913691724,0.07305721647635194,0.01734287804774896,0.28496478290834154,0.09313784622472854,0.22088796923203258,0.0943474090551936,0.13165825401492964,0.0061272746175206096,0.016724003220718056,0.0002796922837265879,0.3663760725619814
0.001,131,63.24554099807593,-0.2796798632004221,0.025602745326656358,0.0,0.059036912252211464,0.07304747300952218,0.017431810740015808,0.2848968434964303,0.09313110907086294,0.22077854084707452,0.09437425694188661,0.1317003083153399,0.006127718196209695,0.016723998285003934,0.0002796921186368145,0.36640270417297843
0.001,132,63.24554099807593,-0.2796797074600483,0.025642543057654555,0.0,0.059062386475662816,0.07301468347402161,0.01752627877087549,0.2847657253538212,0.0931396079813,0.2206530907218082,0.09444259457644717,0.1317530895884089,0.006128134428090867,0.016723993653697207,0.0002796919637289045,0.3664276939459438
0.001,133,63.24554099807593,-0.27967963057356504,0.02567239135590321,0.0,0.05908149214325134,0.0729900913223962,0.017597129794020255,0.2846673867468644,0.0931459821641278,0.2205590031278585,0.09449384780236761,0.13179267554321067,0.006128446602001745,0.016723991373675397,0.00027969188746676906,0.36644641013438345
0.001,134,63.24554099807593,-0.27967957435701907,0.02570195211009493,0.0,0.05906699787694276,0.07296096882855838,0.017633941896007074,0.2845827763042258,0.09318635648605902,0.2204505434447635,0.09459159611630273,0.13182486693704581,0.006128450657401846,0.016723989693202213,0.00027969183125833386,0.36644668944593245
0.001,135,63.24554099807593,-0.2796794559078316,0.02570115007758906,0.0,0.059082789138998296,0.07293007474429103,0.017674454336020527,0.2845680551483797,0.09315951576590273,0.22043501812596003,0.09461811445347201,0.13183082820938655,0.00612833444705904,0.01672398614495736,0.0002796917125767257,0.366439818470363
0.001,136,63.24554099807593,-0.2796793110290325,0.025699720311417346,0.0,0.05907000058425093,0.07288900735130958,0.017689079759618722,0.2845652322839248,0.09316045244232353,0.22040373925152476,0.09469365543162363,0.13182911258400687,0.0061279082804639815,0.01672398178800711,0.00027969156684559346,0.3664144315714544
0.001,137,63.24554099807593,-0.27967920721958656,0.02569864798678856,0.0,0.0590604091681904,0.0728582068065735,0.017700048827317367,0.2845631151355835,0.09316115494963911,0.2203802800956983,0.09475031116523733,0.13182782586497208,0.006127588655517687,0.016723978665284692,0.00027969146239689756,0.36639538821208945
0.001,138,63.24554099807593,-0.2796789568355844,0.02574254444146099,0.0,0.058931203412434366,0.07274389458831833,0.017828969790111917,0.28442237914836827,0.09326455619633507,0.22000099237880333,0.09515614643977714,0.13190931360439065,0.006126400608327217,0.01672397110846587,0.00027969120963680107,0.3663245151880203
0.001,139,63.24554099807593,-0.27967868984388616,0.025715314494398754,0.0,0.058855907350072165,0.072677122451271,0.017883739147266788,0.2844811171875123,0.0932685804423472,0.21992026056215477,0.09528955001356794,0.13190840835140913,0.0061252349621245365,0.016723963056459148,0.0002796909403138104,0.36625499239899606
0.001,140,63.24554099807593,-0.27967868984388616,0.025715314494398754,0.0,0.058855907350072165,0.072677122451271,0.017883739147266788,0.2844811171875123,0.0932685804423472,0.21992026056215477,0.09528955001356794,0.13190840835140913,0.0061252349621245365,0.016723963056459148,0.0002796909403138104,0.36625499239899606
0.001,141,63.24554099807593,-0.27967866821659076,0.025734945467667133,0.0,0.05875211760387283,0.07260117977796923,0.01799288571114462,0.28439537600361187,0.09331785769244634,0.21967173561198677,0.09557064599868816,0.13196325613261295,0.0061242069179343675,0.0167239623483918,0.0002796909166304266,0.36619353657677184
0.001,142,63.24554099807593,-0.27967864412172067,0.025611063963366352,0.0,0.05899772658218151,0.07278247692644901,0.01782012684849702,0.28475894483402825,0.09309527555616313,0.22033684267207537,0.0947952508634997,0.1318022917537396,0.00612613528273882,0.01672396174332763,0.00027969089639228616,0.36630885532747454
0.001,143,63.24554099807593,-0.27967844590413304,0.025574496457637375,0.0,0.05897089760881343,0.07275793663734292,0.017883887226956042,0.28483513969533775,0.09306461674593759,0.22030604267667808,0.09480957404930715,0.13179740890198952,0.006125600117684031,0.016723955785171413,0.0002796906971043684,0.3662769859219193
0.001,144,63.24554099807593,-0.27967830874911753,0.025546920960029206,0.0,0.058950236951925944,0.07273955083941659,0.017931539397243127,0.2848941008654948,0.09304301729746979,0.22028378128449463,0.09481622562104082,0.13179462678288514,0.006125202915383472,0.01672395166086497,0.0002796905591549483,0.366253325744585
0.001,145,63.24554099807593,-0.27967821197034587,0.025526116272099653,0.0,0.058934298918147124,0.07272577743685125,0.017967140478098654,0.2849398121546614,0.0930279629389396,0.2202677738623849,0.09481785511491986,0.13179326282389758,0.006124908439087839,0.01672394874983848,0.00027969046178722405,0.36623578143570873
0.001,146,63.24554099807593,-0.27967814320881734,0.02551051275615249,0.0,0.05892234539281301,0.07271544738492726,0.0179938412887403,0.28497409562153636,0.09301667217004196,0.22025576829580262,0.09481907723532913,0.13179223985465693,0.006124687581866116,0.016723946680852014,0.0002796903925839811,0.36622262069745426
0.001,147,63.24554099807593,-0.27967809208834027,0.02549856254854647,0.0,0.05891248998407345,0.07270773192448302,0.018013589186362516,0.28500280649871046,0.09301050796055077,0.22024814942924198,0.09481323611704126,0.13179292635099008,0.006124528829923767,0.016723945142997812,0.0002796903411460001,0.36621316187993236
0.001,148,63.24554099807593,-0.27967805448909266,0.02548953640534636,0.0,0.05890487012629861,0.07270195355542226,0.018028328892994827,0.2850251085405774,0.09300647561161063,0.2202427905304939,0.09480712231839646,0.13179381401885956,0.006124411533101787,0.016723944011869895,0.0002796903033121589,0.3662061729431143
0.001,149,63.24554099807593,-0.2796780250975518,0.02548249164787679,0.0,0.05889816579254119,0.07269765543067722,0.018039075025615085,0.28504516735771324,0.09300601186839723,0.22024031098846597,0.09479502645059722,0.13179609543811596,0.006124331219115261,0.016723943128341176,0.00027969027375999,0.36620138995430346
0.001,150,63.24554099807593,-0.2796779464014918,0.025207219008927726,0.0,0.0587886914439645,0.07270325276739963,0.018073486156983926,0.2856931066872374,0.09284546951821511,0.22060390621853534,0.09444325870871,0.1316416094900263,0.006121513854223343,0.016723940607081822,0.00027969018942920027,0.3660329821807166
0.001,151,63.24554099807593,-0.27967775137596784,0.025154635393981346,0.0,0.0587560307632203,0.07265570335861862,0.01831423793865798,0.28582321744115885,0.09274006799018411,0.22042730202180866,0.09444904541932225,0.13167975967304796,0.006121158130484915,0.016723934755081674,0.0002796899936922288,0.36601183992451075
0.001,152,63.24554099807593,-0.2796777052201806,0.025115197682771557,0.0,0.05873153525266214,0.07262004130203287,0.018494801774913517,0.2859208005065999,0.09266101684416085,0.22029484887426362,0.09445338545228144,0.13170837231031418,0.006120891337681092,0.01672393335919681,0.0002796899470028559,0.36599591771962525
0.001,153,63.24554099807593,-0.2796777052201806,0.025115197682771557,0.0,0.05873153525266214,0.07262004130203287,0.018494801774913517,0.2859208005065999,0.09266101684416085,0.22029484887426362,0.09445338545228144,0.13170837231031418,0.006120891337681092,0.01672393335919681,0.0002796899470028559,0.36599591771962525
0.001,154,63.24554099807593,-0.2796775986990614,0.025308318585498042,0.0,0.05875116106576003,0.0726044420706383,0.018311618080316228,0.28544482462616894,0.0928686834836248,0.22011605327357317,0.09481937533154232,0.1317755234828783,0.006121860398807539,0.016723930232450116,0.000279689842419859,0.3660539307279007
0.001,155,63.24554099807593,-0.2796775986990614,0.025308318585498042,0.0,0.05875116106576003,0.0726044420706383,0.018311618080316228,0.28544482462616894,0.0928686834836248,0.22011605327357317,0.09481937533154232,0.1317755234828783,0.006121860398807539,0.016723930232450116,0.000279689842419859,0.3660539307279007
0.001,156,63.24554099807593,-0.27967758639411394,0.02532112181183,0.0,0.05874639513080454,0.07259190387408604,0.01834186656284142,0.285413382489723,0.09287159987056474,0.22005416368115155,0.0948670572030962,0.13179250937590267,0.006121904241087845,0.016723929867187202,0.00027968983020259613,0.36605656025257466
0.001,157,63.24554099807593,-0.279677550926082,0.02520986078918009,0.0,0.05868541519710708,0.07255046485789503,0.01854366325340332,0.2856777215111472,0.09275033359596212,0.21999278069140366,0.0948056425118516,0.13178411759205005,0.006120808169010058,0.016723928741250366,0.00027968979254242,0.3659910457470913
0.001,158,63.24554099807593,-0.279677550926082,0.02520986078918009,0.0,0.05868541519710708,0.07255046485789503,0.01854366325340332,0.2856777215111472,0.09275033359596212,0.21999278069140366,0.0948056425118516,0.13178411759205005,0.006120808169010058,0.016723928741250366,0.00027968979254242,0.3659910457470913
0.001,159,63.24554099807593,-0.279677550926082,0.02520986078918009,0.0,0.05868541519710708,0.07255046485789503,0.01854366325340332,0.2856777215111472,0.09275033359596212,0.21999278069140366,0.0948056425118516,0.13178411759205005,0.006120808169010058,0.016723928741250366,0.00027968979254242,0.3659910457470913
0.001,160,63.24554099807593,-0.2796775458977109,0.0252934896957834,0.0,0.05870766636296753,0.07255981979357914,0.01842536891565264,0.2854738100686147,0.09284499455483042,0.2199729135601547,0.09492067980080822,0.13180125724760913,0.006121358491619464,0.016723928623822038,0.0002796897886146941,0.36602395461674164
0.001,161,63.24554099807593,-0.2796775458977109,0.0252934896957834,0.0,0.05870766636296753,0.07255981979357914,0.01842536891565264,0.2854738100686147,0.09284499455483042,0.2199729135601547,0.09492067980080822,0.13180125724760913,0.006121358491619464,0.016723928623822038,0.0002796897886146941,0.36602395461674164
0.001,162,63.24554099807593,-0.27967753968079556,0.025283887009129466,0.0,0.0586979067572265,0.07255042844502395,0.01845883732254916,0.2854960506181558,0.09283183967385793,0.21994562163813694,0.09493003878484028,0.13180538975107992,0.006121226380150446,0.016723928430053624,0.0002796897821335559,0.3660160593099847
0.001,163,63.24554099807593,-0.27967753968079556,0.025283887009129466,0.0,0.0586979067572265,0.07255042844502395,0.01845883732254916,0.2854960506181558,0.09283183967385793,0.21994562163813694,0.09493003878484028,0.13180538975107992,0.006121226380150446,0.016723928430053624,0.0002796897821335559,0.3660160593099847
0.001,164,63.24554099807593,-0.27967753968079556,0.025283887009129466,0.0,0.0586979067572265,0.07255042844502395,0.01845883732254916,0.2854960506181558,0.09283183967385793,0.21994562163813694,0.09493003878484028,0.13180538975107992,0.006121226380150446,0.016723928430053624,0.0002796897821335559,0.3660160593099847
0.001,165,63.24554099807593,-0.27967753968079556,0.025283887009129466,0.0,0.0586979067572265,0.07255042844502395,0.01845883732254916,0.2854960506181558,0.09283183967385793,0.21994562163813694,0.09493003878484028,0.13180538975107992,0.006121226380150446,0.016723928430053624,0.0002796897821335559,0.3660160593099847
0.001,166,63.24554099807593,-0.27967753264097445,0.025268585757174403,0.0,0.05868336581954034,0.07254635733863693,0.018453247564772825,0.28552956626625264,0.09283111788383364,0.21996137650790845,0.09493117284197372,0.13179521001990707,0.006120944603071058,0.016723928202733367,0.00027968977453018056,0.36599921554737647
0.001,167,63.24554099807593,-0.27967753264097445,0.025268585757174403,0.0,0.05868336581954034,0.07254635733863693,0.018453247564772825,0.28552956626625264,0.09283111788383364,0.21996137650790845,0.09493117284197372,0.13179521001990707,0.006120944603071058,0.016723928202733367,0.00027968977453018056,0.36599921554737647
0.001,168,63.24554099807593,-0.27967753264097445,0.025268585757174403,0.0,0.05868336581954034,0.07254635733863693,0.018453247564772825,0.28552956626625264,0.09283111788383364,0.21996137650790845,0.09493117284197372,0.13179521001990707,0.006120944603071058,0.016723928202733367,0.00027968977453018056,0.36599921554737647
0.001,169,63.24554099807593,-0.27967753264097445,0.025268585757174403,0.0,0.05868336581954034,0.07254635733863693,0.018453247564772825,0.28552956626625264,0.09283111788383364,0.21996137650790845,0.09493117284197372,0.13179521001990707,0.006120944603071058,0.016723928202733367,0.00027968977453018056,0.36599921554737647
0.001,170,63.24554099807593,-0.2796775301361623,0.025227405102776417,0.0,0.058656365343723635,0.07253754022907064,0.01847319941196313,0.285624291665639,0.09280872071099867,0.21998636173910546,0.09490916629102016,0.1317769495057029,0.006120401070305943,0.01672392809534599,0.00027968977093830295,0.365966717592451
0.001,171,63.24554099807593,-0.2796775301361623,0.025227405102776417,0.0,0.058656365343723635,0.07253754022907064,0.01847319941196313,0.285624291665639,0.09280872071099867,0.21998636173910546,0.09490916629102016,0.1317769495057029,0.006120401070305943,0.01672392809534599,0.00027968977093830295,0.365966717592451
0.001,172,63.24554099807593,-0.2796775301361623,0.025227405102776417,0.0,0.058656365343723635,0.07253754022907064,0.01847319941196313,0.285624291665639,0.09280872071099867,0.21998636173910546,0.09490916629102016,0.1317769495057029,0.006120401070305943,0.01672392809534599,0.00027968977093830295,0.365966717592451
0.001,173,63.24554099807593,-0.279677527718967,0.02526034906308469,0.0,0.058664249027252674,0.07253671529227888,0.018449090052836774,0.2855445128187961,0.09283854314730741,0.21995514233982896,0.09496130646531373,0.1317900917933007,0.006120637746262106,0.016723928037230353,0.00027968976899445954,0.36598087080000036
0.001,174,63.24554099807593,-0.279677527718967,0.02526034906308469,0.0,0.058664249027252674,0.07253671529227888,0.018449090052836774,0.2855445128187961,0.09283854314730741,0.21995514233982896,0.09496130646531373,0.1317900917933007,0.006120637746262106,0.016723928037230353,0.00027968976899445954,0.36598087080000036
0.001,175,63.24554099807593,-0.279677527718967,0.02526034906308469,0.0,0.058664249027252674,0.07253671529227888,0.018449090052836774,0.2855445128187961,0.09283854314730741,0.21995514233982896,0.09496130646531373,0.1317900917933007,0.006120637746262106,0.016723928037230353,0.00027968976899445954,0.36598087080000036
0.001,176,63.24554099807593,-0.279677527718967,0.02526034906308469,0.0,0.058664249027252674,0.07253671529227888,0.018449090052836774,0.2855445128187961,0.09283854314730741,0.21995514233982896,0.09496130646531373,0.1317900917933007,0.006120637746262106,0.016723928037230353,0.00027968976899445954,0.36598087080000036
0.001,177,63.24554099807593,-0.279677527718967,0.02526034906308469,0.0,0.058664249027252674,0.07253671529227888,0.018449090052836774,0.2855445128187961,0.09283854314730741,0.21995514233982896,0.09496130646531373,0.1317900917933007,0.006120637746262106,0.016723928037230353,0.00027968976899445954,0.36598087080000036
0.001,178,63.24554099807593,-0.279677527718967,0.02526034906308469,0.0,0.058664249027252674,0.07253671529227888,0.018449090052836774,0.2855445128187961,0.09283854314730741,0.21995514233982896,0.09496130646531373,0.1317900917933007,0.006120637746262106,0.016723928037230353,0.00027968976899445954,0.36598087080000036
0.001,179,63.24554099807593,-0.279677527718967,0.02526034906308469,0.0,0.058664249027252674,0.07253671529227888,0.018449090052836774,0.2855445128187961,0.09283854314730741,0.21995514233982896,0.09496130646531373,0.1317900917933007,0.006120637746262106,0.016723928037230353,0.00027968976899445954,0.36598087080000036
0.001,180,63.24554099807593,-0.279677527718967,0.02526034906308469,0.0,0.058664249027252674,0.07253671529227888,0.018449090052836774,0.2855445128187961,0.09283854314730741,0.21995514233982896,0.09496130646531373,0.1317900917933007,0.006120637746262106,0.016723928037230353,0.00027968976899445954,0.36598087080000036
0.001,181,63.24554099807593,-0.279677527718967,0.02526034906308469,0.0,0.058664249027252674,0.07253671529227888,0.018449090052836774,0.2855445128187961,0.09283854314730741,0.21995514233982896,0.09496130646531373,0.1317900917933007,0.006120637746262106,0.016723928037230353,0.00027968976899445954,0.36598087080000036
0.001,182,63.24554099807593,-0.279677527718967,0.02526034906308469,0.0,0.058664249027252674,0.07253671529227888,0.018449090052836774,0.2855445128187961,0.09283854314730741,0.21995514233982896,0.09496130646531373,0.1317900917933007,0.006120637746262106,0.016723928037230353,0.00027968976899445954,0.36598087080000036
0.001,183,63.24554099807593,-0.279677527718967,0.02526034906308469,0.0,0.058664249027252674,0.07253671529227888,0.018449090052836774,0.2855445128187961,0.09283854314730741,0.21995514233982896,0.09496130646531373,0.1317900917933007,0.006120637746262106,0.016723928037230353,0.00027968976899445954,0.36598087080000036
0.001,184,63.24554099807593,-0.279677527718967,0.02526034906308469,0.0,0.058664249027252674,0.07253671529227888,0.018449090052836774,0.2855445128187961,0.09283854314730741,0.21995514233982896,0.09496130646531373,0.1317900917933007,0.006120637746262106,0.016723928037230353,0.00027968976899445954,0.36598087080000036
0.001,185,63.24554099807593,-0.279677527718967,0.02526034906308469,0.0,0.058664249027252674,0.07253671529227888,0.018449090052836774,0.2855445128187961,0.09283854314730741,0.21995514233982896,0.09496130646531373,0.1317900917933007,0.006120637746262106,0.016723928037230353,0.00027968976899445954,0.36598087080000036
0.001,186,63.24554099807593,-0.279677527718967,0.02526034906308469,0.0,0.058664249027252674,0.07253671529227888,0.018449090052836774,0.2855445128187961,0.09283854314730741,0.21995514233982896,0.09496130646531373,0.1317900917933007,0.006120637746262106,0.016723928037230353,0.00027968976899445954,0.36598087080000036
0.001,187,63.24554099807593,-0.279677527718967,0.02526034906308469,0.0,0.058664249027252674,0.07253671529227888,0.018449090052836774,0.2855445128187961,0.09283854314730741,0.21995514233982896,0.09496130646531373,0.1317900917933007,0.006120637746262106,0.016723928037230353,0.00027968976899445954,0.36598087080000036
0.001,188,63.24554099807593,-0.2796775266747315,0.025243579348527116,0.0,0.05865372772735671,0.07253339697462066,0.01845749643629511,0.28558322539086706,0.0928290111663431,0.21996570496942228,0.09495115164885459,0.1317827063377134,0.0061204232532624065,0.016723927993185034,0.00027968976752123804,0.3659680462482538
0.001,189,63.24554099807593,-0.2796775266747315,0.025243579348527116,0.0,0.05865372772735671,0.07253339697462066,0.01845749643629511,0.28558322539086706,0.0928290111663431,0.21996570496942228,0.09495115164885459,0.1317827063377134,0.0061204232532624065,0.016723927993185034,0.00027968976752123804,0.3659680462482538
0.001,190,63.24554099807593,-0.2796775235242266,0.02524576700228985,0.0,0.05866451228542769,0.07253919390379966,0.018451658060261632,0.28558106169586284,0.09282389291425462,0.21998671698115452,0.09492561214073922,0.13178158501620998,0.00612055417637135,0.01672392790682199,0.0002796897646325793,0.3659758766285202
0.001,191,63.24554099807593,-0.2796775188110105,0.025218559213837758,0.0,0.05865971852727477,0.07253482500278666,0.018500280678999708,0.2856370445210973,0.0927915183687817,0.21999157265647262,0.09488697032940772,0.1317795107013419,0.006120378561705734,0.016723927755408832,0.00027968975956813393,0.36596537913925686
0.001,192,63.24554099807593,-0.2796775143822671,0.025263111587020912,0.0,0.05866732739387496,0.07253367789895786,0.01845444646283576,0.2855310764918683,0.09283699750145762,0.2199582205803074,0.09496167115495047,0.13179347092872679,0.006120644308062822,0.016723927638891627,0.00027968975567088325,0.3659812718771406
0.001,193,63.24554099807593,-0.27967750883436593,0.025255651258339985,0.0,0.05866100781507967,0.07252881266594002,0.018467119076519014,0.2855443742418335,0.09283157156125915,0.21995427911338375,0.09496413787641332,0.13179304639123163,0.006120521130803944,0.016723927465659122,0.00027968974987662755,0.3659739103372584
0.001,194,63.24554099807593,-0.2796774968313667,0.025240084632761447,0.0,0.05864461359673987,0.07251544553380569,0.018496739046284818,0.2855692939951926,0.09282164197804132,0.21993999815877463,0.09497880616019984,0.1317933768981997,0.006120214088015394,0.01672392708844256,0.00027968973725954276,0.3659555591010023
0.001,195,63.24554099807593,-0.27967749033133343,0.025228409663577554,0.0,0.05863231793298505,0.07250542018470496,0.018518954023609174,0.285587983810212,0.09281419479062798,0.2199292874428179,0.09498980737303978,0.1317936247784258,0.006119983805923984,0.016723926880339596,0.0002796897302989453,0.3659417940363365
0.001,196,63.24554099807593,-0.27967748686380467,0.02521965343668962,0.0,0.058623096185168894,0.07249790117287938,0.018535615256602432,0.28560200117147644,0.09280860940006792,0.2199212544058502,0.09499805828266966,0.1317938106885953,0.006119811094355423,0.016723926766342687,0.0002796897264859934,0.3659314693168648
0.001,197,63.24554099807593,-0.2796774665462208,0.025209098170502174,0.0,0.058605429234573694,0.07247624419256316,0.018575229609876464,0.2856039645219659,0.09280066727047319,0.21989737251384478,0.09503133004215687,0.1318006644440437,0.0061194526273368206,0.016723926137467704,0.0002796897054514754,0.3659100486952649
0.001,198,63.24554099807593,-0.2796774408749113,0.025224434370456558,0.0,0.0585934975031076,0.07245636272678535,0.01858782491538434,0.2855423379970433,0.0928193832222706,0.21986080016657333,0.0951009088263271,0.13181445027205174,0.006119274022285971,0.016723925359285595,0.00027968967942295584,0.36589938610844
0.001,199,63.24554099807593,-0.2796774109350558,0.02523080629654362,0.0,0.05858212459468198,0.07243739439340612,0.018600606330295862,0.28550197635649915,0.0928288878294304,0.21984830049546986,0.09514725330478101,0.13182265039889204,0.006119032028847323,0.01672392444969522,0.0002796896489991135,0.3658849361137145
0.001,200,63.24554099807593,-0.2796773956976033,0.025276390622567358,0.0,0.0585858253597141,0.07242582607429972,0.018577267689125834,0.2853730510133148,0.09287290389580413,0.2198089473004539,0.0952365471721909,0.1318432408725294,0.006119186564625798,0.016723924003377095,0.00027968963407073256,0.36589418628009424
0.001,201,63.24554099807593,-0.2796773656641379,0.025159693487147423,0.0,0.0585986157660437,0.07244529871559566,0.018633909233887573,0.28564533775411904,0.09274556891972313,0.2200139063938457,0.09496275420538211,0.13179491552425562,0.006118618621954329,0.016723923071497962,0.0002796896029013818,0.36586024677320433
0.001,202,63.24554099807593,-0.27967730324183376,0.025206994666435018,0.0,0.058541817254705836,0.0723745133280075,0.01867777219870205,0.28545904954304185,0.09281500163996485,0.21987039239416506,0.09521867403042644,0.13183578494455137,0.006117887812415087,0.01672392116154159,0.00027968953901745855,0.365816590099923
0.001,203,63.24554099807593,-0.27967725007005984,0.02519895544954535,0.0,0.058531860843243785,0.0723494211199816,0.018707156657368662,0.2854311693687039,0.09280690945314105,0.2198936541528103,0.09523817223494495,0.13184270072026058,0.0061174504288030035,0.01672391954569614,0.00027968948497091744,0.36579047226864436
0.001,204,63.24554099807593,-0.27967721267370793,0.025192926036878095,0.0,0.05852439353464723,0.07233060196396217,0.018729195001368618,0.2854102592379503,0.09280084031302317,0.21991110047179413,0.09525279588833381,0.13184788755204246,0.00611712239109394,0.01672391840803136,0.00027968944691849013,0.3657708822686137
0.001,205,63.24554099807593,-0.27967714954815737,0.025231816974088703,0.0,0.05856614643265216,0.07235601362279179,0.0186436463797477,0.2853159623048919,0.09283219940861732,0.21999551547509968,0.09521169242624757,0.13184700697586316,0.006117680853903604,0.016723916554140815,0.00027968938490986517,0.3658043158789187
0.001,206,63.24554099807593,-0.2796770288124654,0.025198000311873418,0.0,0.05852942833485878,0.07228331594861022,0.018740610774150488,0.28526495478766617,0.09280544367455414,0.22005035727999694,0.09526309237242872,0.13186479651586105,0.0061163394411831015,0.0167239128642596,0.00027968926149134774,0.36572418732545725
0.001,207,63.24554099807593,-0.2796769606011594,0.02517684717153224,0.0,0.058501880810860385,0.07222766578501644,0.01881071755536778,0.2852161595892106,0.09278972783317192,0.22008616150677285,0.09531250382874834,0.13187833591931952,0.00611534983214123,0.01672391076575164,0.00027968919130082366,0.3656650599131788
0.001,208,63.24554099807593,-0.27967687768113103,0.025148717325024078,0.0,0.05846570805164188,0.0721458574704349,0.018908014137527906,0.28512960174707397,0.09276847738602327,0.2201548533970179,0.0953784426647084,0.1319003278205476,0.006113901809229879,0.016723908200081388,0.00027968910548474953,0.36557853200845275
0.001,209,63.24554099807593,-0.279676865399008,0.02522164168909799,0.0,0.05845012848319367,0.07209373867165134,0.01891212215548261,0.2848738083205651,0.09284725686417902,0.22006041414392993,0.09559307733501966,0.1319478123368807,0.00611366977213248,0.016723907819004274,0.00027968909273855226,0.36556466576461205
0.001,210,63.24554099807593,-0.27967683087206585,0.025169074266575303,0.0,0.05843253346164944,0.07206156143900676,0.018973523243105007,0.28493799385024776,0.09279991090072932,0.22014551760798406,0.09554044937045164,0.1319394358602509,0.006112808870964208,0.016723906735263975,0.0002796890564898078,0.3655132121775565
0.001,211,63.24554099807593,-0.2796768233481141,0.025191611614593264,0.0,0.058415552428139,0.07201289230574717,0.01900403247456785,0.28479949361779594,0.09282803761974233,0.22013119289125715,0.0956502480838548,0.13196693896430242,0.00611224987352756,0.016723906476892928,0.0002796890478478612,0.3654797927728625
0.001,212,63.24554099807593,-0.2796767927992912,0.025173689222340884,0.0,0.05841633687201061,0.071997952662201,0.019022669785590463,0.2848051474469367,0.092810824290732,0.22019300845581327,0.09561572638053552,0.1319646448838396,0.00611190898531422,0.016723905543181646,0.00027968901661726183,0.36545942988813707
0.001,213,63.24554099807593,-0.2796767544066977,0.025131931023809298,0.0,0.058425003947623344,0.07198826213216562,0.01905002666775916,0.2848588831443128,0.09276517227669315,0.2203190777873361,0.0955096893158957,0.13195195370440474,0.0061114624151985125,0.01672390436864335,0.0002796889773315281,0.3654327530512109
0.001,214,63.24554099807593,-0.27967674237157675,0.025106690986739344,0.0,0.05842773389233252,0.07197802776153991,0.01906593285394663,0.28489295254303054,0.09274169285226434,0.22039016569039704,0.09545225181692112,0.1319445516028286,0.006111150714025817,0.01672390399018736,0.0002796889646730048,0.36541412325803196
0.001,215,63.24554099807593,-0.2796766846404585,0.025180008064606043,0.0,0.05853143735345265,0.07210401962948261,0.018880304873033014,0.28488281959729217,0.09278969216388833,0.22041887786510617,0.09528739476226251,0.13192544569087647,0.00611360039945844,0.016723902410659342,0.0002796889118412574,0.36556063586940113
0.001,216,63.24554099807593,-0.27967668378287747,0.025217370989532032,0.0,0.05858238657157404,0.07214840155398393,0.018798095991785415,0.28483864432806094,0.09281761782981707,0.22045938690251515,0.09521464375416841,0.13192345207856307,0.006114572496578702,0.016723902443146175,0.0002796889129278706,0.36561876137256405
0.001,217,63.24554099807593,-0.27967667648283745,0.025237273147340932,0.0,0.058593243559058844,0.07216054054395231,0.01872897464110101,0.28479630689605057,0.09286129576026929,0.22050237994065314,0.0952019347183431,0.13191805079323088,0.0061147713477656684,0.01672390223678472,0.00027968890602553297,0.36563065612259127
0.001,218,63.24554099807593,-0.27967660512958104,0.025145401706940074,0.0,0.05842102852280704,0.07196205919281803,0.018876150835065178,0.28472736194926057,0.09289294695390375,0.22057869796541635,0.09546649532011507,0.13192985755367403,0.00611063481471992,0.016723899856170225,0.0002796888263992105,0.3653833655590459
0.001,219,63.24554099807593,-0.27967660512958104,0.025145401706940074,0.0,0.05842102852280704,0.07196205919281803,0.018876150835065178,0.28472736194926057,0.09289294695390375,0.22057869796541635,0.09546649532011507,0.13192985755367403,0.00611063481471992,0.016723899856170225,0.0002796888263992105,0.3653833655590459
0.001,220,63.24554099807593,-0.27967660512958104,0.025145401706940074,0.0,0.05842102852280704,0.07196205919281803,0.018876150835065178,0.28472736194926057,0.09289294695390375,0.22057869796541635,0.09546649532011507,0.13192985755367403,0.00611063481471992,0.016723899856170225,0.0002796888263992105,0.3653833655590459
0.001,221,63.24554099807593,-0.27967660512958104,0.025145401706940074,0.0,0.05842102852280704,0.07196205919281803,0.018876150835065178,0.28472736194926057,0.09289294695390375,0.22057869796541635,0.09546649532011507,0.13192985755367403,0.00611063481471992,0.016723899856170225,0.0002796888263992105,0.3653833655590459
0.001,222,63.24554099807593,-0.2796765902426948,0.02516061108309417,0.0,0.05843773598745024,0.07197067047086629,0.018810872075381364,0.28472352323109923,0.092936323730573,0.22069314508107898,0.0953777129633148,0.13188940537714186,0.006111008396799773,0.016723899433430243,0.0002796888122594884,0.3654057130111755
0.001,223,63.24554099807593,-0.2796765902426948,0.02516061108309417,0.0,0.05843773598745024,0.07197067047086629,0.018810872075381364,0.28472352323109923,0.092936323730573,0.22069314508107898,0.0953777129633148,0.13188940537714186,0.006111008396799773,0.016723899433430243,0.0002796888122594884,0.3654057130111755
0.001,224,63.24554099807593,-0.2796765886956341,0.02517147052254432,0.0,0.05845693181022338,0.07199539713787742,0.01880350625404691,0.28472775790122956,0.09292478337023471,0.2206532786655136,0.09536811724274534,0.13189875709558477,0.006111480873056804,0.016723899415428813,0.00027968881165738025,0.36543396496504826
0.001,225,63.24554099807593,-0.27967658868612355,0.025180280293668426,0.0,0.05846025699138801,0.07199966476202045,0.01879050382521749,0.28471388684049215,0.09293472767570345,0.22064726958132141,0.09537388809264447,0.13189952193754417,0.006111603752035121,0.01672389942249198,0.0002796888118936276,0.3654413123183235
0.001,226,63.24554099807593,-0.27967658868612355,0.025180280293668426,0.0,0.05846025699138801,0.07199966476202045,0.01879050382521749,0.28471388684049215,0.09293472767570345,0.22064726958132141,0.09537388809264447,0.13189952193754417,0.006111603752035121,0.01672389942249198,0.0002796888118936276,0.3654413123183235
0.001,227,63.24554099807593,-0.27967658868612355,0.025180280293668426,0.0,0.05846025699138801,0.07199966476202045,0.01879050382521749,0.28471388684049215,0.09293472767570345,0.22064726958132141,0.09537388809264447,0.13189952193754417,0.006111603752035121,0.01672389942249198,0.0002796888118936276,0.3654413123183235
0.001,228,63.24554099807593,-0.2796765846946989,0.02517576261698723,0.0,0.05845443299208172,0.07198822638374391,0.018797945757777577,0.28469156833980763,0.09293396204369112,0.220649476611216,0.09539696377789635,0.1319116614767984,0.006111311989937231,0.01672389928571321,0.0002796888073186788,0.3654238694894536
0.001,229,63.24554099807593,-0.2796765826307191,0.025177773074575395,0.0,0.05846327645383817,0.07199214191906048,0.01877966329353233,0.28469135378542015,0.09294154677520591,0.22069151103904444,0.09536082172264572,0.1319019119366775,0.006111417797355921,0.016723899230332434,0.0002796888054663138,0.3654301974190046
0.001,230,63.24554099807593,-0.27967657721882333,0.025165558105005748,0.0,0.05846326465543036,0.07198414360968078,0.018814800777225,0.2846817520133467,0.09291377531428001,0.2206759341652196,0.0953754453934367,0.13192532596637505,0.006111148595816161,0.016723899052434363,0.00027968879951601497,0.365414104489384
0.001,231,63.24554099807593,-0.2796765757117071,0.025155914144437474,0.0,0.058470594819500885,0.07198294196364846,0.018844485434760843,0.28468100347447695,0.09288555919562526,0.22067307225030372,0.09536456492628667,0.1319418637909598,0.006111062013378129,0.016723899002198436,0.00027968879783573384,0.3654089284188335
0.001,232,63.24554099807593,-0.2796765757117071,0.025155914144437474,0.0,0.058470594819500885,0.07198294196364846,0.018844485434760843,0.28468100347447695,0.09288555919562526,0.22067307225030372,0.09536456492628667,0.1319418637909598,0.006111062013378129,0.016723899002198436,0.00027968879783573384,0.3654089284188335
0.001,233,63.24554099807593,-0.27967657249198535,0.02516309598638994,0.0,0.05847663581740309,0.07198694365377413,0.01882438581263981,0.28466917075921966,0.09289839968842489,0.220695047518472,0.09534894055473403,0.13193738020894255,0.006111179195079155,0.01672389891294418,0.0002796887948503755,0.36541593721002136
0.001,234,63.24554099807593,-0.2796765710246385,0.02517341522312514,0.0,0.05847070445670563,0.07197499743842099,0.018818848920730092,0.2846303753441914,0.0929192726707204,0.22070350843394146,0.09537059107763786,0.131938286434527,0.006111083055773663,0.0167238988633258,0.00027968879319075,0.36541018967621175
0.001,235,63.24554099807593,-0.2796765707821051,0.025179696513824536,0.0,0.05847455015849741,0.07197745664518797,0.018802341799304477,0.2846197523700825,0.09293108455555119,0.22072018340449615,0.09536065380251708,0.13193428075053873,0.00611116949923037,0.016723898861243557,0.00027968879312110357,0.3654153585796055
0.001,236,63.24554099807593,-0.2796765703749422,0.025188734377397402,0.0,0.05847931812026228,0.07197092975523393,0.01879694612524282,0.2845784110648069,0.09294296739892133,0.2207444940844752,0.09535785891560206,0.1319403401580581,0.006111148785486499,0.0167238988478319,0.0002796887926725132,0.36541412030118525
0.001,237,63.24554099807593,-0.2796765699380796,0.025179608236284266,0.0,0.05848100591618405,0.0719815892895669,0.018799224050851833,0.2846194409510215,0.09292765369186749,0.22073072781938768,0.09534497051960253,0.13193577952523386,0.006111232681472154,0.016723898839787404,0.0002796887924034425,0.36541913700967116
0.001,238,63.24554099807593,-0.2796765695030146,0.02517792396383201,0.0,0.05847277876039504,0.07196829095624002,0.018822417142173708,0.2846008964039173,0.09292348691449404,0.22071567848476548,0.0953732105488664,0.13194531682531596,0.006111022956282762,0.016723898814239673,0.00027968879154892715,0.365406597119536
0.001,239,63.24554099807593,-0.27967656878694686,0.02518390440170571,0.0,0.05848517164179204,0.0719749807858948,0.018804594126811586,0.2845867546430393,0.09292960285250869,0.22074611569991154,0.09534383819056592,0.13194503765777055,0.006111173760880386,0.016723898801848467,0.0002796887911344686,0.3654156147013355
0.001,240,63.24554099807593,-0.27967656824516574,0.02518087699964372,0.0,0.05848406006849669,0.0719735797797919,0.018813455484321635,0.2845899423788306,0.09292314687070764,0.22073943639585272,0.0953475108490353,0.13194799117331973,0.006111129524535359,0.01672389878300556,0.0002796887905042148,0.3654129700154217
0.001,241,63.24554099807593,-0.279676568203453,0.025177525048291134,0.0,0.05848264090278672,0.07197469657552237,0.018818134224375376,0.2846010887209855,0.09291769310106308,0.2207312648431705,0.09534922849805248,0.13194772808575278,0.006111118730914664,0.016723898781113057,0.0002796887904409148,0.36541232465579054
0.001,242,63.24554099807593,-0.2796765680341324,0.02517637789943274,0.0,0.05848231654203462,0.07197279453845727,0.01882412978301541,0.2845983820794466,0.09291437602565343,0.22072913282257775,0.09535182723506547,0.13195066307431685,0.006111082344326792,0.0167238987738751,0.00027968879019882103,0.3654101490899416
0.001,243,63.24554099807593,-0.27967656797453916,0.025175517537788936,0.0,0.05848207327147052,0.07197136801065843,0.018828626451995432,0.28459635209829237,0.09291188821909617,0.22072753380713314,0.09535377628782518,0.13195286431573985,0.006111055054385887,0.016723898770461626,0.00027968879008464793,0.3654085173715271
0.001,244,63.24554099807593,-0.2796765679677553,0.025174872266556084,0.0,0.05848189081854745,0.07197029811480929,0.018831998953730448,0.2845948296124267,0.09291002236417822,0.22072633454554969,0.09535523807739497,0.13195451524680712,0.006111034586930209,0.01672389876903496,0.00027968879003692916,0.3654072935579507
0.001,245,63.24554099807593,-0.2796765679677553,0.025174872266556084,0.0,0.05848189081854745,0.07197029811480929,0.018831998953730448,0.2845948296124267,0.09291002236417822,0.22072633454554969,0.09535523807739497,0.13195451524680712,0.006111034586930209,0.01672389876903496,0.00027968879003692916,0.3654072935579507
0.001,246,63.24554099807593,-0.2796765679677553,0.025174872266556084,0.0,0.05848189081854745,0.07197029811480929,0.018831998953730448,0.2845948296124267,0.09291002236417822,0.22072633454554969,0.09535523807739497,0.13195451524680712,0.006111034586930209,0.01672389876903496,0.00027968879003692916,0.3654072935579507
0.001,247,63.24554099807593,-0.2796765679677553,0.025174872266556084,0.0,0.05848189081854745,0.07197029811480929,0.018831998953730448,0.2845948296124267,0.09291002236417822,0.22072633454554969,0.09535523807739497,0.13195451524680712,0.006111034586930209,0.01672389876903496,0.00027968879003692916,0.3654072935579507
0.001,248,63.24554099807593,-0.2796765679677553,0.025174872266556084,0.0,0.05848189081854745,0.07197029811480929,0.018831998953730448,0.2845948296124267,0.09291002236417822,0.22072633454554969,0.09535523807739497,0.13195451524680712,0.006111034586930209,0.01672389876903496,0.00027968879003692916,0.3654072935579507
0.001,249,63.24554099807593,-0.2796765674822527,0.025179598051537317,0.0,0.058480430477647234,0.07196241467506753,0.01882950666449341,0.2845626050681118,0.09291937505912726,0.22073459978018192,0.09536929147156899,0.13196217875226451,0.006110915038005727,0.01672389874737134,0.0002796887893123287,0.3654001456428478
0.001,250,63.24554099807593,-0.2796765674822527,0.025179598051537317,0.0,0.058480430477647234,0.07196241467506753,0.01882950666449341,0.2845626050681118,0.09291937505912726,0.22073459978018192,0.09536929147156899,0.13196217875226451,0.006110915038005727,0.01672389874737134,0.0002796887893123287,0.3654001456428478
0.001,251,63.24554099807593,-0.27967656705009664,0.02517720731198007,0.0,0.058486717313337204,0.07197289249247589,0.018826254995966067,0.28458370141095496,0.09291121737058146,0.22073236791252468,0.09535007684059284,0.1319595643515869,0.006111064721121746,0.01672389874340128,0.0002796887891795389,0.3654090959820585
0.001,252,63.24554099807593,-0.27967656689864173,0.02517813444496474,0.0,0.058484944779173965,0.07196839606790137,0.018828398128697355,0.2845709879474737,0.09291354328264992,0.22073322312998056,0.09535888084148521,0.13196349137767313,0.006110988281582023,0.016723898734302505,0.0002796887888752049,0.36540452550383673
0.001,253,63.24554099807593,-0.27967656640155375,0.025178032349582033,0.0,0.05848936088358711,0.07197475599422068,0.01882123540596963,0.28457743907920685,0.09291202110412831,0.2207357104303749,0.095348234830948,0.13196320992198254,0.006111068130094188,0.016723898724215414,0.0002796887885378139,0.3654093002396415
0.001,254,63.24554099807593,-0.27967656592074613,0.02517845247344694,0.0,0.05849090378214028,0.07197426098179,0.01882087917265434,0.28456774729954165,0.0929115494160611,0.2207369916860968,0.09535048097524221,0.13196873421302652,0.006111035748245531,0.016723898707904285,0.00027968878799224263,0.365407364334086
0.001,255,63.24554099807593,-0.2796765656396178,0.025178767566345628,0.0,0.05849206095605518,0.071973889722467,0.018820611997667876,0.2845604784647928,0.09291119565001071,0.2207379526278883,0.09535216558346289,0.13197287743130953,0.00611101146185904,0.0167238986980471,0.0002796887876625415,0.36540591235299946
0.001,256,63.24554099807593,-0.27967656512567246,0.02517670098893742,0.0,0.05850189955437444,0.07199175528351999,0.018807130385994898,0.2845846947543579,0.09290286011891948,0.22073105600742443,0.09533031268577306,0.13197359022069838,0.006111220581827378,0.016723898695185764,0.0002796887875668361,0.36541841667496994
0.001,257,63.24554099807593,-0.27967656489157805,0.02517592270747802,0.0,0.05850633171354857,0.0719975782089584,0.0188037777490492,0.28458483911592064,0.09289829964707089,0.22072629407774957,0.09532696997667568,0.13197998680354908,0.006111257188216018,0.016723898690375834,0.0002796887874059545,0.36542060564698864
0.001,258,63.24554099807593,-0.2796765630634301,0.02516653326895345,0.0,0.058493582067614666,0.07199214617641492,0.018800075574946878,0.2846045459974403,0.09290028419725456,0.22073174409741303,0.09533551669262053,0.13197557192734172,0.006111027464767551,0.01672389862198284,0.0002796887851183596,0.3654068709035864
0.001,259,63.24554099807593,-0.2796765630634301,0.02516653326895345,0.0,0.058493582067614666,0.07199214617641492,0.018800075574946878,0.2846045459974403,0.09290028419725456,0.22073174409741303,0.09533551669262053,0.13197557192734172,0.006111027464767551,0.01672389862198284,0.0002796887851183596,0.3654068709035864
0.001,260,63.24554099807593,-0.2796765630634301,0.02516653326895345,0.0,0.058493582067614666,0.07199214617641492,0.018800075574946878,0.2846045459974403,0.09290028419725456,0.22073174409741303,0.09533551669262053,0.13197557192734172,0.006111027464767551,0.01672389862198284,0.0002796887851183596,0.3654068709035864
0.001,261,63.24554099807593,-0.27967656259213536,0.02517070124740811,0.0,0.05849354510594113,0.07199090064378649,0.018795776307263593,0.2845855571864326,0.09290464447140212,0.22072559790734939,0.09534967765108088,0.13198359947933588,0.006110991752747089,0.016723898605756998,0.00027968878457564083,0.3654047358696288
0.001,262,63.24554099807593,-0.2796765619631879,0.025168326803790643,0.0,0.058491828396805515,0.07199149053801188,0.018793037426887756,0.28458582902197455,0.09290314238880328,0.22072254918421352,0.09535515408950691,0.131988642150006,0.006110921358161556,0.016723898582743923,0.00027968878380590424,0.3654005271514224
0.001,263,63.24554099807593,-0.2796765619631879,0.025168326803790643,0.0,0.058491828396805515,0.07199149053801188,0.018793037426887756,0.28458582902197455,0.09290314238880328,0.22072254918421352,0.09535515408950691,0.131988642150006,0.006110921358161556,0.016723898582743923,0.00027968878380590424,0.3654005271514224
0.001,264,63.24554099807593,-0.2796765619631879,0.025168326803790643,0.0,0.058491828396805515,0.07199149053801188,0.018793037426887756,0.28458582902197455,0.09290314238880328,0.22072254918421352,0.09535515408950691,0.131988642150006,0.006110921358161556,0.016723898582743923,0.00027968878380590424,0.3654005271514224
0.001,265,63.24554099807593,-0.2796765619631879,0.025168326803790643,0.0,0.058491828396805515,0.07199149053801188,0.018793037426887756,0.28458582902197455,0.09290314238880328,0.22072254918421352,0.09535515408950691,0.131988642150006,0.006110921358161556,0.016723898582743923,0.00027968878380590424,0.3654005271514224
0.001,266,63.24554099807593,-0.2796765619631879,0.025168326803790643,0.0,0.058491828396805515,0.07199149053801188,0.018793037426887756,0.28458582902197455,0.09290314238880328,0.22072254918421352,0.09535515408950691,0.131988642150006,0.006110921358161556,0.016723898582743923,0.00027968878380590424,0.3654005271514224
0.001,267,63.24554099807593,-0.27967656152312625,0.025167725091298034,0.0,0.05848183893451758,0.0719782562198826,0.018798302605257357,0.2845666795477633,0.09290965426368442,0.2207251871192928,0.09537912118212945,0.1319932350361744,0.006110677913553842,0.016723898555030564,0.0002796887828789534,0.3653859710668805
0.001,268,63.24554099807593,-0.27967656124907336,0.025167957612518256,0.0,0.058486673714281096,0.07198629548076599,0.018790649140207522,0.2845654015102198,0.09290578951283435,0.22071538900204507,0.0953796501041708,0.1320021939229572,0.006110726160685608,0.016723898549722033,0.00027968878270139474,0.36538885610419913
0.001,269,63.24554099807593,-0.27967656124907336,0.025167957612518256,0.0,0.058486673714281096,0.07198629548076599,0.018790649140207522,0.2845654015102198,0.09290578951283435,0.22071538900204507,0.0953796501041708,0.1320021939229572,0.006110726160685608,0.016723898549722033,0.00027968878270139474,0.36538885610419913
0.001,270,63.24554099807593,-0.2796765607437555,0.025162443020634993,0.0,0.05848420433735346,0.07198405620697088,0.01879440623700912,0.284577665966584,0.09290298400326309,0.2207242625697703,0.09537246438910622,0.13199751326930786,0.006110661919650833,0.016723898530773103,0.0002796887820675948,0.3653850152467023
0.001,271,63.24554099807593,-0.2796765606254181,0.025155836273448497,0.0,0.05848670320820157,0.07199066237704467,0.018792496434774576,0.284600482490632,0.09289507694098385,0.22072756491393458,0.09535626013278287,0.13199491722819742,0.00611069387740055,0.016723898529146033,0.0002796887820131729,0.36538692618536106
0.001,272,63.24554099807593,-0.2796765597772688,0.025147471814118944,0.0,0.0584809820004853,0.07198440810230038,0.018796294199417102,0.28459340886533246,0.09289008667819905,0.22073044491018373,0.09536951522858668,0.13200738820137628,0.006110416201151779,0.01672389848718507,0.00027968878060967114,0.3653703235423232
0.001,273,63.24554099807593,-0.2796765597772688,0.025147471814118944,0.0,0.0584809820004853,0.07198440810230038,0.018796294199417102,0.28459340886533246,0.09289008667819905,0.22073044491018373,0.09536951522858668,0.13200738820137628,0.006110416201151779,0.01672389848718507,0.00027968878060967114,0.3653703235423232
0.001,274,63.24554099807593,-0.2796765596700702,0.025150023292621202,0.0,0.05847901127481791,0.07197993279313498,0.01879687739217097,0.28457861524262024,0.09289398317809101,0.22072991540027612,0.09538044993846469,0.13201119148780302,0.006110354032300085,0.016723898480262754,0.00027968878037813483,0.3653666063275507
0.001,275,63.24554099807593,-0.2796765596700702,0.025150023292621202,0.0,0.05847901127481791,0.07197993279313498,0.01879687739217097,0.28457861524262024,0.09289398317809101,0.22072991540027612,0.09538044993846469,0.13201119148780302,0.006110354032300085,0.016723898480262754,0.00027968878037813483,0.3653666063275507
0.001,276,63.24554099807593,-0.2796765596700702,0.025150023292621202,0.0,0.05847901127481791,0.07197993279313498,0.01879687739217097,0.28457861524262024,0.09289398317809101,0.22072991540027612,0.09538044993846469,0.13201119148780302,0.006110354032300085,0.016723898480262754,0.00027968878037813483,0.3653666063275507
0.001,277,63.24554099807593,-0.2796765596700702,0.025150023292621202,0.0,0.05847901127481791,0.07197993279313498,0.01879687739217097,0.28457861524262024,0.09289398317809101,0.22072991540027612,0.09538044993846469,0.13201119148780302,0.006110354032300085,0.016723898480262754,0.00027968878037813483,0.3653666063275507
0.001,278,63.24554099807593,-0.2796765596700702,0.025150023292621202,0.0,0.05847901127481791,0.07197993279313498,0.01879687739217097,0.28457861524262024,0.09289398317809101,0.22072991540027612,0.09538044993846469,0.13201119148780302,0.006110354032300085,0.016723898480262754,0.00027968878037813483,0.3653666063275507
0.001,279,63.24554099807593,-0.2796765596700702,0.025150023292621202,0.0,0.05847901127481791,0.07197993279313498,0.01879687739217097,0.28457861524262024,0.09289398317809101,0.22072991540027612,0.09538044993846469,0.13201119148780302,0.006110354032300085,0.016723898480262754,0.00027968878037813483,0.3653666063275507
0.001,280,63.24554099807593,-0.2796765596700702,0.025150023292621202,0.0,0.05847901127481791,0.07197993279313498,0.01879687739217097,0.28457861524262024,0.09289398317809101,0.22072991540027612,0.09538044993846469,0.13201119148780302,0.006110354032300085,0.016723898480262754,0.00027968878037813483,0.3653666063275507
0.001,281,63.24554099807593,-0.2796765596700702,0.025150023292621202,0.0,0.05847901127481791,0.07197993279313498,0.01879687739217097,0.28457861524262024,0.09289398317809101,0.22072991540027612,0.09538044993846469,0.13201119148780302,0.006110354032300085,0.016723898480262754,0.00027968878037813483,0.3653666063275507
0.001,282,63.24554099807593,-0.2796765596700702,0.025150023292621202,0.0,0.05847901127481791,0.07197993279313498,0.01879687739217097,0.28457861524262024,0.09289398317809101,0.22072991540027612,0.09538044993846469,0.13201119148780302,0.006110354032300085,0.016723898480262754,0.00027968878037813483,0.3653666063275507
0.001,283,63.24554099807593,-0.2796765596700702,0.025150023292621202,0.0,0.05847901127481791,0.07197993279313498,0.01879687739217097,0.28457861524262024,0.09289398317809101,0.22072991540027612,0.09538044993846469,0.13201119148780302,0.006110354032300085,0.016723898480262754,0.00027968878037813483,0.3653666063275507
0.001,284,63.24554099807593,-0.2796765596700702,0.025150023292621202,0.0,0.05847901127481791,0.07197993279313498,0.01879687739217097,0.28457861524262024,0.09289398317809101,0.22072991540027612,0.09538044993846469,0.13201119148780302,0.006110354032300085,0.016723898480262754,0.00027968878037813483,0.3653666063275507
0.001,285,63.24554099807593,-0.2796765596700702,0.025150023292621202,0.0,0.05847901127481791,0.07197993279313498,0.01879687739217097,0.28457861524262024,0.09289398317809101,0.22072991540027612,0.09538044993846469,0.13201119148780302,0.006110354032300085,0.016723898480262754,0.00027968878037813483,0.3653666063275507
0.001,286,63.24554099807593,-0.2796765596700702,0.025150023292621202,0.0,0.05847901127481791,0.07197993279313498,0.01879687739217097,0.28457861524262024,0.09289398317809101,0.22072991540027612,0.09538044993846469,0.13201119148780302,0.006110354032300085,0.016723898480262754,0.00027968878037813483,0.3653666063275507
0.001,287,63.24554099807593,-0.2796765596700702,0.025150023292621202,0.0,0.05847901127481791,0.07197993279313498,0.01879687739217097,0.28457861524262024,0.09289398317809101,0.22072991540027612,0.09538044993846469,0.13201119148780302,0.006110354032300085,0.016723898480262754,0.00027968878037813483,0.3653666063275507
0.001,288,63.24554099807593,-0.2796765596700702,0.025150023292621202,0.0,0.05847901127481791,0.07197993279313498,0.01879687739217097,0.28457861524262024,0.09289398317809101,0.22072991540027612,0.09538044993846469,0.13201119148780302,0.006110354032300085,0.016723898480262754,0.00027968878037813483,0.3653666063275507
0.001,289,63.24554099807593,-0.2796765596700702,0.025150023292621202,0.0,0.05847901127481791,0.07197993279313498,0.01879687739217097,0.28457861524262024,0.09289398317809101,0.22072991540027612,0.09538044993846469,0.13201119148780302,0.006110354032300085,0.016723898480262754,0.00027968878037813483,0.3653666063275507
0.001,290,63.24554099807593,-0.2796765596700702,0.025150023292621202,0.0,0.05847901127481791,0.07197993279313498,0.01879687739217097,0.28457861524262024,0.09289398317809101,0.22072991540027612,0.09538044993846469,0.13201119148780302,0.006110354032300085,0.016723898480262754,0.00027968878037813483,0.3653666063275507
0.001,291,63.24554099807593,-0.2796765596463433,0.025146300258485473,0.0,0.058487091929666904,0.0719940665627996,0.01878095065072628,0.28458732699960404,0.0928864279780439,0.2207268026169646,0.09536920442747746,0.13202182857623174,0.006110408916856733,0.016723898482835186,0.000279688780464177,0.3653698880753336
0.001,292,63.24554099807593,-0.2796765594723403,0.02514817512274519,0.0,0.058482414741210784,0.07198560719096792,0.01878618693011485,0.28457118504376716,0.0928909479525194,0.22072743081843327,0.09538369330370082,0.13202435889654074,0.006110298186915834,0.0167238984710119,0.00027968878006871416,0.36536326727329876
0.001,293,63.24554099807593,-0.2796765594723403,0.02514817512274519,0.0,0.058482414741210784,0.07198560719096792,0.01878618693011485,0.28457118504376716,0.0928909479525194,0.22072743081843327,0.09538369330370082,0.13202435889654074,0.006110298186915834,0.0167238984710119,0.00027968878006871416,0.36536326727329876
0.001,294,63.24554099807593,-0.2796765594723403,0.02514817512274519,0.0,0.058482414741210784,0.07198560719096792,0.01878618693011485,0.28457118504376716,0.0928909479525194,0.22072743081843327,0.09538369330370082,0.13202435889654074,0.006110298186915834,0.0167238984710119,0.00027968878006871416,0.36536326727329876
0.001,295,63.24554099807593,-0.2796765594723403,0.02514817512274519,0.0,0.058482414741210784,0.07198560719096792,0.01878618693011485,0.28457118504376716,0.0928909479525194,0.22072743081843327,0.09538369330370082,0.13202435889654074,0.006110298186915834,0.0167238984710119,0.00027968878006871416,0.36536326727329876
0.001,296,63.24554099807593,-0.2796765594135399,0.025146538375430648,0.0,0.05848198360943886,0.07198709966186267,0.01878308285573367,0.2845792430131925,0.09289117922354116,0.22073089703494925,0.09537870070942606,0.13202127551642512,0.0061103046258946785,0.01672389846963894,0.0002796887800227917,0.3653636523199125
0.001,297,63.24554099807593,-0.2796765594135399,0.025146538375430648,0.0,0.05848198360943886,0.07198709966186267,0.01878308285573367,0.2845792430131925,0.09289117922354116,0.22073089703494925,0.09537870070942606,0.13202127551642512,0.0061103046258946785,0.01672389846963894,0.0002796887800227917,0.3653636523199125
0.001,298,63.24554099807593,-0.2796765594083634,0.025147536230008573,0.0,0.05847956791765878,0.0719829981425297,0.018787534120606277,0.2845769952079761,0.09289343934522626,0.22073201648044188,0.09538185132979757,0.13201806122575493,0.006110287563891523,0.01672389846846396,0.00027968877998349115,0.36536263212872366
0.001,299,63.24554099807593,-0.2796765594083634,0.025147536230008573,0.0,0.05847956791765878,0.0719829981425297,0.018787534120606277,0.2845769952079761,0.09289343934522626,0.22073201648044188,0.09538185132979757,0.13201806122575493,0.006110287563891523,0.01672389846846396,0.00027968877998349115,0.36536263212872366
0.001,300,63.24554099807593,-0.2796765594083634,0.025147536230008573,0.0,0.05847956791765878,0.0719829981425297,0.018787534120606277,0.2845769952079761,0.09289343934522626,0.22073201648044188,0.09538185132979757,0.13201806122575493,0.006110287563891523,0.01672389846846396,0.00027968877998349115,0.36536263212872366
0.001,301,63.24554099807593,-0.2796765594083634,0.025147536230008573,0.0,0.05847956791765878,0.0719829981425297,0.018787534120606277,0.2845769952079761,0.09289343934522626,0.22073201648044188,0.09538185132979757,0.13201806122575493,0.006110287563891523,0.01672389846846396,0.00027968877998349115,0.36536263212872366
0.001,302,63.24554099807593,-0.2796765594083634,0.025147536230008573,0.0,0.05847956791765878,0.0719829981425297,0.018787534120606277,0.2845769952079761,0.09289343934522626,0.22073201648044188,0.09538185132979757,0.13201806122575493,0.006110287563891523,0.01672389846846396,0.00027968877998349115,0.36536263212872366
0.001,303,63.24554099807593,-0.2796765594066783,0.025147601037130998,0.0,0.05848060244860284,0.07198414605436709,0.018786620139545584,0.28457549709090424,0.09289252790079523,0.220730639040004,0.09538212575573715,0.13202024053291295,0.006110291183602375,0.01672389846863002,0.0002796887799890455,0.36536284856451384
0.001,304,63.24554099807593,-0.2796765594066783,0.025147601037130998,0.0,0.05848060244860284,0.07198414605436709,0.018786620139545584,0.28457549709090424,0.09289252790079523,0.220730639040004,0.09538212575573715,0.13202024053291295,0.006110291183602375,0.01672389846863002,0.0002796887799890455,0.36536284856451384
0.001,305,63.24554099807593,-0.27967655940101255,0.02514726461800945,0.0,0.058479596851163655,0.07198338242011132,0.01878660295067664,0.28457761310355373,0.09289343422228105,0.2207323917210595,0.09538148137286462,0.13201823274028,0.006110284924721666,0.01672389846808638,0.000279688779970862,0.36536247432868035
0.001,306,63.24554099807593,-0.27967655940101255,0.02514726461800945,0.0,0.058479596851163655,0.07198338242011132,0.01878660295067664,0.28457761310355373,0.09289343422228105,0.2207323917210595,0.09538148137286462,0.13201823274028,0.006110284924721666,0.01672389846808638,0.000279688779970862,0.36536247432868035
0.001,307,63.24554099807593,-0.2796765593895274,0.025145832998392532,0.0,0.058480352685879367,0.07198337066799981,0.01878866482944439,0.2845754010527797,0.0928903613095059,0.22073144866621516,0.09538238493848078,0.13202218285130246,0.006110253608646893,0.01672389846587047,0.0002796887798967447,0.36536060184271496
0.001,308,63.24554099807593,-0.2796765593765301,0.02514435657119484,0.0,0.0584803028288938,0.0719841174539483,0.018788090611982115,0.2845800135680574,0.09288936265169562,0.2207332548233427,0.09537933113424842,0.1320211703566369,0.006110250093165173,0.01672389846527168,0.0002796887798767164,0.3653603916487251
0.001,309,63.24554099807593,-0.2796765593765301,0.02514435657119484,0.0,0.0584803028288938,0.0719841174539483,0.018788090611982115,0.2845800135680574,0.09288936265169562,0.2207332548233427,0.09537933113424842,0.1320211703566369,0.006110250093165173,0.01672389846527168,0.0002796887798767164,0.3653603916487251
0.001,310,63.24554099807593,-0.2796765593765301,0.02514435657119484,0.0,0.0584803028288938,0.0719841174539483,0.018788090611982115,0.2845800135680574,0.09288936265169562,0.2207332548233427,0.09537933113424842,0.1320211703566369,0.006110250093165173,0.01672389846527168,0.0002796887798767164,0.3653603916487251
0.001,311,63.24554099807593,-0.2796765593765301,0.02514435657119484,0.0,0.0584803028288938,0.0719841174539483,0.018788090611982115,0.2845800135680574,0.09288936265169562,0.2207332548233427,0.09537933113424842,0.1320211703566369,0.006110250093165173,0.01672389846527168,0.0002796887798767164,0.3653603916487251
0.001,312,63.24554099807593,-0.2796765593519896,0.02514577795508936,0.0,0.058480687709254645,0.07198450433603208,0.018785841967862347,0.28457696543607897,0.09289105732994905,0.2207329159388637,0.09538058128913933,0.13202166803773044,0.006110262181281587,0.01672389846526079,0.00027968877987635213,0.36536111445390224
0.001,313,63.24554099807593,-0.2796765593519896,0.02514577795508936,0.0,0.058480687709254645,0.07198450433603208,0.018785841967862347,0.28457696543607897,0.09289105732994905,0.2207329159388637,0.09538058128913933,0.13202166803773044,0.006110262181281587,0.01672389846526079,0.00027968877987635213,0.36536111445390224
0.001,314,63.24554099807593,-0.2796765593329064,0.025146505412038014,0.0,0.0584799808620007,0.07198378303407447,0.018784843298835705,0.2845766159251446,0.09289304210344576,0.22073443709915078,0.09538082609709646,0.1320199661682133,0.006110264802891211,0.01672389846484701,0.0002796887798625122,0.36536127122122586
0.001,315,63.24554099807593,-0.2796765593329064,0.025146505412038014,0.0,0.0584799808620007,0.07198378303407447,0.018784843298835705,0.2845766159251446,0.09289304210344576,0.22073443709915078,0.09538082609709646,0.1320199661682133,0.006110264802891211,0.01672389846484701,0.0002796887798625122,0.36536127122122586
0.001,316,63.24554099807593,-0.2796765593329064,0.025146505412038014,0.0,0.0584799808620007,0.07198378303407447,0.018784843298835705,0.2845766159251446,0.09289304210344576,0.22073443709915078,0.09538082609709646,0.1320199661682133,0.006110264802891211,0.01672389846484701,0.0002796887798625122,0.36536127122122586
0.001,317,63.24554099807593,-0.279676559286949,0.02514817245163128,0.0,0.05847917090116319,0.07198141766282087,0.01878540642354911,0.28457263752430506,0.09289610798820115,0.2207376441211257,0.09538167632949861,0.13201776659770492,0.006110264667297429,0.0167238984634649,0.0002796887798162836,0.3653612631436348
0.001,318,63.24554099807593,-0.279676559286949,0.02514817245163128,0.0,0.05847917090116319,0.07198141766282087,0.01878540642354911,0.28457263752430506,0.09289610798820115,0.2207376441211257,0.09538167632949861,0.13201776659770492,0.006110264667297429,0.0167238984634649,0.0002796887798162836,0.3653612631436348
0.001,319,63.24554099807593,-0.279676559286949,0.02514817245163128,0.0,0.05847917090116319,0.07198141766282087,0.01878540642354911,0.28457263752430506,0.09289610798820115,0.2207376441211257,0.09538167632949861,0.13201776659770492,0.006110264667297429,0.0167238984634649,0.0002796887798162836,0.3653612631436348
0.001,320,63.24554099807593,-0.279676559286949,0.02514817245163128,0.0,0.05847917090116319,0.07198141766282087,0.01878540642354911,0.28457263752430506,0.09289610798820115,0.2207376441211257,0.09538167632949861,0.13201776659770492,0.006110264667297429,0.0167238984634649,0.0002796887798162836,0.3653612631436348
0.001,321,63.24554099807593,-0.2796765592818118,0.025149194292441394,0.0,0.058478937741535925,0.0719802813951082,0.018785351346351536,0.284569421521709,0.09289773290617792,0.22073909836840605,0.09538263532435967,0.13201734710391033,0.006110262539838362,0.016723898463184096,0.0002796887798068914,0.3653611359390553
0.001,322,63.24554099807593,-0.27967655928051277,0.02514854938225174,0.0,0.058479903939673575,0.07198196856371229,0.01878412775366364,0.2845689583391273,0.092895913679703,0.2207365783600924,0.0953834444237751,0.1320205555580009,0.006110257042768042,0.016723898462816567,0.00027968877979459836,0.3653608072515754
0.001,323,63.24554099807593,-0.27967655927994717,0.025148848936913555,0.0,0.05847897908066942,0.07198052770577369,0.018785557365634618,0.28457038185639333,0.09289719712711543,0.2207387442013383,0.09538232484724397,0.1320174388789178,0.0061102622356066245,0.01672389846311016,0.00027968877980441835,0.365361117749234
0.001,324,63.24554099807593,-0.2796765592759638,0.025148566424228302,0.0,0.05847938902649262,0.07198124841927414,0.018785045435126258,0.2845702127409627,0.09289641244693733,0.22073766810482076,0.09538265848844645,0.13201879891371146,0.006110259901337784,0.01672389846285149,0.0002796887797957665,0.3653609781780486
0.001,325,63.24554099807593,-0.2796765592759638,0.025148566424228302,0.0,0.05847938902649262,0.07198124841927414,0.018785045435126258,0.2845702127409627,0.09289641244693733,0.22073766810482076,0.09538265848844645,0.13201879891371146,0.006110259901337784,0.01672389846285149,0.0002796887797957665,0.3653609781780486
0.001,326,63.24554099807593,-0.2796765592759638,0.025148566424228302,0.0,0.05847938902649262,0.07198124841927414,0.018785045435126258,0.2845702127409627,0.09289641244693733,0.22073766810482076,0.09538265848844645,0.13201879891371146,0.006110259901337784,0.01672389846285149,0.0002796887797957665,0.3653609781780486
0.001,327,63.24554099807593,-0.2796765592759638,0.025148566424228302,0.0,0.05847938902649262,0.07198124841927414,0.018785045435126258,0.2845702127409627,0.09289641244693733,0.22073766810482076,0.09538265848844645,0.13201879891371146,0.006110259901337784,0.01672389846285149,0.0002796887797957665,0.3653609781780486
0.001,328,63.24554099807593,-0.27967655927391044,0.02514774612892763,0.0,0.05847993861007529,0.07198216357661777,0.018785347136155414,0.2845712259897815,0.09289464999467328,0.22073625383791087,0.09538235802930299,0.13202031669655517,0.006110256631492863,0.01672389846259458,0.0002796887797871734,0.36536078266436117
0.001,329,63.24554099807593,-0.27967655927295415,0.025147927260253285,0.0,0.0584798131799164,0.0719819550666232,0.018785289620276372,0.28457101226031106,0.09289504271500636,0.22073657566578597,0.095382417269545,0.1320199669622823,0.006110257375987509,0.01672389846261051,0.00027968877978770614,0.36536082718082535
0.001,330,63.24554099807593,-0.27967655927295415,0.025147927260253285,0.0,0.0584798131799164,0.0719819550666232,0.018785289620276372,0.28457101226031106,0.09289504271500636,0.22073657566578597,0.095382417269545,0.1320199669622823,0.006110257375987509,0.01672389846261051,0.00027968877978770614,0.36536082718082535
0.001,331,63.24554099807593,-0.27967655927155866,0.02514817821916433,0.0,0.058479536001175246,0.07198149925027994,0.018785458404091876,0.28457099729778473,0.0928956767684046,0.220737276103411,0.09538229259076071,0.13201908536492754,0.006110259167070201,0.016723898462675885,0.0002796887797898928,0.36536093427659677
0.001,332,63.24554099807593,-0.27967655927155866,0.02514817821916433,0.0,0.058479536001175246,0.07198149925027994,0.018785458404091876,0.28457099729778473,0.0928956767684046,0.220737276103411,0.09538229259076071,0.13201908536492754,0.006110259167070201,0.016723898462675885,0.0002796887797898928,0.36536093427659677
0.001,333,63.24554099807593,-0.27967655927155866,0.02514817821916433,0.0,0.058479536001175246,0.07198149925027994,0.018785458404091876,0.28457099729778473,0.0928956767684046,0.220737276103411,0.09538229259076071,0.13201908536492754,0.006110259167070201,0.016723898462675885,0.0002796887797898928,0.36536093427659677
0.001,334,63.24554099807593,-0.2796765592602583,0.02514731958128934,0.0,0.058478805849799295,0.0719792397782209,0.01878997573433809,0.28457064628794443,0.09289456091050974,0.22073880928422313,0.09538219998716115,0.13201844258651402,0.006110236143760248,0.01672389846096136,0.0002796887797325458,0.3653595576428181
0.001,335,63.24554099807593,-0.27967655925110607,0.025147322261708786,0.0,0.05847911022900984,0.07197948748851148,0.018789773474048404,0.28456983806431374,0.09289425781976675,0.220738453779048,0.09538246086816181,0.1320192960154312,0.006110234656907711,0.01672389846059883,0.0002796887797204199,0.36535946874488034
0.001,336,63.24554099807593,-0.2796765591905625,0.025145761907982664,0.0,0.05848095433195954,0.07198270754988999,0.018787112638149216,0.2845739261519341,0.09289168581360041,0.22073844943527907,0.09537834200320172,0.13202106016800338,0.006110246627687968,0.016723898459504526,0.0002796887796838179,0.3653601845576498
0.001,337,63.24554099807593,-0.2796765591506471,0.025144066836363988,0.0,0.058482172141537905,0.07198368997698967,0.018787874314383876,0.28457583764596167,0.09288896158107739,0.220740002274154,0.09537494021155161,0.1320224550179799,0.006110238949505322,0.01672389845785205,0.0002796887796285461,0.36535972547934836
0.001,338,63.24554099807593,-0.2796765591416715,0.025145834350674117,0.0,0.05848218149112995,0.0719852260610465,0.018781727046350845,0.28457707504405794,0.092892884728153,0.22074180541787608,0.09537351093461621,0.13201975492609538,0.006110274603848798,0.01672389845971564,0.0002796887796908792,0.36536185737835986
0.001,339,63.24554099807593,-0.27967655911592715,0.025144231510410946,0.0,0.05848379557605491,0.07198740623119772,0.018779688611885607,0.28458104534206213,0.0928910290689584,0.22074499119188618,0.09536776643016431,0.13202004603737988,0.0061102823066656355,0.01672389845940654,0.00027968877968054045,0.36536231797250834
0.001,340,63.24554099807593,-0.2796765590190686,0.02514474808134575,0.0,0.05848652802828267,0.07198798282512935,0.018777612670728867,0.2845730976897604,0.09289071452705776,0.22074949306793396,0.09536563875159461,0.13202418435816668,0.006110272978530576,0.016723898455952957,0.0002796887795650257,0.3653617602751943
0.001,341,63.24554099807593,-0.2796765590045099,0.02514434775042244,0.0,0.058488248114806324,0.07198766595379309,0.01877699803716936,0.28456727308373125,0.09288997213495111,0.22075445240619382,0.09536363272888207,0.13202740979005045,0.006110247509356588,0.016723898453994766,0.00027968877949952856,0.365360237397104
0.001,342,63.24554099807593,-0.2796765589680102,0.02514293485892491,0.0,0.05848680511895339,0.07198453108303654,0.018778334249423302,0.2845655049666558,0.09289087966147067,0.22076175303876056,0.09536266692277266,0.13202659010000228,0.006110190638217793,0.016723898449502936,0.00027968877934928665,0.36535683690422066
0.001,343,63.24554099807593,-0.2796765589521121,0.02514283955063797,0.0,0.058484459328018,0.07198146442468921,0.018781335432390953,0.284564032985069,0.09289195006662894,0.22076176466479555,0.09536658784025165,0.1320255657075189,0.006110155304426202,0.01672389844691485,0.00027968877926272097,0.3653547241883292
0.001,344,63.24554099807593,-0.279676558948695,0.025143040774368627,0.0,0.058483949397411666,0.07198115186336182,0.018781511010100053,0.2845649607030884,0.09289253828969926,0.2207616050628302,0.0953668177085236,0.13202442519061655,0.006110159267259077,0.016723898447049645,0.0002796887792672295,0.36535496114167115
0.001,345,63.24554099807593,-0.2796765589191391,0.025143429319477432,0.0,0.05848702253853128,0.07198540778790835,0.018779648651186864,0.2845696865107894,0.0928904583993884,0.2207591591308956,0.09536108708925076,0.13202410057257188,0.0061102313039433365,0.016723898450473413,0.000279688779381747,0.36535926847668526
0.001,346,63.24554099807593,-0.2796765589191391,0.025143429319477432,0.0,0.05848702253853128,0.07198540778790835,0.018779648651186864,0.2845696865107894,0.0928904583993884,0.2207591591308956,0.09536108708925076,0.13202410057257188,0.0061102313039433365,0.016723898450473413,0.000279688779381747,0.36535926847668526
0.001,347,63.24554099807593,-0.2796765589191391,0.025143429319477432,0.0,0.05848702253853128,0.07198540778790835,0.018779648651186864,0.2845696865107894,0.0928904583993884,0.2207591591308956,0.09536108708925076,0.13202410057257188,0.0061102313039433365,0.016723898450473413,0.000279688779381747,0.36535926847668526
0.001,348,63.24554099807593,-0.2796765589073038,0.025143363509194272,0.0,0.05848615680470677,0.07198391947273061,0.01878110449842606,0.284567917019559,0.09289077073677177,0.22075941930531612,0.09536303822189149,0.13202431043140384,0.006110210491836968,0.016723898448875115,0.0002796887793282875,0.3653580240585564
0.001,349,63.24554099807593,-0.27967655889827414,0.025143347186506706,0.0,0.0584853583569872,0.07198223912774981,0.018783431471248883,0.2845658130029883,0.09289076815308439,0.2207592091907441,0.09536519748704529,0.1320246360236453,0.006110190657596196,0.016723898447419172,0.00027968877927958937,0.3653568381084686
0.001,350,63.24554099807593,-0.2796765588962165,0.025144104153755387,0.0,0.0584850702766502,0.07198114219872594,0.01878505340277108,0.2845637602817212,0.09289131914309383,0.2207587360798187,0.09536654830225869,0.13202426616120502,0.0061101921673327566,0.016723898447447927,0.0002796887792805512,0.36535692838204087
0.001,351,63.24554099807593,-0.2796765588952308,0.025145575093543662,0.0,0.058485430070920774,0.07198075624666221,0.018786300528234642,0.28456206913244836,0.09289210471492376,0.22075769326596906,0.09536684121166512,0.13202322973563255,0.006110217870533135,0.01672389844895537,0.0002796887793309719,0.36535846526351035
0.001,352,63.24554099807593,-0.279676558884215,0.025144068782439827,0.0,0.05848483267159008,0.07198115919316654,0.01878542071661991,0.284567454546219,0.09289177719721955,0.22076014897341517,0.09536383557042573,0.13202130234890422,0.00611021148140521,0.01672389844824399,0.00027968877930717776,0.3653580832432513
0.001,353,63.24554099807593,-0.2796765588839585,0.02514508152336088,0.0,0.058485232865514394,0.07198091073747848,0.01878619190687383,0.2845645590073866,0.092892012593049,0.22075868218326644,0.09536529191981287,0.1320220372632575,0.006110220410381579,0.016723898448770227,0.00027968877932477924,0.36535861713695633
0.001,354,63.24554099807593,-0.2796765588839585,0.02514508152336088,0.0,0.058485232865514394,0.07198091073747848,0.01878619190687383,0.2845645590073866,0.092892012593049,0.22075868218326644,0.09536529191981287,0.1320220372632575,0.006110220410381579,0.016723898448770227,0.00027968877932477924,0.36535861713695633
0.001,355,63.24554099807593,-0.2796765588826676,0.025144695312501936,0.0,0.05848508046750213,0.07198100214447575,0.01878587107505167,0.2845655552996863,0.09289192056307999,0.22075921412608515,0.09536482053486604,0.13202184047675108,0.0061102163157845,0.0167238984484868,0.0002796887793152992,0.36535837230806434
0.001,356,63.24554099807593,-0.2796765588826676,0.025144695312501936,0.0,0.05848508046750213,0.07198100214447575,0.01878587107505167,0.2845655552996863,0.09289192056307999,0.22075921412608515,0.09536482053486604,0.13202184047675108,0.0061102163157845,0.0167238984484868,0.0002796887793152992,0.36535837230806434
0.001,357,63.24554099807593,-0.2796765588825422,0.02514376849716316,0.0,0.058486044777522776,0.07198343283350626,0.018782816047995546,0.28456965213000124,0.09289102913676398,0.22075979086758013,0.0953615114528336,0.13202195425663324,0.006110230167016749,0.01672389844931128,0.00027968877934287625,0.365359200519923
0.001,358,63.24554099807593,-0.27967655888000575,0.02514467391477564,0.0,0.0584855056085308,0.07198225186294445,0.018783811881782346,0.28456654872508186,0.09289196609943448,0.2207587664177838,0.0953642435249803,0.13202223196468638,0.006110224593943093,0.016723898448902208,0.0002796887793291936,0.36535886728875594
0.001,359,63.24554099807593,-0.27967655888000575,0.02514467391477564,0.0,0.0584855056085308,0.07198225186294445,0.018783811881782346,0.28456654872508186,0.09289196609943448,0.2207587664177838,0.0953642435249803,0.13202223196468638,0.006110224593943093,0.016723898448902208,0.0002796887793291936,0.36535886728875594
0.001,360,63.24554099807593,-0.27967655888000575,0.02514467391477564,0.0,0.0584855056085308,0.07198225186294445,0.018783811881782346,0.28456654872508186,0.09289196609943448,0.2207587664177838,0.0953642435249803,0.13202223196468638,0.006110224593943093,0.016723898448902208,0.0002796887793291936,0.36535886728875594
0.001,361,63.24554099807593,-0.27967655888000575,0.02514467391477564,0.0,0.0584855056085308,0.07198225186294445,0.018783811881782346,0.28456654872508186,0.09289196609943448,0.2207587664177838,0.0953642435249803,0.13202223196468638,0.006110224593943093,0.016723898448902208,0.0002796887793291936,0.36535886728875594
0.001,362,63.24554099807593,-0.2796765588698006,0.02514486019720089,0.0,0.05848746601692459,0.07198470205209982,0.01878357984156944,0.2845692444441921,0.09289024715068979,0.22075678513791258,0.09536088659706954,0.13202222856234125,0.006110268648135913,0.016723898451231307,0.00027968877940709686,0.365361501443824
0.001,363,63.24554099807593,-0.27967655886125353,0.02514439639329743,0.0,0.05848697500412558,0.07198350053319469,0.018786246228988904,0.28456786606992557,0.09288925540572875,0.22075574705996678,0.0953627823762702,0.13202323092850227,0.006110248462552894,0.016723898449768782,0.00027968877935817863,0.3653602944854865
0.001,364,63.24554099807593,-0.27967655886125353,0.02514439639329743,0.0,0.05848697500412558,0.07198350053319469,0.018786246228988904,0.28456786606992557,0.09288925540572875,0.22075574705996678,0.0953627823762702,0.13202323092850227,0.006110248462552894,0.016723898449768782,0.00027968877935817863,0.3653602944854865
0.001,365,63.24554099807593,-0.2796765588606303,0.025143576561407564,0.0,0.058485981697166935,0.07198226199648985,0.018787710796056213,0.28456885828410583,0.09288910665222044,0.22075701426417538,0.09536299031936098,0.13202249942901687,0.006110227516263953,0.01672389844849767,0.00027968877931566283,0.3653590420368071
0.001,366,63.24554099807593,-0.2796765588606303,0.025143576561407564,0.0,0.058485981697166935,0.07198226199648985,0.018787710796056213,0.28456885828410583,0.09288910665222044,0.22075701426417538,0.09536299031936098,0.13202249942901687,0.006110227516263953,0.01672389844849767,0.00027968877931566283,0.3653590420368071
0.001,367,63.24554099807593,-0.2796765588606303,0.025143576561407564,0.0,0.058485981697166935,0.07198226199648985,0.018787710796056213,0.28456885828410583,0.09288910665222044,0.22075701426417538,0.09536299031936098,0.13202249942901687,0.006110227516263953,0.01672389844849767,0.00027968877931566283,0.3653590420368071
0.001,368,63.24554099807593,-0.27967655885937953,0.025143855932995736,0.0,0.05848660073753252,0.07198296411151381,0.018787456848602717,0.2845687547918106,0.09288877027501931,0.22075609933055948,0.09536261114012021,0.13202288683184565,0.00611023988626313,0.016723898449199935,0.000279688779339152,0.3653597816814919
0.001,369,63.24554099807593,-0.27967655885848464,0.025143696797385026,0.0,0.05848622025185247,0.0719827984193488,0.018786613406699754,0.2845689642092518,0.09288931318056023,0.22075704390908787,0.09536269353770357,0.1320226562881106,0.006110232077743856,0.016723898448706274,0.0002796887793226401,0.36535931478443834
0.001,370,63.24554099807593,-0.27967655885848464,0.025143696797385026,0.0,0.05848622025185247,0.0719827984193488,0.018786613406699754,0.2845689642092518,0.09288931318056023,0.22075704390908787,0.09536269353770357,0.1320226562881106,0.006110232077743856,0.016723898448706274,0.0002796887793226401,0.36535931478443834
0.001,371,63.24554099807593,-0.2796765588579536,0.025144134897176214,0.0,0.05848659976738797,0.07198311304186251,0.018786502223973423,0.2845681492023122,0.09288931737411703,0.22075618992287602,0.09536296663424533,0.1320230269360493,0.006110240613105784,0.016723898449200768,0.00027968877933917983,0.3653598251427909
0.001,372,63.24554099807593,-0.2796765588579536,0.025144134897176214,0.0,0.05848659976738797,0.07198311304186251,0.018786502223973423,0.2845681492023122,0.09288931737411703,0.22075618992287602,0.09536296663424533,0.1320230269360493,0.006110240613105784,0.016723898449200768,0.00027968877933917983,0.3653598251427909
0.001,373,63.24554099807593,-0.2796765588579536,0.025144134897176214,0.0,0.05848659976738797,0.07198311304186251,0.018786502223973423,0.2845681492023122,0.09288931737411703,0.22075618992287602,0.09536296663424533,0.1320230269360493,0.006110240613105784,0.016723898449200768,0.00027968877933917983,0.3653598251427909
0.001,374,63.24554099807593,-0.2796765588579536,0.025144134897176214,0.0,0.05848659976738797,0.07198311304186251,0.018786502223973423,0.2845681492023122,0.09288931737411703,0.22075618992287602,0.09536296663424533,0.1320230269360493,0.006110240613105784,0.016723898449200768,0.00027968877933917983,0.3653598251427909
0.001,375,63.24554099807593,-0.2796765588579536,0.025144134897176214,0.0,0.05848659976738797,0.07198311304186251,0.018786502223973423,0.2845681492023122,0.09288931737411703,0.22075618992287602,0.09536296663424533,0.1320230269360493,0.006110240613105784,0.016723898449200768,0.00027968877933917983,0.3653598251427909
0.001,376,63.24554099807593,-0.2796765588579536,0.025144134897176214,0.0,0.05848659976738797,0.07198311304186251,0.018786502223973423,0.2845681492023122,0.09288931737411703,0.22075618992287602,0.09536296663424533,0.1320230269360493,0.006110240613105784,0.016723898449200768,0.00027968877933917983,0.3653598251427909
0.001,377,63.24554099807593,-0.2796765588579536,0.025144134897176214,0.0,0.05848659976738797,0.07198311304186251,0.018786502223973423,0.2845681492023122,0.09288931737411703,0.22075618992287602,0.09536296663424533,0.1320230269360493,0.006110240613105784,0.016723898449200768,0.00027968877933917983,0.3653598251427909
0.001,378,63.24554099807593,-0.2796765588579536,0.025144134897176214,0.0,0.05848659976738797,0.07198311304186251,0.018786502223973423,0.2845681492023122,0.09288931737411703,0.22075618992287602,0.09536296663424533,0.1320230269360493,0.006110240613105784,0.016723898449200768,0.00027968877933917983,0.3653598251427909
0.001,379,63.24554099807593,-0.2796765588579536,0.025144134897176214,0.0,0.05848659976738797,0.07198311304186251,0.018786502223973423,0.2845681492023122,0.09288931737411703,0.22075618992287602,0.09536296663424533,0.1320230269360493,0.006110240613105784,0.016723898449200768,0.00027968877933917983,0.3653598251427909
0.001,380,63.24554099807593,-0.27967655885795156,0.025143700429558664,0.0,0.058485919191514295,0.07198239348728637,0.018786844788423924,0.28456859820060154,0.09288953925264984,0.2207571940786383,0.09536322533435726,0.13202258523696975,0.006110226568872812,0.016723898448360936,0.00027968877931108934,0.365358985390853
0.001,381,63.24554099807593,-0.27967655885795156,0.025143700429558664,0.0,0.058485919191514295,0.07198239348728637,0.018786844788423924,0.28456859820060154,0.09288953925264984,0.2207571940786383,0.09536322533435726,0.13202258523696975,0.006110226568872812,0.016723898448360936,0.00027968877931108934,0.365358985390853
0.001,382,63.24554099807593,-0.2796765588574953,0.025143962580290082,0.0,0.058486371146286624,0.0719828829920937,0.018786606547991448,0.28456837606301927,0.09288937468245939,0.22075656683571998,0.09536299733645554,0.1320228618156841,0.0061102358005607855,0.0167238984488993,0.0002796887793290964,0.3653595373848337
0.001,383,63.24554099807593,-0.2796765588574953,0.025143962580290082,0.0,0.058486371146286624,0.0719828829920937,0.018786606547991448,0.28456837606301927,0.09288937468245939,0.22075656683571998,0.09536299733645554,0.1320228618156841,0.0061102358005607855,0.0167238984488993,0.0002796887793290964,0.3653595373848337
0.001,384,63.24554099807593,-0.27967655885745485,0.025143979291130887,0.0,0.05848650464206583,0.07198314987988061,0.01878620105127863,0.28456854006455207,0.0928893764337189,0.22075653626825695,0.09536278282671944,0.13202292954239664,0.006110238241841622,0.016723898449044067,0.0002796887793339385,0.3653596833572546
0.001,385,63.24554099807593,-0.27967655885745485,0.025143979291130887,0.0,0.05848650464206583,0.07198314987988061,0.01878620105127863,0.28456854006455207,0.0928893764337189,0.22075653626825695,0.09536278282671944,0.13202292954239664,0.006110238241841622,0.016723898449044067,0.0002796887793339385,0.3653596833572546
0.001,386,63.24554099807593,-0.27967655885745485,0.025143979291130887,0.0,0.05848650464206583,0.07198314987988061,0.01878620105127863,0.28456854006455207,0.0928893764337189,0.22075653626825695,0.09536278282671944,0.13202292954239664,0.006110238241841622,0.016723898449044067,0.0002796887793339385,0.3653596833572546
0.001,387,63.24554099807593,-0.27967655885745485,0.025143979291130887,0.0,0.05848650464206583,0.07198314987988061,0.01878620105127863,0.28456854006455207,0.0928893764337189,0.22075653626825695,0.09536278282671944,0.13202292954239664,0.006110238241841622,0.016723898449044067,0.0002796887793339385,0.3653596833572546
0.001,388,63.24554099807593,-0.27967655885745485,0.025143979291130887,0.0,0.05848650464206583,0.07198314987988061,0.01878620105127863,0.28456854006455207,0.0928893764337189,0.22075653626825695,0.09536278282671944,0.13202292954239664,0.006110238241841622,0.016723898449044067,0.0002796887793339385,0.3653596833572546
0.001,389,63.24554099807593,-0.27967655885486387,0.025143603327984317,0.0,0.05848538167471256,0.07198221310647702,0.018786638780839793,0.2845697277779456,0.09288997126906606,0.22075723185910182,0.09536343513749838,0.13202179706637443,0.006110224867587204,0.016723898448166897,0.0002796887793045991,0.3653588836672794
0.001,390,63.24554099807593,-0.27967655885244164,0.025143786992205413,0.0,0.05848569541324136,0.0719826554048281,0.018786270224119217,0.28456978014279527,0.092889908210633,0.22075677165950172,0.09536320709153401,0.13202192486114192,0.006110232333882568,0.01672389844854092,0.0002796887793171094,0.3653593301037807
0.001,391,63.24554099807593,-0.27967655885098786,0.025143792788161746,0.0,0.05848532135222354,0.07198250661961672,0.01878628194596744,0.28457053919978426,0.0928902098311349,0.22075658692469416,0.09536344405439205,0.13202131728402525,0.006110232729696142,0.016723898448521124,0.00027968877931644725,0.3653593537717555
0.001,392,63.24554099807593,-0.27967655885098786,0.025143792788161746,0.0,0.05848532135222354,0.07198250661961672,0.01878628194596744,0.28457053919978426,0.0928902098311349,0.22075658692469416,0.09536344405439205,0.13202131728402525,0.006110232729696142,0.016723898448521124,0.00027968877931644725,0.3653593537717555
0.001,393,63.24554099807593,-0.27967655885098786,0.025143792788161746,0.0,0.05848532135222354,0.07198250661961672,0.01878628194596744,0.28457053919978426,0.0928902098311349,0.22075658692469416,0.09536344405439205,0.13202131728402525,0.006110232729696142,0.016723898448521124,0.00027968877931644725,0.3653593537717555
0.001,394,63.24554099807593,-0.27967655885098786,0.025143792788161746,0.0,0.05848532135222354,0.07198250661961672,0.01878628194596744,0.28457053919978426,0.0928902098311349,0.22075658692469416,0.09536344405439205,0.13202131728402525,0.006110232729696142,0.016723898448521124,0.00027968877931644725,0.3653593537717555
0.001,395,63.24554099807593,-0.27967655885098786,0.025143792788161746,0.0,0.05848532135222354,0.07198250661961672,0.01878628194596744,0.28457053919978426,0.0928902098311349,0.22075658692469416,0.09536344405439205,0.13202131728402525,0.006110232729696142,0.016723898448521124,0.00027968877931644725,0.3653593537717555
0.001,396,63.24554099807593,-0.27967655885090237,0.025143794397881978,0.0,0.058485217463658055,0.07198246529726171,0.018786285201495122,0.2845707500138973,0.0928902936006799,0.22075653561800024,0.09536350986646608,0.1320211485406597,0.006110232839626081,0.01672389844852514,0.0002796887793165816,0.3653593603448922
0.001,397,63.24554099807593,-0.27967655885090237,0.025143794397881978,0.0,0.058485217463658055,0.07198246529726171,0.018786285201495122,0.2845707500138973,0.0928902936006799,0.22075653561800024,0.09536350986646608,0.1320211485406597,0.006110232839626081,0.01672389844852514,0.0002796887793165816,0.3653593603448922
0.001,398,63.24554099807593,-0.27967655885090237,0.025143794397881978,0.0,0.058485217463658055,0.07198246529726171,0.018786285201495122,0.2845707500138973,0.0928902936006799,0.22075653561800024,0.09536350986646608,0.1320211485406597,0.006110232839626081,0.01672389844852514,0.0002796887793165816,0.3653593603448922
0.001,399,63.24554099807593,-0.27967655885090237,0.025143794397881978,0.0,0.058485217463658055,0.07198246529726171,0.018786285201495122,0.2845707500138973,0.0928902936006799,0.22075653561800024,0.09536350986646608,0.1320211485406597,0.006110232839626081,0.01672389844852514,0.0002796887793165816,0.3653593603448922
0.001,400,63.24554099807593,-0.27967655884975146,0.025144200431271156,0.0,0.05848564045175162,0.07198277798987869,0.018785943176190242,0.2845699830749332,0.09289040827624663,0.22075631438758858,0.09536335339063325,0.1320213788215067,0.00611024106966651,0.016723898448982845,0.0002796887793318908,0.36535985244745
0.001,401,63.24554099807593,-0.279676558849625,0.02514407175472807,0.0,0.05848528035298667,0.07198258878869548,0.018786060448484167,0.28457068854173356,0.09289055065899858,0.22075627682383533,0.09536354246107294,0.13202094016946525,0.006110238653253497,0.016723898448834575,0.0002796887793269315,0.3653597079620689
0.001,402,63.24554099807593,-0.2796765588490619,0.025144279840431105,0.0,0.05848529983729563,0.07198267068810739,0.018785892636541027,0.2845707003470795,0.09289076550575505,0.22075606955905905,0.09536358322475061,0.1320207383609806,0.006110243045799279,0.016723898449080392,0.00027968877933515354,0.365359970607527
0.001,403,63.24554099807593,-0.2796765588488703,0.025144435864393522,0.0,0.058485314471010685,0.07198273215315676,0.01878576676423208,0.2845707093518093,0.09289092659452926,0.220755914176266,0.09536361364943255,0.13202058697516977,0.006110246340523078,0.016723898449271673,0.0002796887793415514,0.36536016761027273
0.001,404,63.24554099807593,-0.2796765588488428,0.025144552072531128,0.0,0.05848532585776058,0.0719827790653051,0.018785672091797184,0.2845707191329859,0.0928910464811853,0.22075579896072667,0.0953636334934266,0.1320204728442815,0.006110248817882802,0.01672389844941898,0.00027968877934647857,0.36536031573996336
0.001,405,63.24554099807593,-0.2796765588488428,0.025144552072531128,0.0,0.05848532585776058,0.0719827790653051,0.018785672091797184,0.2845707191329859,0.0928910464811853,0.22075579896072667,0.0953636334934266,0.1320204728442815,0.006110248817882802,0.01672389844941898,0.00027968877934647857,0.36536031573996336
0.001,406,63.24554099807593,-0.2796765588481496,0.02514487729511475,0.0,0.05848657364720637,0.07198406111401369,0.01878522199940823,0.28457031348284584,0.09289020242002503,0.22075454986804063,0.095362697846298,0.13202150232704737,0.006110267603606114,0.01672389845052154,0.00027968877938335684,0.3653614390020147
0.001,407,63.24554099807593,-0.2796765588480542,0.025144737641465867,0.0,0.05848656972874323,0.07198401473985719,0.018785333325327832,0.28457030193094945,0.09289004930150518,0.22075468189107245,0.09536266329660906,0.13202164814446976,0.0061102647427735465,0.016723898450347628,0.00027968877937753977,0.3653612679432729
0.001,408,63.24554099807593,-0.27967655884216885,0.025144238228027565,0.0,0.05848596177139143,0.0719827112926957,0.018786400076791967,0.2845696494671245,0.09289021319279428,0.22075687700354213,0.09536262107127823,0.1320213278963543,0.0061102441023425415,0.016723898448937482,0.00027968877933037356,0.36536003378630555
0.001,409,63.24554099807593,-0.27967655883930936,0.025144302120307386,0.0,0.05848545336998451,0.07198234380286883,0.018786283932801767,0.28457027389714673,0.09289085515354854,0.22075729005179792,0.09536277168541522,0.13202042598612895,0.0061102429440459335,0.01672389844878273,0.00027968877932519747,0.36535996452972214
0.001,410,63.24554099807593,-0.27967655883552617,0.02514392641970767,0.0,0.058485721160336034,0.07198188013240295,0.01878948181880088,0.28457157641090164,0.09288942392651747,0.22075683528992515,0.09536147116588639,0.13201968367552186,0.006110250727758543,0.01672389844913505,0.00027968877933698166,0.3653604299465572
0.001,411,63.24554099807593,-0.2796765588311761,0.025143941152344515,0.0,0.058485907463291055,0.07198209249578774,0.018789491277932613,0.28457227904455046,0.0928893616847796,0.2207570353781061,0.09536064912710399,0.1320192423761039,0.006110257569916009,0.016723898449414118,0.00027968877934631594,0.3653608390650128
0.001,412,63.24554099807593,-0.2796765588311761,0.025143941152344515,0.0,0.058485907463291055,0.07198209249578774,0.018789491277932613,0.28457227904455046,0.0928893616847796,0.2207570353781061,0.09536064912710399,0.1320192423761039,0.006110257569916009,0.016723898449414118,0.00027968877934631594,0.3653608390650128
0.001,413,63.24554099807593,-0.2796765588290092,0.025144155175758263,0.0,0.05848578005880862,0.07198214725283208,0.018788441949521676,0.28457179620750467,0.09289001659681807,0.22075739451250212,0.09536100524558694,0.1320192630006676,0.0061102560126995095,0.01672389844925622,0.0002796887793410346,0.3653607459552146
0.001,414,63.24554099807593,-0.2796765588290092,0.025144155175758263,0.0,0.05848578005880862,0.07198214725283208,0.018788441949521676,0.28457179620750467,0.09289001659681807,0.22075739451250212,0.09536100524558694,0.1320192630006676,0.0061102560126995095,0.01672389844925622,0.0002796887793410346,0.3653607459552146
0.001,415,63.24554099807593,-0.27967655882386044,0.025144317966513723,0.0,0.05848588173863662,0.07198234256058837,0.018787969515090958,0.2845719826347297,0.09289028114312034,0.22075758472340537,0.09536064815336649,0.13201899156454835,0.006110261033131859,0.01672389844940248,0.0002796887793459267,0.36536104614711823
0.001,416,63.24554099807593,-0.27967655881992504,0.025144742010777564,0.0,0.05848641252053362,0.07198258901321115,0.018788666675790086,0.2845723689355297,0.09289013642955575,0.22075732432492057,0.0953594940261622,0.13201826606351943,0.006110279399377991,0.016723898450383027,0.00027968877937872377,0.36536214432933534
0.001,417,63.24554099807593,-0.27967655881362846,0.025144359646230414,0.0,0.05848709622968288,0.07198364068717952,0.018787640730050258,0.28457305268551836,0.09288938135218369,0.22075726591622885,0.09535842269931928,0.13201914005360688,0.006110282655866913,0.016723898450389497,0.00027968877937894023,0.3653623390498766
0.001,418,63.24554099807593,-0.2796765588037791,0.02514503290615468,0.0,0.058486730416453976,0.07198358032961481,0.018787300134335817,0.2845742109127942,0.0928905314888438,0.22075699869426021,0.09535826645746286,0.13201734866007944,0.006110298781283622,0.016723898451059243,0.0002796887794013417,0.36536330324922617
0.001,419,63.24554099807593,-0.27967655879089376,0.02514396254883763,0.0,0.05848577551359538,0.07198294904858146,0.018787128470820296,0.2845742270264914,0.09289024378257733,0.22075736054184233,0.09535991752602323,0.13201843554123094,0.0061102652984250765,0.016723898448671906,0.0002796887793214906,0.3653613012048821
0.001,420,63.24554099807593,-0.2796765587845865,0.025142884064567057,0.0,0.05848454180128423,0.07198225070633503,0.018786717438933415,0.28457465067125537,0.09289023662445521,0.22075760380778178,0.09536187015959513,0.13201924472579277,0.0061102305333706475,0.016723898446404574,0.0002796887792456533,0.36535922248943514
0.001,421,63.24554099807593,-0.2796765587690206,0.025143563128106197,0.0,0.05848577628690065,0.07198262036203462,0.01878931799620356,0.28457472607531964,0.09288907165053079,0.22075604907982277,0.09536019893563716,0.13201867648544452,0.006110263365341042,0.01672389844790237,0.00027968877929575124,0.3653611856335707
0.001,422,63.24554099807593,-0.27967655874638214,0.025144832902503734,0.0,0.058485984551082885,0.07198251976635821,0.018786329297423767,0.284571596502143,0.09289158034257747,0.2207586248306151,0.0953601654186526,0.13201836638864334,0.006110268139750765,0.016723898447511026,0.00027968877928266167,0.36536147112637724
0.001,423,63.24554099807593,-0.27967655873280783,0.025144871285155863,0.0,0.058486385681577484,0.07198209222742265,0.01878875304106991,0.2845716279010191,0.09289073288851077,0.22075838511002743,0.09535924892060406,0.13201790294461277,0.006110277134779275,0.016723898447643045,0.0002796887792870774,0.3653620089782605
0.001,424,63.24554099807593,-0.2796765587195793,0.025145140176169537,0.0,0.05848721336748047,0.07198324175033968,0.01878734865411873,0.28457216177575884,0.09289073377132363,0.2207583700132628,0.095357839945663,0.1320179505458834,0.006110294086232388,0.01672389844826115,0.0002796887793077518,0.36536302257131315
0.001,425,63.24554099807593,-0.27967655871283864,0.025144903957714758,0.0,0.05848791083317118,0.07198427203009787,0.018786907994228712,0.2845738749925875,0.09289004360908007,0.2207582072065569,0.09535605599286842,0.1320178233836946,0.006110307706400277,0.01672389844887404,0.00027968877932825145,0.36536383697137687
0.001,426,63.24554099807593,-0.27967655870498015,0.025145384906954428,0.0,0.058488310266874385,0.07198468266304689,0.018785847617717004,0.2845736089525597,0.09289067726047345,0.2207588036427821,0.09535524098605123,0.13201744370354065,0.006110319218037202,0.016723898449327423,0.00027968877934341624,0.36536452529601066
0.001,427,63.24554099807593,-0.27967655868226365,0.02514391987027696,0.0,0.05848798037317556,0.07198402041542461,0.01878862460822033,0.2845746134588749,0.09288857991130707,0.22075812468791386,0.09535564995713491,0.13201848671767166,0.006110295344588021,0.016723898447220754,0.0002796887792729528,0.36536309783700316
0.001,428,63.24554099807593,-0.2796765586546991,0.025144366023679383,0.0,0.05848903328405872,0.07198502592725965,0.01878734861378367,0.28457492465664075,0.09288885336549749,0.22075907129231712,0.09535334702307337,0.13201802981368999,0.006110317256669879,0.016723898447706876,0.0002796887792892124,0.3653644080521013
0.001,429,63.24554099807593,-0.27967655862336765,0.02514336879773323,0.0,0.05848911852005133,0.07198476884713569,0.018788785256066795,0.2845741839942582,0.09288724880362763,0.2207583450982967,0.09535423191847996,0.13201994876435044,0.006110295506238079,0.01672389844546959,0.00027968877921438014,0.36536310754107243
0.001,430,63.24554099807593,-0.27967655859523394,0.02514357134425631,0.0,0.05848979819775331,0.07198522779944651,0.018788265712281916,0.2845735968101809,0.09288723395156351,0.22075878912466876,0.09535328787999806,0.13202022917985057,0.0061103035192854515,0.016723898445107604,0.0002796887792022725,0.36536358668650937
0.001,431,63.24554099807593,-0.27967655857142026,0.025144144494949405,0.0,0.058491035476266245,0.0719865323034815,0.01878601146483821,0.2845725473561609,0.09288761956107154,0.22075933082695992,0.09535187361026289,0.13202090490600935,0.0061103207202894486,0.016723898445424167,0.00027968877921286084,0.3653646152079628
0.001,432,63.24554099807593,-0.2796765585500267,0.02514432378912801,0.0,0.05849138602052977,0.07198629913057028,0.0187864308037882,0.2845707415172633,0.09288751726800075,0.22075947291291742,0.09535216836903078,0.13202166018877154,0.00611031805992893,0.01672389844462548,0.00027968877918614654,0.36536445615003055
0.001,433,63.24554099807593,-0.27967655854973017,0.025144661977538472,0.0,0.0584908598519807,0.07198451787993225,0.018789081025920466,0.2845676774289299,0.09288760120025842,0.22075929504072092,0.09535426521849717,0.13202204037622176,0.0061103031992121425,0.016723898443728024,0.0002796887791561286,0.36536356757797067
0.001,434,63.24554099807593,-0.2796765585350048,0.02514546695417413,0.0,0.05849180612877118,0.0719858806082196,0.018785693920440518,0.2845670014973175,0.09288884756393297,0.22076038570555395,0.0953528429332288,0.1320220746883614,0.006110322323207514,0.016723898444431284,0.0002796887791796512,0.3653647110756121
0.001,435,63.24554099807593,-0.27967655851898804,0.02514419067927259,0.0,0.058489897623153465,0.07198373924184233,0.018788315012808778,0.2845658862095487,0.09288804553550419,0.22075938972619263,0.09535701819284094,0.1320235177788363,0.00611027002933167,0.016723898440825533,0.0002796887790590467,0.365361584259301
0.001,436,63.24554099807593,-0.27967655851625844,0.025143581603613487,0.0,0.058489240207073696,0.07198338189188382,0.018788367291854367,0.28456609942730265,0.092887807844525,0.22075910702079116,0.09535828471048459,0.13202413000247135,0.0061102511415008975,0.016723898439614533,0.00027968877901854146,0.36536045489413604
0.001,437,63.24554099807593,-0.2796765584944297,0.025144494265564175,0.0,0.058489750188297725,0.07198400748940452,0.01878657784891151,0.2845675022273259,0.09288941312397374,0.2207612460585125,0.09535535042006127,0.13202165837794866,0.006110281829299159,0.01672389844079688,0.0002796887790580883,0.36536228983509716
0.001,438,63.24554099807593,-0.2796765584944297,0.025144494265564175,0.0,0.058489750188297725,0.07198400748940452,0.01878657784891151,0.2845675022273259,0.09288941312397374,0.2207612460585125,0.09535535042006127,0.13202165837794866,0.006110281829299159,0.01672389844079688,0.0002796887790580883,0.36536228983509716
0.001,439,63.24554099807593,-0.2796765584944297,0.025144494265564175,0.0,0.058489750188297725,0.07198400748940452,0.01878657784891151,0.2845675022273259,0.09288941312397374,0.2207612460585125,0.09535535042006127,0.13202165837794866,0.006110281829299159,0.01672389844079688,0.0002796887790580883,0.36536228983509716
0.001,440,63.24554099807593,-0.2796765584936434,0.02514365807740705,0.0,0.05848896753566927,0.07198339732379717,0.01878731695741819,0.2845670937286735,0.09288868784530144,0.22076030989537374,0.09535753554581632,0.13202303309054328,0.0061102539837380124,0.016723898439108355,0.0002796887790016109,0.36536062485582665
0.001,441,63.24554099807593,-0.27967655848562645,0.025143879683915623,0.0,0.05848905642959946,0.07198452664137198,0.018784128969812908,0.28456988294911556,0.09289012369987319,0.220762157996753,0.0953551164788509,0.1320211271507073,0.006110272308350227,0.016723898439964385,0.00027968877903024314,0.3653617205512783
0.001,442,63.24554099807593,-0.2796765584786673,0.025144023235383565,0.0,0.05848818175463336,0.07198272128413342,0.018786389393767026,0.28456859220966646,0.09289061933815498,0.22076289381532693,0.09535629100932447,0.13202028795960974,0.006110259537019779,0.016723898438992666,0.0002796887789977413,0.3653609569150086
0.001,443,63.24554099807593,-0.2796765584575534,0.02514415515246594,0.0,0.058488782547259185,0.07198385563696712,0.018785363771971448,0.28456843015472816,0.0928901257752796,0.22076096876455928,0.09535678573791748,0.1320215324588519,0.006110267611847598,0.01672389843884425,0.0002796887789927771,0.36536143974992136
0.001,444,63.24554099807593,-0.27967655844067224,0.025144351032427143,0.0,0.05848925226850335,0.07198475251191154,0.018784679327513928,0.28456790865630627,0.09288968372822293,0.22075879601375856,0.09535775610451148,0.13202282035684473,0.00611027371758931,0.016723898438704636,0.0002796887789881074,0.36536180484378655
0.001,445,63.24554099807593,-0.27967655843538664,0.025144497942398047,0.0,0.05848960455943648,0.07198542516811987,0.01878416599417079,0.28456751753248993,0.09288935219293043,0.22075716645065804,0.095358483879457,0.1320237862803394,0.006110278296895595,0.01672389843882043,0.0002796887789919804,0.36536207865936826
0.001,446,63.24554099807593,-0.27967655843538664,0.025144497942398047,0.0,0.05848960455943648,0.07198542516811987,0.01878416599417079,0.28456751753248993,0.09288935219293043,0.22075716645065804,0.095358483879457,0.1320237862803394,0.006110278296895595,0.01672389843882043,0.0002796887789919804,0.36536207865936826
0.001,447,63.24554099807593,-0.2796765584350768,0.025144529364636157,0.0,0.05848967991013947,0.07198556904101978,0.018784056198474584,0.28456743387591027,0.09288928128160402,0.22075681790712876,0.09535863954157772,0.1320239928795093,0.006110279276352956,0.016723898438869733,0.0002796887789936295,0.36536213722462146
0.001,448,63.24554099807593,-0.2796765584350768,0.025144529364636157,0.0,0.05848967991013947,0.07198556904101978,0.018784056198474584,0.28456743387591027,0.09288928128160402,0.22075681790712876,0.09535863954157772,0.1320239928795093,0.006110279276352956,0.016723898438869733,0.0002796887789936295,0.36536213722462146
0.001,449,63.24554099807593,-0.279676558435039,0.025144555386472974,0.0,0.05848974231064993,0.07198568818711983,0.01878396527287975,0.2845673645970174,0.09288922255749407,0.22075652926623637,0.09535876845073725,0.13202416397139236,0.006110280087475306,0.016723898438917105,0.000279688778995214,0.36536218572438034
0.001,450,63.24554099807593,-0.279676558435039,0.025144555386472974,0.0,0.05848974231064993,0.07198568818711983,0.01878396527287975,0.2845673645970174,0.09288922255749407,0.22075652926623637,0.09535876845073725,0.13202416397139236,0.006110280087475306,0.016723898438917105,0.000279688778995214,0.36536218572438034
0.001,451,63.24554099807593,-0.279676558435039,0.025144555386472974,0.0,0.05848974231064993,0.07198568818711983,0.01878396527287975,0.2845673645970174,0.09288922255749407,0.22075652926623637,0.09535876845073725,0.13202416397139236,0.006110280087475306,0.016723898438917105,0.000279688778995214,0.36536218572438034
0.001,452,63.24554099807593,-0.279676558435039,0.025144555386472974,0.0,0.05848974231064993,0.07198568818711983,0.01878396527287975,0.2845673645970174,0.09288922255749407,0.22075652926623637,0.09535876845073725,0.13202416397139236,0.006110280087475306,0.016723898438917105,0.000279688778995214,0.36536218572438034
0.001,453,63.24554099807593,-0.279676558435039,0.025144555386472974,0.0,0.05848974231064993,0.07198568818711983,0.01878396527287975,0.2845673645970174,0.09288922255749407,0.22075652926623637,0.09535876845073725,0.13202416397139236,0.006110280087475306,0.016723898438917105,0.000279688778995214,0.36536218572438034
0.001,454,63.24554099807593,-0.279676558435039,0.025144555386472974,0.0,0.05848974231064993,0.07198568818711983,0.01878396527287975,0.2845673645970174,0.09288922255749407,0.22075652926623637,0.09535876845073725,0.13202416397139236,0.006110280087475306,0.016723898438917105,0.000279688778995214,0.36536218572438034
0.001,455,63.24554099807593,-0.279676558435039,0.025144555386472974,0.0,0.05848974231064993,0.07198568818711983,0.01878396527287975,0.2845673645970174,0.09288922255749407,0.22075652926623637,0.09535876845073725,0.13202416397139236,0.006110280087475306,0.016723898438917105,0.000279688778995214,0.36536218572438034
0.001,456,63.24554099807593,-0.279676558435039,0.025144555386472974,0.0,0.05848974231064993,0.07198568818711983,0.01878396527287975,0.2845673645970174,0.09288922255749407,0.22075652926623637,0.09535876845073725,0.13202416397139236,0.006110280087475306,0.016723898438917105,0.000279688778995214,0.36536218572438034
0.001,457,63.24554099807593,-0.279676558435039,0.025144555386472974,0.0,0.05848974231064993,0.07198568818711983,0.01878396527287975,0.2845673645970174,0.09288922255749407,0.22075652926623637,0.09535876845073725,0.13202416397139236,0.006110280087475306,0.016723898438917105,0.000279688778995214,0.36536218572438034
0.001,458,63.24554099807593,-0.279676558435039,0.025144555386472974,0.0,0.05848974231064993,0.07198568818711983,0.01878396527287975,0.2845673645970174,0.09288922255749407,0.22075652926623637,0.09535876845073725,0.13202416397139236,0.006110280087475306,0.016723898438917105,0.000279688778995214,0.36536218572438034
0.001,459,63.24554099807593,-0.279676558435039,0.025144555386472974,0.0,0.05848974231064993,0.07198568818711983,0.01878396527287975,0.2845673645970174,0.09288922255749407,0.22075652926623637,0.09535876845073725,0.13202416397139236,0.006110280087475306,0.016723898438917105,0.000279688778995214,0.36536218572438034
0.001,460,63.24554099807593,-0.279676558435039,0.025144555386472974,0.0,0.05848974231064993,0.07198568818711983,0.01878396527287975,0.2845673645970174,0.09288922255749407,0.22075652926623637,0.09535876845073725,0.13202416397139236,0.006110280087475306,0.016723898438917105,0.000279688778995214,0.36536218572438034
0.001,461,63.24554099807593,-0.279676558435039,0.025144555386472974,0.0,0.05848974231064993,0.07198568818711983,0.01878396527287975,0.2845673645970174,0.09288922255749407,0.22075652926623637,0.09535876845073725,0.13202416397139236,0.006110280087475306,0.016723898438917105,0.000279688778995214,0.36536218572438034
0.001,462,63.24554099807593,-0.2796765584344024,0.025144468911823984,0.0,0.05848940896582053,0.07198516808785808,0.01878404324389137,0.2845680622755203,0.09288977112188916,0.22075835142204286,0.09535776856740177,0.13202295740375194,0.006110278272340961,0.016723898438789537,0.0002796887789909471,0.36536207719180686
0.001,463,63.24554099807593,-0.2796765584344024,0.025144468911823984,0.0,0.05848940896582053,0.07198516808785808,0.01878404324389137,0.2845680622755203,0.09288977112188916,0.22075835142204286,0.09535776856740177,0.13202295740375194,0.006110278272340961,0.016723898438789537,0.0002796887789909471,0.36536207719180686
0.001,464,63.24554099807593,-0.2796765584344024,0.025144468911823984,0.0,0.05848940896582053,0.07198516808785808,0.01878404324389137,0.2845680622755203,0.09288977112188916,0.22075835142204286,0.09535776856740177,0.13202295740375194,0.006110278272340961,0.016723898438789537,0.0002796887789909471,0.36536207719180686
0.001,465,63.24554099807593,-0.2796765584344024,0.025144468911823984,0.0,0.05848940896582053,0.07198516808785808,0.01878404324389137,0.2845680622755203,0.09288977112188916,0.22075835142204286,0.09535776856740177,0.13202295740375194,0.006110278272340961,0.016723898438789537,0.0002796887789909471,0.36536207719180686
0.001,466,63.24554099807593,-0.27967655843299855,0.0251445714576031,0.0,0.05848929259045248,0.07198504320133015,0.01878405229224957,0.284568302401586,0.09289004284966458,0.22075862203061233,0.0953575981554873,0.1320224750210145,0.006110280398211479,0.01672389843887468,0.000279688778993795,0.3653622043056743
0.001,467,63.24554099807593,-0.2796765584068708,0.025144318613770842,0.0,0.0584889165740217,0.07198470315623402,0.018785428643257534,0.2845703483999907,0.09288978572107913,0.22075837073948074,0.09535698773143504,0.13202114042073024,0.0061102852174832415,0.016723898438381696,0.0002796887789773058,0.36536249248321245
0.001,468,63.24554099807593,-0.2796765583875723,0.025144628506737637,0.0,0.058489029233071956,0.07198475348436856,0.018785313445588852,0.2845703598157319,0.09289014895999957,0.22075842225343537,0.0953566821643629,0.13202066213670313,0.006110292884681075,0.016723898438263184,0.0002796887789733417,0.36536295094337123
0.001,469,63.24554099807593,-0.2796765583760761,0.025144533491428738,0.0,0.058488691261763565,0.07198470639344233,0.01878567075857093,0.28457229944090234,0.09289029053646776,0.22075831358280212,0.0953561061765723,0.1320193883580499,0.006110299368518057,0.016723898438307173,0.0002796887789748131,0.3653633386413075
0.001,470,63.24554099807593,-0.2796765583602306,0.025144961960862553,0.0,0.058488893096405724,0.07198473142842242,0.018786284484674752,0.28457259527843776,0.09289043110959712,0.22075782435034064,0.09535565948192178,0.13201861880933724,0.006110313330615075,0.016723898438668294,0.0002796887789868918,0.3653641734924117
0.001,471,63.24554099807593,-0.2796765583496612,0.025144900225609855,0.0,0.058488685080156665,0.07198472090915521,0.018786055314335453,0.28457393671528874,0.09289080924571286,0.22075844716260623,0.09535487661312723,0.13201756873400775,0.006110317469325039,0.016723898438599772,0.00027968877898459986,0.3653644209667081
0.001,472,63.24554099807593,-0.2796765583340621,0.025145062443360965,0.0,0.058489019423438704,0.07198501104571842,0.018785953626648092,0.2845738217441778,0.092890737890274,0.2207581836774576,0.09535455660887468,0.1320176535400498,0.006110324069849498,0.016723898438528076,0.0002796887789822018,0.3653648156444609
0.001,473,63.24554099807593,-0.2796765583166817,0.025145398821562685,0.0,0.058489269353619255,0.07198509383019257,0.018785787049540276,0.28457379535686395,0.09289113340590109,0.2207586201336603,0.09535382894735371,0.13201707310130625,0.0061103335515679,0.016723898438575406,0.00027968877898378486,0.3653653825996564
0.001,474,63.24554099807593,-0.2796765582996467,0.025145635020743986,0.0,0.05848977037014646,0.07198543988024929,0.018785670779963615,0.2845731668244933,0.09289099212992717,0.22075828432296513,0.09535357438938825,0.1320174662821228,0.0061103405023768785,0.016723898438481724,0.00027968877898065146,0.36536579822303705
0.001,475,63.24554099807593,-0.2796765582824338,0.025145806516839175,0.0,0.05849005160548215,0.07198531603740951,0.01878590970068138,0.28457240251952315,0.09289106218315432,0.22075877424339244,0.0953531880622085,0.13201748913130937,0.006110342934386084,0.016723898438112526,0.00027968877896830256,0.36536594365229247
0.001,476,63.24554099807593,-0.2796765582692637,0.025146113638754974,0.0,0.05849058259943849,0.07198570406082612,0.018785671892494183,0.28457176399024214,0.09289101708643399,0.22075847795740816,0.09535286382624196,0.13201780494816004,0.006110351472088625,0.016723898438229284,0.00027968877897220786,0.3653664541588537
0.001,477,63.24554099807593,-0.2796765582598197,0.025146246969927788,0.0,0.05849090214835791,0.07198578143118466,0.01878578467015267,0.28457106796953746,0.09289090190741836,0.2207584461788579,0.0953527355792227,0.1320181331453405,0.006110353934532595,0.016723898438094173,0.00027968877896768874,0.36536660140283184
0.001,478,63.24554099807593,-0.2796765582479713,0.025146359113788864,0.0,0.05849115847594099,0.07198611909321179,0.018785265877573395,0.2845708764737836,0.09289095089091198,0.22075828634935626,0.09535260596770583,0.13201837775772735,0.00611035754596353,0.016723898437955884,0.0002796887789630632,0.3653668173501765
0.001,479,63.24554099807593,-0.27967655823738,0.025146464992397914,0.0,0.058491388959376424,0.07198624952709695,0.0187853810241487,0.2845707226593592,0.09289085514227519,0.22075808147901052,0.09535241307076352,0.1320184431455716,0.006110361768725014,0.01672389843789173,0.00027968877896091747,0.3653670698502105
0.001,480,63.24554099807593,-0.27967655822854665,0.025146419943262124,0.0,0.05849144239352798,0.07198651364067468,0.018784595675838584,0.28457065519469477,0.0928909868086709,0.22075816295169548,0.09535247616668789,0.1320187472249476,0.006110360081181593,0.01672389843752673,0.000279688778948709,0.3653669689520815
0.001,481,63.24554099807593,-0.2796765582199643,0.025146380713871354,0.0,0.058491478067427646,0.07198655100582925,0.018784610534954536,0.28457065709117124,0.09289091682147485,0.22075807924089524,0.09535248541566332,0.13201884110871265,0.006110359785968498,0.01672389843725249,0.0002796887789395362,0.365366951305903
0.001,482,63.24554099807593,-0.27967655820937465,0.025146272225352307,0.0,0.05849134177904767,0.07198639978513686,0.018784691455696462,0.2845706721222416,0.09289093697864945,0.2207582165580817,0.09535262640209637,0.13201884269369762,0.006110356123201103,0.016723898436716872,0.00027968877892162105,0.36536673230363437
0.001,483,63.24554099807593,-0.2796765582007315,0.025146214750190923,0.0,0.0584912651832175,0.07198629603753218,0.018784752370523013,0.28457066066274667,0.0928909649688411,0.22075832792188585,0.09535269249776816,0.13201882560729453,0.00611035403591282,0.016723898436333658,0.00027968877890880334,0.36536660750329086
0.001,484,63.24554099807593,-0.27967655819174964,0.02514608668468537,0.0,0.05849108707991322,0.07198590789861732,0.01878565139933341,0.28457077313423845,0.0928907597935912,0.22075827779066168,0.0953528196204668,0.1320186365984925,0.006110351151844596,0.01672389843589267,0.0002796887788940533,0.3653664350610154
0.001,485,63.24554099807593,-0.2796765581843065,0.025146059455467003,0.0,0.058490976176876125,0.07198591392172654,0.01878506768216907,0.28457068322526996,0.09289105503819353,0.22075865480705115,0.09535292115034966,0.13201866854289693,0.00611034790073485,0.016723898435475743,0.000279688778880108,0.36536624067108725
0.001,486,63.24554099807593,-0.2796765581787626,0.025146025784490905,0.0,0.05849089711378361,0.07198579009343513,0.018785214095868915,0.2845706933533401,0.09289107749597968,0.220758733624121,0.09535297413664733,0.13201859430233343,0.006110346510332437,0.016723898435226852,0.0002796887788717832,0.36536615753787033
0.001,487,63.24554099807593,-0.2796765581746656,0.025146000531258827,0.0,0.058490837816464206,0.07198569722221655,0.018785323906143795,0.2845707009493927,0.09289109433931926,0.2207587927369233,0.09535301387637056,0.13201853862191076,0.006110345467530625,0.01672389843504201,0.0002796887788656006,0.36536609518791757
0.001,488,63.24554099807593,-0.2796765581702264,0.025145953890135093,0.0,0.058490731881509266,0.07198556908041946,0.01878540331037805,0.2845707150072292,0.09289114461647242,0.2207589137915461,0.095353095846398,0.1320184725759125,0.006110343414095975,0.01672389843478651,0.00027968877885705464,0.3653659724090508
0.001,489,63.24554099807593,-0.2796765581645133,0.025145879921929796,0.0,0.05849056778048849,0.0719854134904785,0.018785409415973134,0.28457075597008996,0.09289124392448973,0.22075909688486525,0.09535323531168022,0.13201839730000495,0.006110340164426499,0.01672389843442139,0.0002796887788448422,0.36536577810411125
0.001,490,63.24554099807593,-0.27967655816038395,0.025145824445775823,0.0,0.0584904447047229,0.07198529679802279,0.018785413995169448,0.2845707866922355,0.09289131840550272,0.2207592342048546,0.09535333991064188,0.13201834084307426,0.006110337727174391,0.016723898434152198,0.0002796887788358383,0.36536563237530506
0.001,491,63.24554099807593,-0.2796765581554474,0.025145772910980125,0.0,0.05849032512614156,0.07198525254784474,0.018785267665197836,0.28457089739920644,0.0928914233646741,0.2207593221097508,0.09535344778393672,0.1320182910922678,0.00611033572708802,0.016723898433885012,0.00027968877882690157,0.3653655127866362
0.001,492,63.24554099807593,-0.2796765581500878,0.025145726459893804,0.0,0.0584902136020725,0.07198527052562326,0.018785000555547358,0.28457107117936725,0.09289155007868516,0.22075936799768053,0.09535355165641626,0.1320182479447137,0.006110334174079484,0.016723898433631913,0.00027968877881843595,0.3653654199305316
0.001,493,63.24554099807593,-0.27967655814464104,0.025145682240242405,0.0,0.05849010412316069,0.07198532759480829,0.018784652463471448,0.28457128779234164,0.09289169299061585,0.2207593868720035,0.09535365734193695,0.1320182085814193,0.006110332859582804,0.01672389843339047,0.0002796887788103602,0.36536534133591025
0.001,494,63.24554099807593,-0.27967655813912,0.02514573305514208,0.0,0.05849012818171442,0.07198526428416005,0.018784608482986107,0.28457121404692476,0.09289184165668009,0.22075972536947944,0.0953534451885625,0.1320180397343506,0.006110333627927456,0.01672389843327135,0.0002796887788063759,0.3653653872814281
0.001,495,63.24554099807593,-0.2796765581331105,0.02514577863260548,0.0,0.058490140139567916,0.07198524261641531,0.018784457599252926,0.2845712042677222,0.09289201517492517,0.22076003106233108,0.09535325486274959,0.1320178756444304,0.006110334411492372,0.016723898433138533,0.0002796887788019335,0.3653654341373359
0.001,496,63.24554099807593,-0.2796765581259681,0.025145863880675606,0.0,0.05849019590718639,0.07198520216059533,0.018784319511913422,0.28457112940253443,0.09289223725610941,0.22076048384136418,0.0953529288534926,0.13201763918612866,0.006110336124571649,0.016723898433027427,0.00027968877879821726,0.36536553657277454
0.001,497,63.24554099807593,-0.2796765581206246,0.02514591251432908,0.0,0.05849024864024612,0.07198517909772961,0.018784223368177446,0.28457105542242717,0.09289237351236068,0.22076081571167697,0.09535268751295939,0.13201750422009367,0.00611033712856859,0.016723898432927705,0.00027968877879488177,0.36536559660861967
0.001,498,63.24554099807593,-0.2796765581121551,0.025145930625112504,0.0,0.058490291111104833,0.0719850516353406,0.01878460961641222,0.2845705672464281,0.09289221838407878,0.22076056749748568,0.09535298563219013,0.13201777825184718,0.006110335567988637,0.016723898432581173,0.00027968877878329105,0.3653655033018258
0.001,499,63.24554099807593,-0.2796765581060352,0.025145942210930562,0.0,0.05849029408191493,0.0719850568281393,0.018784522966278916,0.2845704960428558,0.0928922725955325,0.22076059106173943,0.09535301917895925,0.13201780503364932,0.006110335307895281,0.016723898432382655,0.00027968877877665096,0.3653654877539663
0.001,500,63.24554099807593,-0.27967655810167497,0.025145935332774035,0.0,0.058490356665544085,0.07198490531780788,0.018785080807144028,0.284569939560294,0.09289199779732468,0.22076025641775246,0.09535335900626979,0.13201816909508896,0.006110333279910835,0.016723898432131033,0.0002796887787682348,0.36536536649680124
0.001,501,63.24554099807593,-0.27967655809751263,0.02514592262522305,0.0,0.0584903827543114,0.071984829228324,0.01878537457673262,0.2845695947716761,0.09289183157909033,0.22075999175040875,0.09535363620993065,0.13201843650430312,0.006110331650274784,0.016723898431909145,0.00027968877876081316,0.36536526905809774
0.001,502,63.24554099807593,-0.27967655809233766,0.02514632337140749,0.0,0.05849073776563361,0.07198593486469658,0.018781806984538366,0.2845690746763882,0.09289306907375112,0.2207607223113465,0.09535342417787743,0.13201890677436087,0.0061103362638529266,0.016723898432030294,0.00027968877876486536,0.3653655449228369
0.001,503,63.24554099807593,-0.2796765580816364,0.025146430891987103,0.0,0.058490913207113374,0.07198605520920802,0.018781458920300174,0.2845681793088278,0.09289310195750715,0.22076049722524957,0.09535383827563082,0.1320195250041759,0.00611033470295254,0.016723898431617024,0.0002796887787510423,0.36536545159834094
0.001,504,63.24554099807593,-0.27967655807441094,0.025146511349288678,0.0,0.058491044513175994,0.07198614564053094,0.018781197561295277,0.28456750905888756,0.09289312641925561,0.22076032795508377,0.09535414860032788,0.13201998890215444,0.00611033353125246,0.01672389843133094,0.0002796887787414735,0.36536538154317055
0.001,505,63.24554099807593,-0.2796765580694225,0.0251465715705328,0.0,0.05849114280989386,0.07198621357897911,0.01878100133542953,0.28456700721943406,0.0928931446319128,0.2207602006996179,0.09535438117858955,0.13202033697561028,0.0061103326517962,0.01672389843112921,0.00027968877873472606,0.3653653289607802
0.001,506,63.24554099807593,-0.27967655806599295,0.025146616736465906,0.0,0.05849121653243229,0.07198626453281526,0.018780854166030227,0.28456663083984407,0.09289315829140571,0.22076010525801862,0.09535455561228585,0.13202059803070218,0.0061103319922040066,0.016723898430987236,0.00027968877872997736,0.3653652895237839
0.001,507,63.24554099807593,-0.27967655806323816,0.02514665025832906,0.0,0.058491271294787026,0.0719863030811528,0.018780743190546224,0.28456635101131744,0.09289316814890748,0.22076003279966436,0.09535468595889318,0.1320207942564024,0.006110331495536825,0.016723898430875177,0.0002796887787262292,0.36536525982818147
0.001,508,63.24554099807593,-0.2796765580609319,0.02514667506612947,0.0,0.058491311865524614,0.07198633230743373,0.018780659392729344,0.2845661434638037,0.09289317517576541,0.22075997762598604,0.09535478326596389,0.13202094183666385,0.00611033112116967,0.01672389843078384,0.0002796887787231742,0.3653652374450161
0.001,509,63.24554099807593,-0.2796765580592574,0.02514669367197977,0.0,0.058491342293577796,0.07198635422714442,0.01878059654436668,0.28456598780316833,0.09289318044590884,0.22075993624572723,0.0953548562462669,0.13202105252185992,0.006110330840394302,0.016723898430716987,0.00027968877872093815,0.3653652206576059
0.001,510,63.24554099807593,-0.2796765580571786,0.02514655654612995,0.0,0.05849120627558775,0.07198598069401926,0.018781739582038916,0.2845662141422036,0.09289280718757634,0.2207597717062252,0.09535488615215895,0.13202083771406,0.006110329276203056,0.01672389843056131,0.000279688778715731,0.3653651271307065
0.001,511,63.24554099807593,-0.27967655805689257,0.025146473328584495,0.0,0.058491124848769394,0.07198575158206834,0.018782441222224777,0.2845663398277535,0.09289257639669936,0.22075966547385006,0.09535491167973405,0.13202071564031598,0.006110328279266336,0.016723898430493146,0.0002796887787134511,0.36536506752069275
0.001,512,63.24554099807593,-0.27967655805689257,0.025146473328584495,0.0,0.058491124848769394,0.07198575158206834,0.018782441222224777,0.2845663398277535,0.09289257639669936,0.22075966547385006,0.09535491167973405,0.13202071564031598,0.006110328279266336,0.016723898430493146,0.0002796887787134511,0.36536506752069275
0.001,513,63.24554099807593,-0.27967655805689257,0.025146473328584495,0.0,0.058491124848769394,0.07198575158206834,0.018782441222224777,0.2845663398277535,0.09289257639669936,0.22075966547385006,0.09535491167973405,0.13202071564031598,0.006110328279266336,0.016723898430493146,0.0002796887787134511,0.36536506752069275
0.001,514,63.24554099807593,-0.27967655805689257,0.025146473328584495,0.0,0.058491124848769394,0.07198575158206834,0.018782441222224777,0.2845663398277535,0.09289257639669936,0.22075966547385006,0.09535491167973405,0.13202071564031598,0.006110328279266336,0.016723898430493146,0.0002796887787134511,0.36536506752069275
0.001,515,63.24554099807593,-0.2796765580564934,0.025146532918665004,0.0,0.05849118595474013,0.07198590905192404,0.01878196002710192,0.28456622062401987,0.09289273103899527,0.22075972644109484,0.09535491149644587,0.13202082244701305,0.006110328877110693,0.01672389843051696,0.00027968877871424765,0.365365103268079
0.001,516,63.24554099807593,-0.2796765580564934,0.025146532918665004,0.0,0.05849118595474013,0.07198590905192404,0.01878196002710192,0.28456622062401987,0.09289273103899527,0.22075972644109484,0.09535491149644587,0.13202082244701305,0.006110328877110693,0.01672389843051696,0.00027968877871424765,0.365365103268079
0.001,517,63.24554099807593,-0.2796765580564934,0.025146532918665004,0.0,0.05849118595474013,0.07198590905192404,0.01878196002710192,0.28456622062401987,0.09289273103899527,0.22075972644109484,0.09535491149644587,0.13202082244701305,0.006110328877110693,0.01672389843051696,0.00027968877871424765,0.365365103268079
0.001,518,63.24554099807593,-0.2796765580564934,0.025146532918665004,0.0,0.05849118595474013,0.07198590905192404,0.01878196002710192,0.28456622062401987,0.09289273103899527,0.22075972644109484,0.09535491149644587,0.13202082244701305,0.006110328877110693,0.01672389843051696,0.00027968877871424765,0.365365103268079
0.001,519,63.24554099807593,-0.2796765580564934,0.025146532918665004,0.0,0.05849118595474013,0.07198590905192404,0.01878196002710192,0.28456622062401987,0.09289273103899527,0.22075972644109484,0.09535491149644587,0.13202082244701305,0.006110328877110693,0.01672389843051696,0.00027968877871424765,0.365365103268079
0.001,520,63.24554099807593,-0.2796765580564934,0.025146532918665004,0.0,0.05849118595474013,0.07198590905192404,0.01878196002710192,0.28456622062401987,0.09289273103899527,0.22075972644109484,0.09535491149644587,0.13202082244701305,0.006110328877110693,0.01672389843051696,0.00027968877871424765,0.365365103268079
0.001,521,63.24554099807593,-0.2796765580564934,0.025146532918665004,0.0,0.05849118595474013,0.07198590905192404,0.01878196002710192,0.28456622062401987,0.09289273103899527,0.22075972644109484,0.09535491149644587,0.13202082244701305,0.006110328877110693,0.01672389843051696,0.00027968877871424765,0.365365103268079
0.001,522,63.24554099807593,-0.2796765580564809,0.02514649796161994,0.0,0.058491146936459334,0.07198582081584963,0.01878222803842215,0.28456630907478997,0.09289264687826643,0.22075969566322093,0.09535490438352241,0.13202075024784915,0.0061103285794668095,0.01672389843049879,0.00027968877871363985,0.3653650854709579
0.001,523,63.24554099807593,-0.27967655805646596,0.02514652807717375,0.0,0.05849118031646521,0.07198589620524698,0.01878199805313294,0.2845662320906289,0.09289271937437758,0.220759722249438,0.0953549111154373,0.13202081251809944,0.006110328829386467,0.016723898430513286,0.00027968877871412475,0.3653651004145049
0.001,524,63.24554099807593,-0.27967655805646596,0.02514652807717375,0.0,0.05849118031646521,0.07198589620524698,0.01878199805313294,0.2845662320906289,0.09289271937437758,0.220759722249438,0.0953549111154373,0.13202081251809944,0.006110328829386467,0.016723898430513286,0.00027968877871412475,0.3653651004145049
0.001,525,63.24554099807593,-0.2796765580564586,0.02514651656983268,0.0,0.05849116756175663,0.07198586739848772,0.018782085931947336,0.2845662615067573,0.09289269167316104,0.22075971209067852,0.09535490854313058,0.13202078872424816,0.006110328733890606,0.016723898430507353,0.00027968877871392635,0.3653650947044909
0.001,526,63.24554099807593,-0.2796765580564586,0.02514651656983268,0.0,0.05849116756175663,0.07198586739848772,0.018782085931947336,0.2845662615067573,0.09289269167316104,0.22075971209067852,0.09535490854313058,0.13202078872424816,0.006110328733890606,0.016723898430507353,0.00027968877871392635,0.3653650947044909
0.001,527,63.24554099807593,-0.2796765580564586,0.02514651656983268,0.0,0.05849116756175663,0.07198586739848772,0.018782085931947336,0.2845662615067573,0.09289269167316104,0.22075971209067852,0.09535490854313058,0.13202078872424816,0.006110328733890606,0.016723898430507353,0.00027968877871392635,0.3653650947044909
0.001,528,63.24554099807593,-0.2796765580564586,0.02514651656983268,0.0,0.05849116756175663,0.07198586739848772,0.018782085931947336,0.2845662615067573,0.09289269167316104,0.22075971209067852,0.09535490854313058,0.13202078872424816,0.006110328733890606,0.016723898430507353,0.00027968877871392635,0.3653650947044909
0.001,529,63.24554099807593,-0.2796765580564586,0.02514651656983268,0.0,0.05849116756175663,0.07198586739848772,0.018782085931947336,0.2845662615067573,0.09289269167316104,0.22075971209067852,0.09535490854313058,0.13202078872424816,0.006110328733890606,0.016723898430507353,0.00027968877871392635,0.3653650947044909
0.001,530,63.24554099807593,-0.2796765580564586,0.02514651656983268,0.0,0.05849116756175663,0.07198586739848772,0.018782085931947336,0.2845662615067573,0.09289269167316104,0.22075971209067852,0.09535490854313058,0.13202078872424816,0.006110328733890606,0.016723898430507353,0.00027968877871392635,0.3653650947044909
0.001,531,63.24554099807593,-0.2796765580564586,0.02514651656983268,0.0,0.05849116756175663,0.07198586739848772,0.018782085931947336,0.2845662615067573,0.09289269167316104,0.22075971209067852,0.09535490854313058,0.13202078872424816,0.006110328733890606,0.016723898430507353,0.00027968877871392635,0.3653650947044909
0.001,532,63.24554099807593,-0.27967655805645414,0.02514651209950227,0.0,0.05849116066087588,0.07198585321917599,0.018782127216569907,0.2845662772413061,0.09289268061696641,0.22075970777064377,0.09535490695990605,0.1320207742150535,0.006110328708958243,0.01672389843050573,0.000279688778713872,0.3653650932137039
0.001,533,63.24554099807593,-0.27967655805645414,0.02514651209950227,0.0,0.05849116066087588,0.07198585321917599,0.018782127216569907,0.2845662772413061,0.09289268061696641,0.22075970777064377,0.09535490695990605,0.1320207742150535,0.006110328708958243,0.01672389843050573,0.000279688778713872,0.3653650932137039
0.001,534,63.24554099807593,-0.27967655805645414,0.02514651209950227,0.0,0.05849116066087588,0.07198585321917599,0.018782127216569907,0.2845662772413061,0.09289268061696641,0.22075970777064377,0.09535490695990605,0.1320207742150535,0.006110328708958243,0.01672389843050573,0.000279688778713872,0.3653650932137039
0.001,535,63.24554099807593,-0.2796765580564311,0.02514651285177926,0.0,0.05849116234189015,0.07198585629737318,0.018782114929019593,0.28456626937046786,0.09289268397461639,0.22075971099282818,0.09535490888369415,0.1320207803583313,0.006110328680062811,0.016723898430503314,0.0002796887787137912,0.36536509148596386
0.001,536,63.24554099807593,-0.2796765580564033,0.025146499994482797,0.0,0.05849114846226944,0.07198582443111266,0.01878220645124685,0.2845662946841181,0.09289265528635064,0.22075970346269339,0.09535490866543761,0.13202075856228856,0.0061103285222286665,0.016723898430493045,0.0002796887787134478,0.3653650820485475
0.001,537,63.24554099807593,-0.2796765580563785,0.025146501726737405,0.0,0.058491150618110097,0.07198582890379948,0.018782188690713505,0.28456628425091113,0.09289266088992405,0.22075970727266064,0.09535491158414353,0.132020766063,0.006110328496323059,0.016723898430490755,0.0002796887787133711,0.3653650804995803
0.001,538,63.24554099807593,-0.2796765580563611,0.025146501984231524,0.0,0.058491151084288276,0.0719858296600877,0.018782183282674548,0.2845662791200271,0.09289266260908609,0.22075970926405067,0.09535491349089954,0.13202076950465466,0.006110328468425831,0.016723898430488566,0.00027968877871329794,0.3653650788315225
0.001,539,63.24554099807593,-0.2796765580563293,0.025146519595525756,0.0,0.05849117135097008,0.07198587452007277,0.018782042122236865,0.2845662263318693,0.09289270671969278,0.22075972777885433,0.09535492016546972,0.13202081141530816,0.006110328566757497,0.016723898430493496,0.0002796887787134628,0.3653650847111244
0.001,540,63.24554099807593,-0.27967655805625796,0.02514652215618123,0.0,0.05849117480811053,0.07198588125873306,0.018782010064770864,0.2845662048731057,0.09289271726820945,0.22075973765627335,0.09535492599503927,0.13202082591957637,0.006110328486460603,0.01672389843048656,0.0002796887787132309,0.3653650799099496
0.001,541,63.24554099807593,-0.2796765580561756,0.025146499768640588,0.0,0.058491148873466375,0.07198582300812204,0.018782175345517012,0.2845662524706199,0.0928926673820695,0.2207597249837175,0.09535492493505521,0.13202078323279196,0.006110328219410635,0.01672389843046813,0.0002796887787126144,0.3653650639421874
0.001,542,63.24554099807593,-0.27967655805607616,0.025146489074950845,0.0,0.05849113721608255,0.07198579573632546,0.01878224223554063,0.28456626170030325,0.09289264771696987,0.22075972632138177,0.09535492875888847,0.13202077123955724,0.006110328000925255,0.016723898430452095,0.00027968877871207805,0.3653650508782763
0.001,543,63.24554099807593,-0.27967655805607616,0.025146489074950845,0.0,0.05849113721608255,0.07198579573632546,0.01878224223554063,0.28456626170030325,0.09289264771696987,0.22075972632138177,0.09535492875888847,0.13202077123955724,0.006110328000925255,0.016723898430452095,0.00027968877871207805,0.3653650508782763
0.001,544,63.24554099807593,-0.2796765580560604,0.025146456372066174,0.0,0.058491099348785096,0.07198571045939582,0.018782480107563285,0.2845663266088491,0.09289257632823295,0.22075971041809833,0.09535492889682588,0.1320207114601834,0.006110327577610075,0.01672389843042631,0.0002796887787112156,0.3653650255668478
0.001,545,63.24554099807593,-0.27967655805598707,0.025146445904034496,0.0,0.05849108776376585,0.07198568336488917,0.01878254401233981,0.28456633295942785,0.09289255794287694,0.22075971319981263,0.09535493383690764,0.13202070101594557,0.006110327342855737,0.01672389843041008,0.00027968877871067276,0.36536501153014406
0.001,546,63.24554099807593,-0.27967655805593156,0.025146436380064963,0.0,0.05849107718523606,0.07198565867923289,0.018782602691660526,0.28456633932092107,0.09289254103699096,0.22075971541262393,0.09535493815077552,0.13202069114249404,0.006110327133141678,0.016723898430395883,0.00027968877871019783,0.3653649989906711
0.001,547,63.24554099807593,-0.2796765580558748,0.02514642180557191,0.0,0.058491060856672494,0.0719856207758957,0.018782694457799304,0.2845663511931187,0.09289251451190265,0.22075971763428093,0.09535494409060097,0.13202067467415737,0.0061103268263845035,0.016723898430375844,0.0002796887787095276,0.3653649806486647
0.001,548,63.24554099807593,-0.2796765580558436,0.025146410874702117,0.0,0.05849104861024983,0.0719855923483928,0.018782763282403386,0.2845663600972669,0.09289249461808642,0.22075971930052368,0.09535494854547007,0.13202066232290488,0.006110326596316624,0.016723898430361154,0.00027968877870903627,0.3653649668921525
0.001,549,63.24554099807593,-0.279676558055824,0.025146408821541337,0.0,0.05849104577552226,0.07198558604452868,0.018782776679923577,0.28456636099032634,0.09289249149406696,0.22075972085907933,0.09535494979792597,0.13202065953708567,0.00611032654222793,0.01672389843035733,0.00027968877870890844,0.3653649636580204
0.001,550,63.24554099807593,-0.2796765580557747,0.025146411146880147,0.0,0.05849104808891281,0.07198559124623176,0.018782757142910056,0.28456635183717266,0.09289249822650011,0.22075972497924662,0.09535495162748625,0.13202066570465973,0.0061103265359576265,0.016723898430355485,0.00027968877870884664,0.36536496328312995
0.001,551,63.24554099807593,-0.27967655805573544,0.025146416034130627,0.0,0.05849105278841507,0.07198560234203932,0.01878272347085192,0.28456634186757196,0.09289250948321248,0.22075972856785647,0.09535495214329683,0.13202067330262532,0.006110326588141797,0.01672389843035743,0.00027968877870891175,0.3653649664034227
0.001,552,63.24554099807593,-0.2796765580556567,0.025146498175623123,0.0,0.058491144556956504,0.07198581757795207,0.018782131281742484,0.28456620530565907,0.09289268878853768,0.2207597644552626,0.09535494260646009,0.1320208072518062,0.006110327779196488,0.016723898430426296,0.00027968877871121514,0.3653650376206413
0.001,553,63.24554099807593,-0.2796765580555868,0.0251464614936357,0.0,0.058491102905295446,0.07198571994968456,0.018782396527188928,0.28456626407034524,0.09289260947714456,0.22075975012606033,0.09535494801118616,0.13202074743945896,0.006110327226352965,0.016723898430391147,0.0002796887787100395,0.36536500456431276
0.001,554,63.24554099807593,-0.2796765580555868,0.0251464614936357,0.0,0.058491102905295446,0.07198571994968456,0.018782396527188928,0.28456626407034524,0.09289260947714456,0.22075975012606033,0.09535494801118616,0.13202074743945896,0.006110327226352965,0.016723898430391147,0.0002796887787100395,0.36536500456431276
0.001,555,63.24554099807593,-0.2796765580555868,0.0251464614936357,0.0,0.058491102905295446,0.07198571994968456,0.018782396527188928,0.28456626407034524,0.09289260947714456,0.22075975012606033,0.09535494801118616,0.13202074743945896,0.006110327226352965,0.016723898430391147,0.0002796887787100395,0.36536500456431276
0.001,556,63.24554099807593,-0.2796765580555868,0.0251464614936357,0.0,0.058491102905295446,0.07198571994968456,0.018782396527188928,0.28456626407034524,0.09289260947714456,0.22075975012606033,0.09535494801118616,0.13202074743945896,0.006110327226352965,0.016723898430391147,0.0002796887787100395,0.36536500456431276
0.001,557,63.24554099807593,-0.2796765580555868,0.0251464614936357,0.0,0.058491102905295446,0.07198571994968456,0.018782396527188928,0.28456626407034524,0.09289260947714456,0.22075975012606033,0.09535494801118616,0.13202074743945896,0.006110327226352965,0.016723898430391147,0.0002796887787100395,0.36536500456431276
0.001,558,63.24554099807593,-0.2796765580555868,0.0251464614936357,0.0,0.058491102905295446,0.07198571994968456,0.018782396527188928,0.28456626407034524,0.09289260947714456,0.22075975012606033,0.09535494801118616,0.13202074743945896,0.006110327226352965,0.016723898430391147,0.0002796887787100395,0.36536500456431276
0.001,559,63.24554099807593,-0.2796765580555868,0.0251464614936357,0.0,0.058491102905295446,0.07198571994968456,0.018782396527188928,0.28456626407034524,0.09289260947714456,0.22075975012606033,0.09535494801118616,0.13202074743945896,0.006110327226352965,0.016723898430391147,0.0002796887787100395,0.36536500456431276
0.001,560,63.24554099807593,-0.2796765580555868,0.0251464614936357,0.0,0.058491102905295446,0.07198571994968456,0.018782396527188928,0.28456626407034524,0.09289260947714456,0.22075975012606033,0.09535494801118616,0.13202074743945896,0.006110327226352965,0.016723898430391147,0.0002796887787100395,0.36536500456431276
0.001,561,63.24554099807593,-0.2796765580555868,0.0251464614936357,0.0,0.058491102905295446,0.07198571994968456,0.018782396527188928,0.28456626407034524,0.09289260947714456,0.22075975012606033,0.09535494801118616,0.13202074743945896,0.006110327226352965,0.016723898430391147,0.0002796887787100395,0.36536500456431276
0.001,562,63.24554099807593,-0.2796765580555715,0.025146478015949162,0.0,0.0584911212034213,0.07198576294024431,0.01878227529544385,0.28456623385287405,0.0928926466161937,0.2207597591689352,0.09535494717914465,0.13202077572779378,0.006110327444019051,0.016723898430403707,0.00027968877871045955,0.36536501757931034
0.001,563,63.24554099807593,-0.2796765580555715,0.025146478015949162,0.0,0.0584911212034213,0.07198576294024431,0.01878227529544385,0.28456623385287405,0.0928926466161937,0.2207597591689352,0.09535494717914465,0.13202077572779378,0.006110327444019051,0.016723898430403707,0.00027968877871045955,0.36536501757931034
0.001,564,63.24554099807593,-0.2796765580555425,0.025146461789568114,0.0,0.05849110281076459,0.07198572075040256,0.018782390684746856,0.2845662618486317,0.09289261190986252,0.22075975279779622,0.09535494863031688,0.13202074877791062,0.0061103272093966324,0.01672389843038881,0.0002796887787099613,0.36536500355046553
0.001,565,63.24554099807593,-0.2796765580555425,0.025146461789568114,0.0,0.05849110281076459,0.07198572075040256,0.018782390684746856,0.2845662618486317,0.09289261190986252,0.22075975279779622,0.09535494863031688,0.13202074877791062,0.0061103272093966324,0.01672389843038881,0.0002796887787099613,0.36536500355046553
0.001,566,63.24554099807593,-0.2796765580555261,0.025146462797099606,0.0,0.05849110373310827,0.07198572308760805,0.01878238215049347,0.28456625847053163,0.09289261486397551,0.22075975447556523,0.0953549492639141,0.13202075115770412,0.00611032720919146,0.016723898430388306,0.00027968877870994445,0.36536500353820833
0.001,567,63.24554099807593,-0.2796765580555125,0.02514646356305945,0.0,0.05849110443224061,0.0719857250945903,0.018782375612966716,0.28456625688439924,0.09289261705636347,0.2207597555231942,0.09535494930467188,0.13202075252851403,0.006110327214963252,0.016723898430388243,0.0002796887787099424,0.3653650038833321
0.001,568,63.24554099807593,-0.27967655805548697,0.025146452617263053,0.0,0.05849109177608502,0.07198569637446599,0.01878245204132534,0.2845662743352052,0.09289259447553504,0.2207597525217616,0.09535495092342892,0.13202073493492983,0.006110327042755348,0.016723898430377186,0.00027968877870957246,0.36536499358645874
0.001,569,63.24554099807593,-0.279676558055472,0.025146466605652406,0.0,0.058491107280304155,0.07198573245679153,0.01878235083832533,0.2845662490543749,0.09289262550225191,0.22075975981923796,0.09535495001056095,0.13202075843250094,0.00611032723112139,0.016723898430388,0.00027968877870993426,0.36536500484950796
0.001,570,63.24554099807593,-0.2796765580554495,0.025146468672453383,0.0,0.058491109259646054,0.07198573739968328,0.0187823343655123,0.2845662436623317,0.09289263108989054,0.22075976258045998,0.09535495051117834,0.13202076245884442,0.0061103272427200355,0.01672389843038802,0.0002796887787099349,0.3653650055430447
0.001,571,63.24554099807593,-0.2796765580554315,0.025146476549222425,0.0,0.058491117682271984,0.07198575724311859,0.01878227598702582,0.28456622754255273,0.09289264954776891,0.22075976841967168,0.09535495071438434,0.1320207763139834,0.006110327331391606,0.016723898430392785,0.0002796887787100943,0.3653650108450279
0.001,572,63.24554099807593,-0.2796765580554227,0.025146482456799214,0.0,0.058491123999241446,0.0719857721256951,0.018782232203160967,0.28456621545271854,0.0928926633911777,0.22075977279908052,0.09535495086678886,0.13202078670533768,0.006110327397895285,0.0167238984303965,0.0002796887787102185,0.36536501482151235
0.001,573,63.24554099807593,-0.27967655805539543,0.025146485906080016,0.0,0.05849112734955726,0.07198578039085185,0.01878220493500224,0.28456620646964986,0.09289267257875417,0.22075977719743187,0.09535495171098414,0.13202079346168855,0.006110327418291086,0.016723898430396903,0.00027968877871023203,0.3653650160410638
0.001,574,63.24554099807593,-0.27967655805525166,0.02514645775963506,0.0,0.05849109475803041,0.0719857051922847,0.0187823973849913,0.2845662421643509,0.0928926168393734,0.2207597745307759,0.09535495894581067,0.13202075242474762,0.006110326912808006,0.01672389843036238,0.00027968877870907725,0.36536498581662374
0.001,575,63.24554099807593,-0.27967655805519,0.025146424664455318,0.0,0.05849105654211889,0.07198561696425572,0.01878262450142506,0.2845662852249442,0.09289255079974133,0.2207597704963995,0.09535496706995106,0.13202070373670888,0.006110326327659423,0.016723898430325547,0.0002796887787078453,0.36536495082866155
0.001,576,63.24554099807593,-0.27967655805519,0.025146424664455318,0.0,0.05849105654211889,0.07198561696425572,0.01878262450142506,0.2845662852249442,0.09289255079974133,0.2207597704963995,0.09535496706995106,0.13202070373670888,0.006110326327659423,0.016723898430325547,0.0002796887787078453,0.36536495082866155
0.001,577,63.24554099807593,-0.27967655805519,0.025146424664455318,0.0,0.05849105654211889,0.07198561696425572,0.01878262450142506,0.2845662852249442,0.09289255079974133,0.2207597704963995,0.09535496706995106,0.13202070373670888,0.006110326327659423,0.016723898430325547,0.0002796887787078453,0.36536495082866155
0.001,578,63.24554099807593,-0.2796765580551896,0.025146422471081238,0.0,0.058491054009337295,0.07198561111711639,0.01878263955295972,0.2845662880790535,0.09289254642316712,0.22075977022936924,0.09535496760804456,0.1320207005098709,0.006110326288879322,0.01672389843032322,0.00027968877870776737,0.365364948509869
0.001,579,63.24554099807593,-0.2796765580551896,0.025146422471081238,0.0,0.058491054009337295,0.07198561111711639,0.01878263955295972,0.2845662880790535,0.09289254642316712,0.22075977022936924,0.09535496760804456,0.1320207005098709,0.006110326288879322,0.01672389843032322,0.00027968877870776737,0.365364948509869
0.001,580,63.24554099807593,-0.2796765580551896,0.025146422471081238,0.0,0.058491054009337295,0.07198561111711639,0.01878263955295972,0.2845662880790535,0.09289254642316712,0.22075977022936924,0.09535496760804456,0.1320207005098709,0.006110326288879322,0.01672389843032322,0.00027968877870776737,0.365364948509869
0.001,581,63.24554099807593,-0.2796765580551896,0.025146422471081238,0.0,0.058491054009337295,0.07198561111711639,0.01878263955295972,0.2845662880790535,0.09289254642316712,0.22075977022936924,0.09535496760804456,0.1320207005098709,0.006110326288879322,0.01672389843032322,0.00027968877870776737,0.365364948509869
0.001,582,63.24554099807593,-0.2796765580551896,0.025146422471081238,0.0,0.058491054009337295,0.07198561111711639,0.01878263955295972,0.2845662880790535,0.09289254642316712,0.22075977022936924,0.09535496760804456,0.1320207005098709,0.006110326288879322,0.01672389843032322,0.00027968877870776737,0.365364948509869
0.001,583,63.24554099807593,-0.2796765580551896,0.025146422471081238,0.0,0.058491054009337295,0.07198561111711639,0.01878263955295972,0.2845662880790535,0.09289254642316712,0.22075977022936924,0.09535496760804456,0.1320207005098709,0.006110326288879322,0.01672389843032322,0.00027968877870776737,0.365364948509869
0.001,584,63.24554099807593,-0.2796765580551896,0.025146422471081238,0.0,0.058491054009337295,0.07198561111711639,0.01878263955295972,0.2845662880790535,0.09289254642316712,0.22075977022936924,0.09535496760804456,0.1320207005098709,0.006110326288879322,0.01672389843032322,0.00027968877870776737,0.365364948509869
0.001,585,63.24554099807593,-0.27967655805518754,0.025146457126975934,0.0,0.05849109329267293,0.07198570239082029,0.01878239694638581,0.2845662370461136,0.09289261852044374,0.22075977956522194,0.09535496128796743,0.13202075382339828,0.006110326849193427,0.01672389843035666,0.00027968877870888594,0.3653649820129358
0.001,586,63.24554099807593,-0.27967655805518754,0.025146457126975934,0.0,0.05849109329267293,0.07198570239082029,0.01878239694638581,0.2845662370461136,0.09289261852044374,0.22075977956522194,0.09535496128796743,0.13202075382339828,0.006110326849193427,0.01672389843035666,0.00027968877870888594,0.3653649820129358
0.001,587,63.24554099807593,-0.27967655805515845,0.025146419839748756,0.0,0.058491050483303844,0.07198560336392569,0.0187826553989101,0.28456628834017744,0.0928925426853195,0.2207597724686576,0.09535496960612436,0.13202069781383255,0.006110326213732568,0.016723898430317793,0.00027968877870758593,0.3653649440166122
0.001,588,63.24554099807593,-0.27967655805515845,0.025146419839748756,0.0,0.058491050483303844,0.07198560336392569,0.0187826553989101,0.28456628834017744,0.0928925426853195,0.2207597724686576,0.09535496960612436,0.13202069781383255,0.006110326213732568,0.016723898430317793,0.00027968877870758593,0.3653649440166122
0.001,589,63.24554099807593,-0.27967655805515845,0.025146419839748756,0.0,0.058491050483303844,0.07198560336392569,0.0187826553989101,0.28456628834017744,0.0928925426853195,0.2207597724686576,0.09535496960612436,0.13202069781383255,0.006110326213732568,0.016723898430317793,0.00027968877870758593,0.3653649440166122
0.001,590,63.24554099807593,-0.27967655805504354,0.02514649736340056,0.0,0.058491137205942415,0.07198580777756187,0.01878208240394213,0.2845661495390026,0.09289271699447246,0.22075981398561978,0.09535496385918146,0.1320208308708766,0.006110327258290272,0.016723898430376815,0.0002796887787095601,0.36536500647430664
0.001,591,63.24554099807593,-0.27967655805504354,0.02514649736340056,0.0,0.058491137205942415,0.07198580777756187,0.01878208240394213,0.2845661495390026,0.09289271699447246,0.22075981398561978,0.09535496385918146,0.1320208308708766,0.006110327258290272,0.016723898430376815,0.0002796887787095601,0.36536500647430664
0.001,592,63.24554099807593,-0.27967655805504354,0.02514649736340056,0.0,0.058491137205942415,0.07198580777756187,0.01878208240394213,0.2845661495390026,0.09289271699447246,0.22075981398561978,0.09535496385918146,0.1320208308708766,0.006110327258290272,0.016723898430376815,0.0002796887787095601,0.36536500647430664
0.001,593,63.24554099807593,-0.27967655805467506,0.025146435388294402,0.0,0.05849106562541983,0.07198564342543405,0.018782498875919,0.28456622438261014,0.09289259648103436,0.22075981091299002,0.09535498118959146,0.13202074371870684,0.006110326114163053,0.016723898430297385,0.00027968877870690337,0.36536493806333165
0.001,594,63.24554099807593,-0.27967655805437247,0.025146401086315277,0.0,0.05849102418434386,0.07198555082606818,0.018782705990115042,0.28456624346437914,0.09289254119915578,0.22075982778822748,0.09535499893855366,0.1320207065228415,0.006110325287720138,0.016723898430238922,0.0002796887787049479,0.36536488864772687
0.001,595,63.24554099807593,-0.2796765580543252,0.02514648778106429,0.0,0.058491121034267346,0.07198577778218222,0.018782080562920654,0.2845660982117646,0.09289273073482338,0.22075986636950456,0.09535498917664191,0.1320208483468311,0.0061103265372596145,0.016723898430312224,0.0002796887787073997,0.36536496336192703
0.001,596,63.24554099807593,-0.2796765580543252,0.02514648778106429,0.0,0.058491121034267346,0.07198577778218222,0.018782080562920654,0.2845660982117646,0.09289273073482338,0.22075986636950456,0.09535498917664191,0.1320208483468311,0.0061103265372596145,0.016723898430312224,0.0002796887787073997,0.36536496336192703
0.001,597,63.24554099807593,-0.2796765580543252,0.02514648778106429,0.0,0.058491121034267346,0.07198577778218222,0.018782080562920654,0.2845660982117646,0.09289273073482338,0.22075986636950456,0.09535498917664191,0.1320208483468311,0.0061103265372596145,0.016723898430312224,0.0002796887787073997,0.36536496336192703
0.001,598,63.24554099807593,-0.27967655805414965,0.025146382239834245,0.0,0.05849100080243399,0.0719854994552487,0.01878281107856818,0.2845662459278681,0.09289251501154377,0.22075984389487016,0.0953550115057502,0.13202069008388254,0.006110324764353749,0.016723898430200966,0.00027968877870367836,0.3653648573540352
0.001,599,63.24554099807593,-0.2796765580538711,0.025146467436284414,0.0,0.05849109521692828,0.07198572178893385,0.018782186821206054,0.28456609394742755,0.09289270600159875,0.22075988952529166,0.09535500526972683,0.13202083399260275,0.006110325912363657,0.016723898430261282,0.0002796887787056958,0.3653649259975919
0.001,600,63.24554099807593,-0.2796765580535296,0.025146447998621146,0.0,0.05849107085550726,0.07198566823048064,0.018782296183704774,0.28456609623310997,0.09289267899580324,0.2207599063145286,0.09535501847183786,0.13202081671640642,0.006110325369350594,0.016723898430218605,0.00027968877870426827,0.365364893529237
0.001,601,63.24554099807593,-0.27967655805305647,0.025146429897466765,0.0,0.058491046814130594,0.07198561715644138,0.018782380131975498,0.2845660814890878,0.0928926625747927,0.22075993621858203,0.09535503678352492,0.13202080893399837,0.006110324717697816,0.016723898430165494,0.00027968877870249186,0.365364854565034
0.001,602,63.24554099807593,-0.2796765580526805,0.025146394492369915,0.0,0.058491003589783236,0.07198552074610629,0.018782592787468005,0.2845660988712961,0.0928926066611464,0.22075995579996063,0.09535505597013966,0.13202077108172985,0.006110323843248991,0.016723898430101965,0.000279688778700367,0.3653648022790423
0.001,603,63.24554099807593,-0.2796765580524056,0.025146425303061028,0.0,0.058491036328616394,0.07198559906208461,0.018782350761587685,0.2845660246278095,0.09289268397434003,0.2207599862923929,0.09535506108689033,0.13202083256321753,0.006110324099051661,0.016723898430109043,0.0002796887787006037,0.36536481757452416
0.001,604,63.24554099807593,-0.27967655805214786,0.025146403029378643,0.0,0.058491009151283635,0.07198553840421242,0.018782484143724347,0.28456603499930794,0.09289264893133349,0.22075999884986655,0.09535507338007831,0.13202080911081457,0.00611032354505381,0.01672389843006821,0.00027968877869923795,0.3653647844492971
0.001,605,63.24554099807593,-0.2796765580518995,0.025146374723293754,0.0,0.05849097489319658,0.07198546159939789,0.018782656023175685,0.28456605039346095,0.09289260309831045,0.22076001268012532,0.09535508821380852,0.13202077837523069,0.006110322861442079,0.01672389843001991,0.0002796887786976224,0.36536474357401394
0.001,606,63.24554099807593,-0.2796765580512473,0.02514636648689048,0.0,0.05849095957291547,0.07198543300319302,0.018782653594134984,0.2845660002347316,0.09289261727264364,0.22076006234651446,0.09535511286203527,0.13202079462694113,0.006110322185348513,0.016723898429959982,0.00027968877869561797,0.36536470314853103
0.001,607,63.24554099807593,-0.2796765580507545,0.025146365440394045,0.0,0.05849095360547333,0.07198542459726347,0.01878261724421137,0.28456595602317797,0.09289263842868525,0.22076010079465355,0.09535513016985005,0.13202081369629098,0.006110321765410884,0.01672389842992014,0.0002796887786942853,0.36536467803936923
0.001,608,63.24554099807593,-0.2796765580503891,0.02514636465552172,0.0,0.05849094912989173,0.07198541829281631,0.018782589981768662,0.2845659228645127,0.09289265429571647,0.22076012963075786,0.09535514315071113,0.1320208279983034,0.006110321450457661,0.016723898429890385,0.00027968877869329,0.365364659207495
0.001,609,63.24554099807593,-0.2796765580501173,0.025146364066867474,0.0,0.05849094577320552,0.07198541356448093,0.01878256953493663,0.28456589799551374,0.09289266619598986,0.22076015125783607,0.09535515288635693,0.13202083872481268,0.0061103212142427435,0.016723898429868135,0.0002796887786925458,0.36536464508358785
0.001,610,63.24554099807593,-0.2796765580498375,0.025146353022256544,0.0,0.058490930729094136,0.07198538165283144,0.018782618703195638,0.2845658853739319,0.09289265750381091,0.22076017190274727,0.09535516558141961,0.13202083553071256,0.006110320786636983,0.016723898429834197,0.0002796887786914108,0.36536461951578364
0.001,611,63.24554099807593,-0.27967655804951985,0.025146359233873712,0.0,0.05849093463035522,0.07198539424720965,0.018782547267260766,0.284565846729362,0.09289268547930038,0.22076019860664037,0.09535517549692056,0.1320208583090774,0.006110320626798915,0.016723898429815146,0.0002796887786907735,0.3653646099587352
0.001,612,63.24554099807593,-0.27967655804928937,0.025146363892586586,0.0,0.058490937556301026,0.07198540369299329,0.01878249369030961,0.2845658177459346,0.09289270646091746,0.22076021863456016,0.09535518293354626,0.13202087539285098,0.006110320506920361,0.016723898429801085,0.0002796887786903032,0.3653646027909438
0.001,613,63.24554099807593,-0.2796765580489602,0.025146365377522795,0.0,0.058490936097437586,0.07198540394869403,0.01878245157416177,0.28456578255195214,0.09289272606713737,0.2207602464389602,0.09535519492007842,0.1320208930240558,0.0061103202437392465,0.016723898429775508,0.0002796887786894477,0.36536458705467445
0.001,614,63.24554099807593,-0.27967655804864555,0.025146367430090865,0.0,0.058490935421950586,0.071985405875632,0.0187824060729781,0.28456574717154803,0.09289274644200465,0.22076027370797977,0.09535520654346762,0.1320209113343482,0.006110319996325929,0.01672389842975131,0.00027968877868863825,0.3653645722612053
0.001,615,63.24554099807593,-0.27967655804841224,0.02514637021969033,0.0,0.0584909362919654,0.07198541055641049,0.01878236284626361,0.28456571840545986,0.09289276452010327,0.22076029483390897,0.09535521517057248,0.13202092715562563,0.006110319827579822,0.016723898429734242,0.0002796887786880674,0.3653645621714602
0.001,616,63.24554099807593,-0.27967655804810854,0.025146363598669782,0.0,0.058490925979712796,0.07198538998718038,0.01878237924535002,0.2845656975812139,0.09289276612115481,0.2207603184710985,0.09535522765389522,0.13202093136172452,0.006110319455076342,0.016723898429702885,0.00027968877868701867,0.3653645398984223
0.001,617,63.24554099807593,-0.27967655804777963,0.02514635427857526,0.0,0.05849091237671834,0.07198536209530312,0.018782411799970176,0.2845656781383726,0.09289276347918471,0.22076034362033295,0.09535524155931076,0.13202093265223208,0.006110319016257462,0.016723898429666817,0.00027968877868581217,0.36536451366017986
0.001,618,63.24554099807593,-0.27967655804753583,0.02514634728883056,0.0,0.058490902173508295,0.07198534117485043,0.01878243621663207,0.2845656635536019,0.09289276149870236,0.220760362482683,0.09535525199085891,0.13202093362033243,0.006110318687122885,0.016723898429639845,0.0002796887786849101,0.36536449398027543
0.001,619,63.24554099807593,-0.2796765580472899,0.025146339498524063,0.0,0.058490890927429734,0.07198531797926103,0.018782466094263643,0.2845656499926927,0.09289275808500347,0.2207603815114822,0.09535526264877209,0.13202093326257117,0.006110318342196056,0.016723898429611868,0.0002796887786839743,0.3653644733561005
0.001,620,63.24554099807593,-0.2796765580469219,0.025146329525925593,0.0,0.05849087567148926,0.07198528724945262,0.018782499394863404,0.2845656274362284,0.09289275677710647,0.22076041094962237,0.0953552782875406,0.13202093470777132,0.006110317850944591,0.01672389842957149,0.00027968877868262375,0.365364443982763
0.001,621,63.24554099807593,-0.27967655804664915,0.02514632204647674,0.0,0.0584908642295339,0.07198526420209632,0.018782524370313223,0.2845656105188802,0.09289275579618372,0.2207604330282275,0.095355290016617,0.13202093579167146,0.006110317482505994,0.016723898429541306,0.0002796887786816142,0.36536442195275787
0.001,622,63.24554099807593,-0.2796765580462911,0.025146322861287262,0.0,0.05849086125266726,0.07198526180195068,0.018782483417556967,0.28456557275430705,0.09289277638800812,0.22076046457763768,0.09535530349372325,0.1320209534528616,0.0061103171721855155,0.016723898429512045,0.0002796887786806355,0.3653644033978863
0.001,623,63.24554099807593,-0.2796765580459027,0.025146329465064544,0.0,0.05849086434919592,0.07198527400418325,0.018782398082776163,0.284565522134451,0.09289281118183611,0.22076050131979102,0.09535531756128576,0.13202098190141617,0.006110316917228362,0.016723898429485188,0.0002796887786797371,0.36536438815339395
0.001,624,63.24554099807593,-0.2796765580455223,0.025146335430601935,0.0,0.058490866831456184,0.07198528470008035,0.01878231571991672,0.2845654710403038,0.09289284508689127,0.22076053860405512,0.09535533221347896,0.13202101037321545,0.006110316642512749,0.01672389842945739,0.00027968877867880736,0.3653643717274716
0.001,625,63.24554099807593,-0.2796765580451487,0.02514634114347076,0.0,0.05849086906981181,0.07198529481972205,0.018782233567563283,0.2845654188154309,0.09289287901593528,0.22076057671570035,0.09535534742951722,0.1320210394228482,0.006110316352805847,0.016723898429428896,0.0002796887786778543,0.36536435440516535
0.001,626,63.24554099807593,-0.2796765580448794,0.02514634542860312,0.0,0.05849087074929808,0.07198530240871806,0.018782171955077927,0.2845653796451235,0.09289290446270944,0.22076060530132877,0.0953553588397654,0.13202106120937548,0.006110316135535842,0.016723898429407854,0.0002796887786771505,0.3653643414140366
0.001,627,63.24554099807593,-0.2796765580445442,0.025146341514472776,0.0,0.05849086278906064,0.07198528813031749,0.01878216302943742,0.28456534821183516,0.09289291513031234,0.22076063536616394,0.09535537329569478,0.13202107253270542,0.006110315748102861,0.016723898429374665,0.0002796887786760404,0.36536431824833415
0.001,628,63.24554099807593,-0.27967655804426383,0.025146337080975606,0.0,0.05849085486282281,0.07198527320399556,0.01878216397367228,0.28456532400513346,0.09289292146369918,0.22076065989615648,0.09535538544963895,0.13202108006390562,0.006110315408616855,0.016723898429345983,0.00027968877867508106,0.3653642979495068
0.001,629,63.24554099807593,-0.27967655804394964,0.025146328228447885,0.0,0.05849084176841769,0.07198524652083062,0.018782193595200378,0.2845653042512008,0.09289291968730592,0.2207606849875823,0.09535539913851841,0.1320210818224958,0.006110314979897067,0.016723898429310956,0.0002796887786739095,0.3653642723151135
0.001,630,63.24554099807593,-0.27967655804355057,0.025146312532645498,0.0,0.058490820219617705,0.07198520111662776,0.01878226304117777,0.28456528667149233,0.09289290773552757,0.22076071489573543,0.09535541695141557,0.13202107683576023,0.0061103143718338184,0.016723898429262665,0.00027968877867229423,0.3653642359572268
0.001,631,63.24554099807593,-0.27967655804325997,0.025146300760793147,0.0,0.05849080405801728,0.07198516706347644,0.018782315125660767,0.284565273486713,0.09289289877169432,0.22076073732684992,0.0953554303110876,0.13202107309570743,0.006110313915786389,0.016723898429226707,0.0002796887786710915,0.3653642086888064
0.001,632,63.24554099807593,-0.27967655804304675,0.025146291931904367,0.0,0.05849079193681739,0.07198514152361231,0.018782354189023055,0.28456526359812695,0.09289289204881904,0.22076075415018587,0.09535544033084228,0.13202107029066854,0.006110313573750813,0.01672389842919988,0.00027968877867019424,0.3653641882374879
0.001,633,63.24554099807593,-0.2796765580427526,0.025146276833139355,0.0,0.058490771873923264,0.07198509860745603,0.01878242775691871,0.28456525365640944,0.09289287703473702,0.22076077709548864,0.09535545488643903,0.13202106225548843,0.006110313049570467,0.016723898429159743,0.0002796887786688517,0.36536415689517354
0.001,634,63.24554099807593,-0.27967655804252683,0.025146276539767018,0.0,0.05849076922193798,0.071985095223333,0.018782403962723404,0.284565227541288,0.09289288956737411,0.22076079878092,0.09535546471678961,0.13202107444586675,0.006110312816021151,0.016723898429139027,0.00027968877866815886,0.3653641429306217
0.001,635,63.24554099807593,-0.27967655804229136,0.02514627223187073,0.0,0.058490761753634955,0.07198508097620908,0.018782407772666425,0.28456520697760707,0.0928928942861566,0.22076082024325083,0.09535547544044631,0.13202108031815804,0.006110312511345393,0.01672389842911377,0.00027968877866731405,0.36536412471318686
0.001,636,63.24554099807593,-0.2796765580419983,0.025146266437511663,0.0,0.05849075230946518,0.07198506256920982,0.018782414165329102,0.2845651807567864,0.09289289935093192,0.22076084697880083,0.0953554892360358,0.13202108819592914,0.006110312119706432,0.01672389842908159,0.0002796887786662377,0.36536410129596714
0.001,637,63.24554099807593,-0.27967655804178015,0.02514626398651108,0.0,0.058490747248108176,0.07198505356355359,0.0187824059975697,0.284565158456793,0.09289290714174564,0.22076086764587766,0.09535549921865931,0.1320210967411818,0.006110311856405517,0.016723898429059327,0.000279688778665493,0.365364085552462
0.001,638,63.24554099807593,-0.2796765580414719,0.025146264069962836,0.0,0.05849074409019555,0.07198505011074931,0.01878236888296485,0.2845651207573432,0.09289292586182242,0.22076089839026486,0.09535551304032086,0.13202111479637607,0.006110311534352453,0.016723898429030853,0.0002796887786645406,0.36536406629602713
0.001,639,63.24554099807593,-0.2796765580411858,0.025146254005787915,0.0,0.05849072969873339,0.0719850203527081,0.018782406252815062,0.28456510211291414,0.09289292175373699,0.2207609234599992,0.09535552716407768,0.13202111519922743,0.006110311081825758,0.01672389842899524,0.00027968877866334945,0.3653640392381205
0.001,640,63.24554099807593,-0.2796765580409733,0.025146254636872516,0.0,0.058490728143590874,0.07198501944476934,0.018782376264763832,0.28456507484886645,0.09289293604165967,0.22076094512847788,0.09535553674744103,0.13202112874355829,0.006110310865532322,0.016723898428975953,0.00027968877866270435,0.36536402630534703
0.001,641,63.24554099807593,-0.27967655804076,0.025146251579804414,0.0,0.058490722407642505,0.07198500886921796,0.018782372206615747,0.28456505334867166,0.09289294260580595,0.22076096568092088,0.09535554686843961,0.13202113643288113,0.0061103105918347165,0.01672389842895321,0.0002796887786619437,0.3653640099401857
0.001,642,63.24554099807593,-0.2796765580405392,0.025146245571664123,0.0,0.05849071325059806,0.07198499046478246,0.018782388075584886,0.2845650355880971,0.09289294341390421,0.2207609860496413,0.09535555773964122,0.13202113984608654,0.0061103102647340375,0.01672389842892705,0.00027968877866106867,0.3653639903818798
0.001,643,63.24554099807593,-0.27967655804037483,0.02514624098921295,0.0,0.05849070629865653,0.07198497646654674,0.018782400530511067,0.28456502241307785,0.09289294384929149,0.2207610012830023,0.09535556589493581,0.13202114227476522,0.006110310018433254,0.01672389842890741,0.0002796887786604117,0.3653639756548346
0.001,644,63.24554099807593,-0.27967655804025227,0.025146237552374568,0.0,0.05849070108470037,0.07198496596786995,0.018782409871705704,0.28456501253181343,0.09289294417583195,0.22076101270802304,0.09535557201140675,0.13202114409627422,0.006110309833707667,0.0167238984288927,0.0002796887786599197,0.36536396460955034
0.001,645,63.24554099807593,-0.27967655804007874,0.025146236087950885,0.0,0.058490697545324606,0.07198496000799234,0.018782398941023397,0.28456499298604415,0.09289295187252718,0.22076103009486095,0.09535558026257188,0.13202115220170466,0.006110309623130945,0.01672389842887492,0.000279688778659325,0.365363952018573
0.001,646,63.24554099807593,-0.2796765580398998,0.02514623567070934,0.0,0.058490695118065816,0.07198495670939244,0.018782379775741077,0.2845649709089251,0.09289296220122482,0.22076104852505046,0.09535558869037604,0.13202116240051487,0.006110309421179935,0.016723898428857496,0.0002796887786587422,0.36536393994335953
0.001,647,63.24554099807593,-0.2796765580397667,0.02514623535772453,0.0,0.058490693297674395,0.07198495423545018,0.01878236540193037,0.2845649543510664,0.09289296994759706,0.2207610623476485,0.09535559501118156,0.13202117004972702,0.006110309269716292,0.01672389842884446,0.0002796887786583062,0.36536393088692565
0.001,648,63.24554099807593,-0.27967655803966746,0.025146235122862504,0.0,0.05849069193194418,0.0719849523801079,0.01878235462098987,0.28456494193242127,0.09289297575737725,0.22076107271317044,0.09535559975361961,0.13202117578750697,0.006110309156108855,0.016723898428834698,0.0002796887786579797,0.3653639240940197
0.001,649,63.24554099807593,-0.27967655803947233,0.02514623643571044,0.0,0.05849069121999215,0.07198495334944201,0.018782320425218144,0.2845649142375863,0.09289299114756933,0.2207610940399933,0.09535560900369709,0.13202119014079117,0.006110308956037015,0.0167238984288169,0.0002796887786573844,0.3653639121311787
0.001,650,63.24554099807593,-0.2796765580392305,0.02514623865834137,0.0,0.058490690945521534,0.07198495603964407,0.018782273068802084,0.28456487818390336,0.09289301186337633,0.2207611213021048,0.09535562067603459,0.1320212092622718,0.006110308710475604,0.016723898428794987,0.00027968877865665147,0.3653638974483937
0.001,651,63.24554099807593,-0.27967655803901925,0.025146238243890628,0.0,0.058490688045307625,0.07198495222342388,0.018782248416450115,0.2845648505206903,0.09289302495377823,0.22076114428671187,0.0953556311607526,0.1320212221489947,0.0061103084605573284,0.01672389842877373,0.0002796887786559404,0.3653638825050771
0.001,652,63.24554099807593,-0.2796765580386623,0.025146225442025074,0.0,0.05849066970206729,0.07198491435341779,0.018782295126869963,0.28456482603684247,0.09289302008968728,0.22076117675610457,0.0953556494066812,0.13202122308630423,0.006110307878581125,0.01672389842872826,0.0002796887786544195,0.36536384770699504
0.001,653,63.24554099807593,-0.2796765580383321,0.025146211324513026,0.0,0.05849065009895009,0.07198487329199335,0.018782353736196633,0.284564806321431,0.09289301113298766,0.22076120661659265,0.09535566684432314,0.13202122063301222,0.006110307299447075,0.016723898428683756,0.000279688778652931,0.3653638130788375
0.001,654,63.24554099807593,-0.2796765580379424,0.025146198030155036,0.0,0.058490630138995414,0.07198483282349766,0.018782399069269283,0.2845647774083479,0.09289300852248411,0.22076124440067532,0.09535568720011982,0.13202122240645547,0.006110306657746015,0.016723898428633734,0.0002796887786512579,0.36536377470962667
0.001,655,63.24554099807593,-0.279676558037657,0.025146185944487788,0.0,0.05849061290900648,0.07198479711188699,0.01878244757939631,0.28456475871343895,0.09289300209552585,0.22076127202935578,0.0953557028562145,0.13202122076068737,0.006110306142826956,0.016723898428594414,0.0002796887786499427,0.36536374392107007
0.001,656,63.24554099807593,-0.2796765580373412,0.02514618259966032,0.0,0.058490605002581124,0.07198478361081545,0.018782431101870403,0.2845647226532205,0.09289301612036181,0.22076130586063145,0.09535571865897244,0.13202123439188657,0.0061103057288538,0.016723898428560216,0.0002796887786487989,0.36536371916842864
0.001,657,63.24554099807593,-0.279676558037093,0.02514618085991326,0.0,0.05849059974692778,0.07198477527041772,0.01878241163825592,0.2845646926457384,0.09289302917229131,0.220761332996276,0.09535573105691675,0.13202124661326284,0.006110305414640536,0.016723898428534008,0.0002796887786479223,0.3653637003807226
0.001,658,63.24554099807593,-0.2796765580368507,0.025146180423757304,0.0,0.05849059609500714,0.07198477050903947,0.018782383046735712,0.2845646606736519,0.09289304477473483,0.2207613602268155,0.09535574321334839,0.13202126103690964,0.006110305122794516,0.016723898428509312,0.0002796887786470963,0.36536368293042537
0.001,659,63.24554099807593,-0.2796765580366058,0.02514618093357966,0.0,0.05849059350277745,0.0719847682336678,0.01878234659448922,0.28456462602547355,0.09289306284522467,0.2207613885435462,0.09535575565509477,0.13202127766614644,0.006110304836438513,0.01672389842848487,0.0002796887786462787,0.36536366580839647
0.001,660,63.24554099807593,-0.2796765580364252,0.025146181406491656,0.0,0.05849059165849109,0.07198476675733162,0.018782318601706743,0.2845645998663894,0.09289307660002738,0.22076140983308012,0.09535576498342423,0.13202129029305754,0.006110304622829016,0.016723898428466697,0.0002796887786456709,0.365363653036084
0.001,661,63.24554099807593,-0.27967655803621705,0.025146176561190153,0.0,0.058490583543990296,0.07198475107512432,0.018782324751256192,0.28456457869036866,0.09289308080421159,0.22076143214139582,0.0953557763027525,0.13202129612971047,0.006110304298364556,0.016723898428441072,0.00027968877864481377,0.3653636336353982
0.001,662,63.24554099807593,-0.27967655803602925,0.0251461705965217,0.0,0.058490574441098425,0.07198473278013852,0.01878234153109366,0.284564562110006,0.09289308121773598,0.2207614517155697,0.09535578672952143,0.13202129887831465,0.006110303981392267,0.016723898428416505,0.00027968877864399205,0.3653636146826813
0.001,663,63.24554099807593,-0.2796765580358895,0.025146166123020355,0.0,0.05849056761392951,0.07198471905889915,0.018782354115971754,0.28456454967473394,0.09289308152787927,0.2207614663962001,0.0953557945495981,0.13202130093976777,0.0061103037436630505,0.016723898428398113,0.0002796887786433768,0.36536360046814287
0.001,664,63.24554099807593,-0.2796765580357788,0.025146162283805614,0.0,0.058490561866955795,0.07198470741108419,0.01878236608186144,0.2845645402030991,0.09289308119133637,0.22076147799676243,0.09535580081728857,0.13202130214780639,0.006110303550074074,0.016723898428383226,0.00027968877864287896,0.365363588892879
0.001,665,63.24554099807593,-0.27967655803563957,0.02514615527557888,0.0,0.05849055218555288,0.07198468706853786,0.018782396329278035,0.2845645315605184,0.09289307623218712,0.22076149197769576,0.09535580906157191,0.13202130030907905,0.006110303271873482,0.01672389842836243,0.00027968877864218333,0.36536357225842053
0.001,666,63.24554099807593,-0.27967655803553587,0.025146150023375995,0.0,0.058490544917792174,0.07198467180965555,0.018782418858176105,0.2845645249407816,0.09289307258600864,0.2207615025718098,0.09535581529274105,0.132021298999659,0.006110303062153203,0.01672389842834679,0.0002796887786416602,0.3653635597186072
0.001,667,63.24554099807593,-0.27967655803541097,0.02514614682846996,0.0,0.05849053971521254,0.07198466164535257,0.01878242376615142,0.2845645118660919,0.09289307483197155,0.22076151641049474,0.09535582241458429,0.132021302521671,0.006110302856729248,0.01672389842833077,0.0002796887786411244,0.3653635474356994
0.001,668,63.24554099807593,-0.27967655803531755,0.025146144432290435,0.0,0.05849053581327782,0.07198465402212534,0.018782427447132908,0.2845645020600746,0.09289307651644374,0.22076152678950844,0.09535582775596671,0.13202130516317997,0.006110302702661283,0.016723898428318767,0.0002796887786407229,0.3653635382235184
0.001,669,63.24554099807593,-0.27967655803522573,0.025146143945065782,0.0,0.05849053403190632,0.07198465133649493,0.018782418136382862,0.28456448966393816,0.09289308208685458,0.22076153756415184,0.09535583269566585,0.13202131053953955,0.006110302580785085,0.016723898428308733,0.00027968877864038735,0.36536353093619045
0.001,670,63.24554099807593,-0.27967655803512836,0.02514614531328523,0.0,0.05849053422257759,0.07198465336584287,0.018782395071511422,0.28456447367668686,0.09289309199214453,0.2207615496394244,0.0953558376250664,0.13202131909346065,0.00611030248089253,0.016723898428299848,0.00027968877864009017,0.3653635249633422
0.001,671,63.24554099807593,-0.27967655803505614,0.025146144092490226,0.0,0.05849053196102884,0.07198464918451468,0.018782393207548924,0.2845644648592141,0.09289309467011658,0.22076155793956734,0.09535584174134451,0.13202132234417469,0.00611030237018912,0.01672389842829107,0.0002796887786397965,0.36536351834406
0.001,672,63.24554099807593,-0.2796765580349683,0.025146142858946167,0.0,0.05849052933143072,0.07198464453648483,0.018782389679165176,0.284564454191889,0.09289309847152258,0.22076156814600456,0.09535584658815813,0.13202132619639875,0.00611030224088463,0.01672389842828071,0.00027968877863945006,0.3653635106125669
0.001,673,63.24554099807593,-0.2796765580348681,0.025146139230808193,0.0,0.05849052386098233,0.07198463347475528,0.018782401142968332,0.2845644453828624,0.09289309814504752,0.2207615790974598,0.09535585246862585,0.13202132719649032,0.006110302058537425,0.016723898428266812,0.00027968877863898515,0.3653634997094794
0.001,674,63.24554099807593,-0.27967655803479313,0.025146136840265034,0.0,0.05849052013069608,0.07198462604947067,0.018782407377445683,0.28456443824903854,0.09289309860889873,0.2207615874324127,0.0953558568336595,0.13202132847811296,0.006110301926777141,0.01672389842825669,0.00027968877863864666,0.36536349183113775
0.001,675,63.24554099807593,-0.2796765580346729,0.02514613296375309,0.0,0.058490513950364795,0.07198461381916905,0.018782418075737082,0.28456442718305175,0.09289309930633469,0.22076160087048025,0.09535586376564893,0.13202133006546027,0.006110301715387919,0.016723898428240458,0.00027968877863810364,0.3653634791915435
0.001,676,63.24554099807593,-0.27967655803458036,0.02514613022504153,0.0,0.058490509462368154,0.07198460504247108,0.01878242452434775,0.28456441823922585,0.09289310039119841,0.22076161134141795,0.09535586908141645,0.13202133169251268,0.006110301556031416,0.016723898428228162,0.0002796887786376924,0.3653634696631424
0.001,677,63.24554099807593,-0.27967655803451125,0.025146128121877883,0.0,0.05849050604386685,0.07198459833545107,0.018782429697824104,0.28456441160082646,0.09289310110104043,0.22076161917812173,0.09535587307730385,0.13202133284368742,0.006110301435732466,0.016723898428218906,0.00027968877863738276,0.3653634624701086
0.001,678,63.24554099807593,-0.27967655803443214,0.025146128242842142,0.0,0.05849050497553988,0.07198459725604903,0.018782417957792025,0.28456440015571766,0.09289310719155389,0.2207616288859827,0.09535587725145339,0.1320213380830693,0.006110301337921464,0.01672389842821069,0.000279688778637108,0.3653634566217114
0.001,679,63.24554099807593,-0.2796765580343723,0.025146128344151406,0.0,0.058490504176515704,0.07198459646328169,0.01878240896714667,0.2845643914412139,0.09289311183787369,0.22076163626322653,0.0953558804225386,0.13202134208405175,0.006110301263746629,0.016723898428204466,0.0002796887786368998,0.36536345218658756
0.001,680,63.24554099807593,-0.279676558034316,0.025146128582967383,0.0,0.05849050361149366,0.07198459612665957,0.0187823993703244,0.28456438289586194,0.09289311652861851,0.22076164327787803,0.09535588342293792,0.13202134618325853,0.006110301195560833,0.016723898428198707,0.00027968877863670714,0.36536344810956617
0.001,681,63.24554099807593,-0.2796765580342492,0.025146129113731982,0.0,0.05849050326148865,0.07198459643180587,0.018782386006205066,0.2845643721459311,0.09289312265231302,0.22076165173953682,0.09535588701782545,0.13202135163116188,0.00611030111729384,0.016723898428192028,0.0002796887786364838,0.36536344342976296
0.001,682,63.24554099807593,-0.27967655803419944,0.025146129511844903,0.0,0.05849050299904541,0.07198459666056177,0.018782375983342415,0.2845643640832855,0.09289312724507245,0.22076165808597756,0.0953558897138396,0.13202135571703022,0.006110301058594162,0.016723898428187032,0.00027968877863631666,0.3653634399199442
0.001,683,63.24554099807593,-0.279676558034161,0.025146129828800233,0.0,0.05849050280544971,0.07198459686307962,0.018782368132554888,0.284564357808776,0.09289313083047777,0.2207616630187533,0.09535589180589167,0.13202135890621672,0.006110301013124431,0.016723898428183163,0.0002796887786361873,0.3653634372011811
0.001,684,63.24554099807593,-0.2796765580341182,0.02514612882790445,0.0,0.05849050107572192,0.07198459356216369,0.01878236892791051,0.2845643529457648,0.09289313195440284,0.2207616680496302,0.09535589432648968,0.13202136033001188,0.006110300941753572,0.016723898428177612,0.00027968877863600165,0.3653634329337054
0.001,685,63.24554099807593,-0.2796765580340859,0.025146128169576603,0.0,0.058490499882556744,0.07198459132990657,0.01878236886405969,0.28456434915137363,0.0928931329953222,0.220761671856688,0.0953558962041602,0.1320213615463563,0.006110300889623374,0.016723898428173532,0.00027968877863586514,0.3653634298166865
0.001,686,63.24554099807593,-0.279676558034055,0.02514612714386185,0.0,0.0584904982990577,0.0719845881646907,0.018782371593021343,0.28456434614634807,0.09289313315075735,0.22076167536066788,0.0953558980546873,0.1320213620869077,0.0061103008337219395,0.016723898428169265,0.00027968877863572246,0.36536342647417186
0.001,687,63.24554099807593,-0.27967655803402974,0.025146126202054357,0.0,0.05849049688810716,0.071984585307229,0.01878237454029538,0.28456434384093865,0.09289313306455911,0.2207616781990267,0.0953558995860155,0.13202136237177406,0.006110300786346268,0.016723898428165677,0.00027968877863560244,0.3653634236414376
0.001,688,63.24554099807593,-0.2796765580340108,0.025146125495764438,0.0,0.05849049582999103,0.07198458316400679,0.018782376751049545,0.2845643421116236,0.09289313299989845,0.22076168032806046,0.0953559007342763,0.1320213625853292,0.00611030075081576,0.01672389842816299,0.00027968877863551245,0.3653634215169613
0.001,689,63.24554099807593,-0.2796765580339901,0.025146125061177516,0.0,0.05849049505633904,0.07198458170749088,0.018782376740592462,0.2845643396401867,0.09289313365640557,0.22076168279077157,0.09535590195932778,0.13202136338770845,0.006110300716827737,0.016723898428160338,0.00027968877863542377,0.3653634194847165
0.001,690,63.24554099807593,-0.2796765580339658,0.025146124857733793,0.0,0.05849049449712241,0.07198458082297254,0.018782374497627242,0.2845643362683057,0.09289313509224074,0.2207616857965772,0.0953559033450181,0.1320213648224021,0.006110300681673429,0.016723898428157507,0.00027968877863532917,0.3653634173827381
0.001,691,63.24554099807593,-0.27967655803394764,0.025146124706794025,0.0,0.058490494080439256,0.07198458015525833,0.018782372830906162,0.28456433372245016,0.09289313616310402,0.22076168804372254,0.09535590439110551,0.13202136590621982,0.0061103006552909005,0.016723898428155387,0.0002796887786352582,0.36536341580524984
0.001,692,63.24554099807593,-0.2796765580339278,0.025146124682106884,0.0,0.05849049378352191,0.07198457980349084,0.018782369973306453,0.28456433071647386,0.09289313764490359,0.22076169056265357,0.09535590551315294,0.13202136732038988,0.006110300628539874,0.016723898428153194,0.0002796887786351849,0.3653634142057289
0.001,693,63.24554099807593,-0.2796765580339117,0.02514612468098296,0.0,0.058490493563881474,0.071984579569006,0.018782367513910495,0.2845643282464044,0.09289313888970357,0.22076169261568546,0.09535590642112377,0.1320213684993018,0.006110300607106829,0.016723898428151432,0.00027968877863512594,0.36536341292418556
0.001,694,63.24554099807593,-0.279676558033897,0.02514612446799719,0.0,0.058490493124540285,0.07198457879841433,0.018782366776998332,0.2845643263302398,0.09289313957392352,0.22076169441428767,0.09535590727840239,0.13202136923519636,0.006110300584330559,0.01672389842814963,0.0002796887786350657,0.36536341156232527
0.001,695,63.24554099807593,-0.2796765580338837,0.025146124389135636,0.0,0.05849049285559515,0.07198457840305797,0.018782365291285835,0.2845643244166821,0.09289314043834708,0.2207616960842839,0.09535590803743746,0.1320213700841747,0.00611030056545189,0.016723898428148105,0.00027968877863501464,0.3653634104335149
0.001,696,63.24554099807593,-0.2796765580338735,0.025146124161672438,0.0,0.05849049246018263,0.07198457765895568,0.01878236533463631,0.28456432320474895,0.09289314074883391,0.22076169731275733,0.0953559086463465,0.13202137047186613,0.0061103005483546715,0.016723898428146776,0.0002796887786349702,0.36536340941122136
0.001,697,63.24554099807593,-0.2796765580338637,0.025146124011308467,0.0,0.058490492158193366,0.07198457712591678,0.018782364896165818,0.2845643219435051,0.0928931411888021,0.22076169850979285,0.09535590921744065,0.13202137094887478,0.006110300533056365,0.01672389842814557,0.0002796887786349298,0.3653634084964905
0.001,698,63.24554099807593,-0.2796765580338564,0.025146123909379987,0.0,0.05849049194402921,0.07198457675484468,0.018782364490260255,0.2845643209809218,0.09289314154172737,0.22076169941108967,0.09535590964394901,0.13202137132379793,0.0061103005217525985,0.016723898428144673,0.0002796887786348999,0.36536340782060506
0.001,699,63.24554099807593,-0.2796765580338497,0.025146123849456116,0.0,0.05849049178632249,0.07198457650435565,0.018782363885807514,0.2845643200543091,0.09289314193307478,0.22076170024262057,0.09535591002682552,0.1320213717172282,0.006110300511975048,0.01672389842814389,0.0002796887786348737,0.3653634072359768
0.001,700,63.24554099807593,-0.2796765580338433,0.02514612358279836,0.0,0.058490491397963605,0.0719845757119354,0.018782364785825144,0.28456431948499045,0.0928931418677172,0.22076170097571327,0.09535591042796832,0.13202137176508824,0.0061103004993072856,0.01672389842814294,0.0002796887786348419,0.3653634064785329
0.001,701,63.24554099807593,-0.27967655803383834,0.025146123502240027,0.0,0.058490491241376036,0.07198457543246382,0.01878236460674814,0.2845643188676962,0.09289314207474851,0.22076170156936914,0.09535591071230506,0.132021371993053,0.006110300491614514,0.01672389842814233,0.00027968877863482155,0.3653634060185594
0.001,702,63.24554099807593,-0.2796765580338332,0.02514612328063438,0.0,0.05849049092226719,0.07198457477805964,0.018782365394685047,0.28456431843572033,0.09289314200001828,0.22076170214473811,0.09535591103055129,0.13202137201332562,0.006110300481442093,0.01672389842814157,0.00027968877863479607,0.3653634054103195
0.001,703,63.24554099807593,-0.27967655803382907,0.025146123118515596,0.0,0.05849049068367399,0.07198457429408271,0.01878236591176919,0.28456431806124854,0.09289314197517992,0.22076170261465874,0.09535591128470641,0.1320213720561648,0.006110300473492761,0.01672389842814097,0.00027968877863477606,0.3653634049350049
0.001,704,63.24554099807593,-0.27967655803382446,0.025146123017351172,0.0,0.05849049050832011,0.07198457396550843,0.018782365928514157,0.2845643175273141,0.0928931421131901,0.22076170315946614,0.09535591155324052,0.13202137222709523,0.0061103004659232565,0.01672389842814038,0.00027968877863475633,0.36536340448240173
0.001,705,63.24554099807593,-0.279676558033819,0.0251461229712289,0.0,0.05849049038204773,0.07198457376916331,0.018782365400777646,0.28456431675830013,0.09289314244478879,0.22076170384822874,0.09535591186807017,0.13202137255739455,0.006110300457905509,0.01672389842813974,0.00027968877863473486,0.36536340400299716
0.001,706,63.24554099807593,-0.2796765580338149,0.02514612285655996,0.0,0.05849049019704512,0.0719845734108119,0.018782365577620863,0.2845643163091273,0.09289314252181073,0.22076170433540254,0.09535591211527286,0.13202137267634861,0.006110300450679949,0.016723898428139185,0.00027968877863471627,0.3653634035709593
0.001,707,63.24554099807593,-0.2796765580338111,0.025146122856071998,0.0,0.05849049014523505,0.07198457335799348,0.01878236498892547,0.2845643157283865,0.09289314281797816,0.22076170482238147,0.09535591232824536,0.13202137295478245,0.006110300445620049,0.01672389842813877,0.00027968877863470234,0.3653634032684133
0.001,708,63.24554099807593,-0.27967655803380764,0.02514612280625779,0.0,0.05849049004204991,0.07198457317937157,0.018782364802170104,0.2845643152743855,0.09289314298373766,0.2207617052508642,0.09535591253041963,0.13202137313074358,0.0061103004402320495,0.01672389842813834,0.00027968877863468813,0.365363402946249
0.001,709,63.24554099807593,-0.2796765580338049,0.025146122768575533,0.0,0.05849048996358298,0.07198457304390558,0.01878236465590692,0.2845643149263088,0.09289314311158052,0.22076170557895636,0.09535591268505719,0.13202137326612595,0.006110300436115507,0.016723898428138016,0.0002796887786346772,0.36536340270010886
0.001,710,63.24554099807593,-0.2796765580338024,0.02514612274907984,0.0,0.058490489907421776,0.07198457295815268,0.018782364400475444,0.284564314569627,0.09289314326795979,0.22076170589661592,0.09535591282972199,0.13202137342094544,0.0061103004324515224,0.01672389842813772,0.00027968877863466737,0.36536340248102855
0.001,711,63.24554099807593,-0.27967655803380054,0.025146122734458445,0.0,0.05849048986530187,0.07198457289383861,0.018782364208901853,0.28456431430211276,0.0928931433852433,0.22076170613485824,0.09535591293822221,0.13202137353706253,0.006110300429703535,0.0167238984281375,0.00027968877863465995,0.3653634023167184
0.001,712,63.24554099807593,-0.279676558033799,0.02514612272510311,0.0,0.05849048983399461,0.07198457284831461,0.0187823640359619,0.28456431408152116,0.09289314348555944,0.2207617063287149,0.09535591302573819,0.13202137363509192,0.006110300427515786,0.01672389842813732,0.00027968877863465404,0.3653634021859065
0.001,713,63.24554099807593,-0.2796765580337977,0.025146122720154134,0.0,0.05849048981087818,0.07198457281765491,0.018782363868697194,0.28456431389045933,0.09289314357665092,0.22076170649357707,0.09535591309926326,0.13202137372266481,0.006110300425712263,0.016723898428137176,0.00027968877863464916,0.36536340207806867
0.001,714,63.24554099807593,-0.2796765580337968,0.0251461227164429,0.0,0.05849048979354157,0.0719845727946592,0.018782363743250874,0.2845643137471611,0.09289314364496942,0.22076170661722563,0.09535591315440534,0.13202137378834386,0.00611030042435963,0.01672389842813707,0.0002796887786346455,0.36536340199719075
0.001,715,63.24554099807593,-0.279676558033796,0.025146122714245482,0.0,0.05849048978066212,0.07198457277834161,0.018782363638889788,0.28456431363245305,0.09289314370055052,0.22076170671529619,0.09535591319800253,0.13202137384155857,0.006110300423299946,0.01672389842813698,0.0002796887786346426,0.3653634019338292
0.001,716,63.24554099807593,-0.27967655803379543,0.02514612271310893,0.0,0.05849048977106906,0.07198457276703413,0.01878236355088841,0.2845643135400519,0.09289314374633832,0.2207617067938841,0.09535591323264668,0.13202137388497837,0.006110300422463848,0.016723898428136916,0.0002796887786346404,0.36536340188383637
0.001,717,63.24554099807593,-0.27967655803379493,0.025146122712266544,0.0,0.05849048976389095,0.07198457275852675,0.01878236348498296,0.2845643134706471,0.09289314378064215,0.22076170685278093,0.09535591325867153,0.13202137391759092,0.006110300421836667,0.01672389842813686,0.0002796887786346386,0.36536340184633553
0.001,718,63.24554099807593,-0.27967655803379454,0.025146122712556354,0.0,0.05849048975867005,0.07198457275369775,0.018782363418819007,0.284564313407177,0.09289314381343454,0.22076170690563038,0.0953559132817039,0.13202137394831084,0.006110300421293788,0.01672389842813682,0.0002796887786346371,0.36536340181387517
0.001,719,63.24554099807593,-0.27967655803379426,0.02514612271271255,0.0,0.05849048975474359,0.07198457274997302,0.0187823633703068,0.28456431336033217,0.0928931438375599,0.22076170694469158,0.09535591329874499,0.1320213739709353,0.006110300420891439,0.016723898428136784,0.00027968877863463604,0.3653634017898176
0.001,720,63.24554099807593,-0.279676558033794,0.025146122712892856,0.0,0.058490489751809885,0.07198457274728581,0.01878236333277574,0.2845643133244161,0.09289314385613806,0.22076170697458208,0.09535591331176661,0.1320213739883327,0.00611030042058471,0.01672389842813676,0.00027968877863463517,0.3653634017714774
0.001,721,63.24554099807593,-0.27967655803379377,0.02514612271417141,0.0,0.05849048974981142,0.07198457274719514,0.01878236328386644,0.2845643132833159,0.09289314387883582,0.2207617070077644,0.095355913325892,0.13202137400914737,0.006110300420264724,0.016723898428136732,0.0002796887786346343,0.36536340175234455
0.001,722,63.24554099807593,-0.27967655803379354,0.025146122715130233,0.0,0.05849048974831232,0.07198457274712698,0.018782363247184488,0.28456431325249143,0.09289314389585934,0.22076170703265166,0.0953559133364856,0.13202137402475778,0.006110300420024734,0.01672389842813671,0.0002796887786346336,0.36536340173799486
0.001,723,63.24554099807593,-0.2796765580337934,0.025146122716127584,0.0,0.058490489747237286,0.07198457274754426,0.018782363214621994,0.28456431322592673,0.0928931439107591,0.22076170705393558,0.09535591334549169,0.13202137403835562,0.00611030041982286,0.016723898428136697,0.00027968877863463306,0.36536340172592413
0.001,724,63.24554099807593,-0.2796765580337932,0.02514612271677911,0.0,0.05849048974641399,0.07198457274769479,0.018782363191952398,0.28456431320719855,0.09289314392119417,0.22076170706898995,0.09535591335187836,0.13202137404789854,0.006110300419679045,0.016723898428136683,0.0002796887786346326,0.3653634017173251
0.001,725,63.24554099807593,-0.2796765580337932,0.02514612271677911,0.0,0.05849048974641399,0.07198457274769479,0.018782363191952398,0.28456431320719855,0.09289314392119417,0.22076170706898995,0.09535591335187836,0.13202137404789854,0.006110300419679045,0.016723898428136683,0.0002796887786346326,0.3653634017173251
0.001,726,63.24554099807593,-0.2796765580337931,0.025146122718257724,0.0,0.05849048974384719,0.07198457274733187,0.01878236313243642,0.2845643131567617,0.09289314394892609,0.22076170710979545,0.09535591336927812,0.1320213740733654,0.006110300419283759,0.016723898428136656,0.00027968877863463165,0.3653634016936897
0.001,727,63.24554099807593,-0.279676558033793,0.02514612271911682,0.0,0.05849048974243521,0.07198457274720109,0.018782363098773583,0.2845643131283587,0.09289314396457854,0.22076170713274948,0.0953559133790575,0.13202137408772913,0.006110300419061921,0.016723898428136638,0.0002796887786346311,0.3653634016804254
0.001,728,63.24554099807593,-0.27967655803379254,0.025146122720344017,0.0,0.058490489739629094,0.07198457274621824,0.01878236304157067,0.2845643130788212,0.09289314399151372,0.22076170717304136,0.09535591339630989,0.13202137411255174,0.006110300418667175,0.0167238984281366,0.00027968877863462986,0.36536340165682246
0.001,729,63.24554099807593,-0.27967655803379193,0.025146122722167017,0.0,0.05849048973513033,0.07198457274442503,0.018782362952780428,0.2845643130014814,0.09289314403344114,0.22076170723603503,0.09535591342331227,0.13202137415122717,0.006110300418048192,0.016723898428136548,0.00027968877863462807,0.3653634016198118
0.001,730,63.24554099807593,-0.27967655803379166,0.02514612272410216,0.0,0.0584904897318565,0.07198457274403619,0.018782362875875494,0.28456431293644163,0.09289314406923994,0.22076170728862704,0.09535591344572933,0.13202137418409163,0.0061103004175392835,0.016723898428136506,0.0002796887786346267,0.36536340158938263
0.001,731,63.24554099807593,-0.27967655803379105,0.02514612272651906,0.0,0.058490489727057664,0.0719845727428344,0.018782362771623352,0.28456431284714534,0.09289314411806787,0.2207617073610618,0.0953559134766804,0.13202137422900995,0.006110300416833636,0.016723898428136447,0.0002796887786346247,0.36536340154719
0.001,732,63.24554099807593,-0.2796765580337905,0.0251461227293208,0.0,0.058490489722115166,0.07198457274206706,0.018782362657939165,0.2845643127506792,0.09289314417107244,0.22076170743913084,0.09535591350997873,0.13202137427769653,0.006110300416076846,0.016723898428136385,0.00027968877863462265,0.3653634015019393
0.001,733,63.24554099807593,-0.2796765580337901,0.025146122731422107,0.0,0.05849048971840834,0.07198457274149159,0.018782362572675973,0.28456431267832877,0.09289314421082613,0.22076170749768323,0.09535591353495258,0.13202137431421124,0.006110300415509251,0.01672389842813634,0.00027968877863462113,0.36536340146800117
0.001,734,63.24554099807593,-0.2796765580337897,0.025146122732998086,0.0,0.058490489715628195,0.07198457274105996,0.0187823625087286,0.2845643126240663,0.09289314424064127,0.22076170754159724,0.09535591355368292,0.13202137434159736,0.006110300415083555,0.0167238984281363,0.0002796887786346199,0.36536340144254764
0.001,735,63.24554099807593,-0.2796765580337888,0.025146122737603645,0.0,0.05849048970863796,0.0719845727409432,0.018782362334957163,0.2845643124783806,0.09289314432119336,0.2207617076591442,0.09535591360369935,0.13202137441544046,0.0061103004139514555,0.016723898428136208,0.00027968877863461674,0.3653634013748562
0.001,736,63.24554099807593,-0.2796765580337879,0.0251461227417101,0.0,0.058490489701002096,0.07198457273942364,0.018782362163807378,0.2845643123325431,0.09289314440115282,0.22076170777729315,0.09535591365413275,0.13202137448893478,0.006110300412803603,0.01672389842813611,0.0002796887786346135,0.3653634013062228
0.001,737,63.24554099807593,-0.2796765580337871,0.025146122745878383,0.0,0.058490489695452785,0.07198457274010205,0.018782362015513775,0.28456431220951917,0.09289314446954973,0.22076170787629,0.09535591369616687,0.13202137455152715,0.006110300411855677,0.01672389842813603,0.00027968877863461083,0.36536340124954364
0.001,738,63.24554099807593,-0.27967655803378655,0.02514612274910403,0.0,0.05849048969100313,0.0719845727404704,0.018782361898962253,0.28456431211255256,0.09289314452337943,0.22076170795437547,0.09535591372934114,0.1320213746008115,0.0061103004111068004,0.01672389842813597,0.00027968877863460877,0.3653634012047662
0.001,739,63.24554099807593,-0.27967655803378594,0.02514612275230724,0.0,0.05849048968566434,0.071984572739908,0.01878236177259185,0.28456431200580806,0.09289314458217038,0.22076170804066578,0.09535591376611237,0.1320213746547719,0.006110300410272352,0.016723898428135903,0.0002796887786346065,0.36536340115487204
0.001,740,63.24554099807593,-0.27967655803378555,0.02514612275379767,0.0,0.05849048968286933,0.071984572739332,0.018782361710202186,0.28456431195260784,0.09289314461132821,0.22076170808377296,0.0953559137845148,0.13202137468157493,0.006110300409853411,0.016723898428135868,0.0002796887786346053,0.36536340112982235
0.001,741,63.24554099807593,-0.27967655803378516,0.025146122755630378,0.0,0.05849048967888721,0.07198457273807295,0.0187823616271871,0.28456431188099546,0.09289314465034386,0.22076170814196452,0.09535591380941132,0.1320213747175071,0.006110300409284461,0.01672389842813582,0.00027968877863460373,0.3653634010958033
0.001,742,63.24554099807593,-0.27967655803378483,0.0251461227579057,0.0,0.058490489675596946,0.07198457273817926,0.018782361543222256,0.2845643118108722,0.09289314468919371,0.22076170819848692,0.09535591383344344,0.13202137475309952,0.006110300408741244,0.016723898428135774,0.00027968877863460227,0.36536340106332277
0.001,743,63.24554099807593,-0.2796765580337842,0.025146122760501818,0.0,0.058490489671211725,0.07198457273766337,0.018782361440130266,0.28456431172369334,0.0928931447371803,0.2207617082689789,0.09535591386348855,0.13202137479715173,0.0061103004080591775,0.01672389842813572,0.00027968877863460037,0.36536340102254006
0.001,744,63.24554099807593,-0.2796765580337835,0.02514612276430587,0.0,0.058490489665263164,0.07198457273738942,0.018782361294580854,0.28456431160137224,0.09289314480472785,0.2207617083677326,0.09535591390552892,0.1320213748590991,0.0061103004071068265,0.01672389842813564,0.0002796887786345977,0.3653634009655963
0.001,745,63.24554099807593,-0.27967655803378294,0.025146122767158934,0.0,0.058490489660801795,0.07198457273718395,0.018782361185418723,0.2845643115096302,0.09289314485538884,0.22076170844179874,0.09535591393705938,0.13202137490555954,0.006110300406392559,0.01672389842813558,0.00027968877863459576,0.36536340092288816
0.001,746,63.24554099807593,-0.2796765580337819,0.02514612277229223,0.0,0.05849048965315933,0.07198457273720271,0.01878236099345339,0.28456431134893617,0.092893144944309,0.22076170857140226,0.09535591399219018,0.13202137498705466,0.006110300405145383,0.016723898428135472,0.0002796887786345922,0.36536340084831603
0.001,747,63.24554099807593,-0.27967655803378033,0.02514612278001787,0.0,0.058490489642077495,0.07198457273725467,0.0187823607101283,0.2845643111108531,0.09289314507550574,0.22076170876247314,0.09535591407386267,0.13202137510782685,0.006110300403304521,0.01672389842813532,0.000279688778634587,0.36536340073824564
0.001,748,63.24554099807593,-0.27967655803377944,0.025146122784358096,0.0,0.0584904896334289,0.07198457273508373,0.018782360522523012,0.28456431095019236,0.09289314516337849,0.2207617088928442,0.09535591412955167,0.1320213751886395,0.006110300402034529,0.016723898428135216,0.0002796887786345835,0.36536340066230916
0.001,749,63.24554099807593,-0.2796765580337782,0.025146122791253465,0.0,0.05849048962381078,0.07198457273547651,0.018782360272667498,0.28456431074097416,0.0928931452789282,0.2207617090607855,0.09535591420123274,0.1320213752948712,0.006110300400419358,0.01672389842813508,0.00027968877863457906,0.3653634005657335
0.001,750,63.24554099807593,-0.2796765580337769,0.025146122797866627,0.0,0.05849048961283703,0.07198457273414874,0.01878236001272066,0.28456431052060016,0.09289314539992102,0.22076170923848193,0.0953559142771895,0.13202137540623438,0.006110300398698507,0.016723898428134938,0.0002796887786345743,0.3653634004628389
0.001,751,63.24554099807593,-0.2796765580337759,0.025146122802826534,0.0,0.05849048960460678,0.07198457273315288,0.018782359817760448,0.2845643103553183,0.092893145490666,0.2207617093717552,0.09535591433415726,0.13202137548975662,0.006110300397407868,0.01672389842813483,0.0002796887786345707,0.3653634003856679
0.001,752,63.24554099807593,-0.27967655803377495,0.025146122806452908,0.0,0.05849048959853746,0.07198457273236955,0.018782359674623918,0.28456431023387846,0.09289314555731225,0.22076170946968904,0.09535591437602736,0.13202137555110882,0.0061103003964590764,0.016723898428134747,0.0002796887786345679,0.36536340032893705
0.001,753,63.24554099807593,-0.2796765580337739,0.02514612281278747,0.0,0.058490489588835765,0.07198457273202954,0.018782359434772085,0.28456431003227584,0.09289314566856784,0.2207617096321983,0.09535591444528749,0.13202137565324568,0.00611030039489213,0.016723898428134622,0.00027968877863456367,0.3653634002352447
0.001,754,63.24554099807593,-0.27967655803377295,0.025146122817590242,0.0,0.0584904895815459,0.0719845727316712,0.018782359253985217,0.2845643098797503,0.0928931457524583,0.22076170975478937,0.09535591449771232,0.13202137573049716,0.0061103003937083775,0.016723898428134522,0.00027968877863456036,0.36536340016446484
0.001,755,63.24554099807593,-0.27967655803377217,0.02514612282128899,0.0,0.05849048957575106,0.0719845727313389,0.018782359112438078,0.28456430976055097,0.0928931458181734,0.2207617098509154,0.09535591453869659,0.13202137579084644,0.0061103003927805745,0.016723898428134442,0.0002796887786345577,0.3653634001089889
0.001,756,63.24554099807593,-0.27967655803377117,0.025146122826826905,0.0,0.0584904895676817,0.07198457273136993,0.018782358907673314,0.2845643095887643,0.09289314591300438,0.22076170998906955,0.0953559145976298,0.13202137587798013,0.006110300391450205,0.016723898428134334,0.00027968877863455407,0.36536340002944223
0.001,757,63.24554099807593,-0.27967655803377034,0.02514612283061211,0.0,0.058490489562141146,0.07198457273135442,0.018782358767445807,0.284564309471033,0.09289314597796221,0.22076171008373818,0.09535591463802788,0.13202137593768504,0.006110300390538258,0.016723898428134255,0.0002796887786345514,0.3653633999749144
0.001,758,63.24554099807593,-0.2796765580337695,0.025146122835593882,0.0,0.05849048955485729,0.0719845727314133,0.018782358582854885,0.28456430931635707,0.092893146063441,0.22076171020825336,0.09535591469108318,0.13202137601614605,0.00611030038933978,0.016723898428134158,0.00027968877863454816,0.36536339990325395
0.001,759,63.24554099807593,-0.27967655803376873,0.02514612283872037,0.0,0.058490489549282314,0.07198457273042633,0.018782358455433888,0.2845643092078539,0.09289314612290123,0.2207617102959404,0.09535591472856798,0.13202137607087336,0.006110300388488454,0.016723898428134085,0.0002796887786345457,0.3653633998523508
0.001,760,63.24554099807593,-0.2796765580337682,0.02514612284172431,0.0,0.05849048954522046,0.07198457273079924,0.018782358347935006,0.2845643091183488,0.09289314617253101,0.22076171036788217,0.09535591475918044,0.13202137611637837,0.006110300387798425,0.016723898428134026,0.00027968877863454377,0.365363399811092
0.001,761,63.24554099807593,-0.27967655803376784,0.025146122844243127,0.0,0.05849048954148736,0.07198457273078603,0.018782358254008938,0.2845643090395914,0.09289314621604526,0.22076171043131612,0.09535591478620638,0.1320213761563154,0.006110300387187604,0.01672389842813398,0.0002796887786345422,0.36536339977456916
0.001,762,63.24554099807593,-0.27967655803376734,0.025146122845043587,0.0,0.05849048953686364,0.07198457272730625,0.01878235818445765,0.28456430897548746,0.09289314624980584,0.22076171048416193,0.09535591480910503,0.13202137618776855,0.006110300386654192,0.016723898428133935,0.0002796887786345407,0.36536339974267495
0.001,763,63.24554099807593,-0.27967655803376695,0.025146122847502086,0.0,0.05849048953529627,0.07198457272939857,0.01878235811675324,0.28456430892223533,0.0928931462802406,0.22076171052633198,0.09535591482683237,0.1320213762154094,0.0061103003862630345,0.016723898428133897,0.0002796887786345395,0.3653633997192866
0.001,764,63.24554099807593,-0.27967655803376673,0.025146122848486108,0.0,0.05849048953286975,0.0719845727284178,0.018782358068871918,0.2845643088804707,0.09289314630285539,0.22076171056031935,0.09535591484141695,0.13202137623629193,0.006110300385928893,0.016723898428133873,0.0002796887786345386,0.36536339969930726
0.001,765,63.24554099807593,-0.27967655803376645,0.02514612284922413,0.0,0.05849048953104986,0.0719845727276822,0.01878235803296092,0.2845643088491472,0.09289314631981647,0.2207617105858099,0.0953559148523554,0.13202137625195376,0.006110300385678285,0.01672389842813385,0.00027968877863453786,0.3653633996843228
0.001,766,63.24554099807593,-0.2796765580337664,0.025146122849777908,0.0,0.05849048952968438,0.07198457272713034,0.018782358006015867,0.2845643088256443,0.09289314633254284,0.22076171060493613,0.09535591486056282,0.13202137626370522,0.00611030038549025,0.016723898428133835,0.0002796887786345374,0.36536339967307957
